"state","id","lat","lon","a.land.m2","pop.2010","h.units.2010","res.area.m2","com.area.m2","ind.area.m2","res.area.natgas.m2","res.area.fok.m2","res.area.othergas.m2","res.area.elec.m2","res.area.other.m2","frac.natgas.res","frac.fok.res","frac.othergas.res","frac.elec.res","frac.other.res","frac.natgas.com","frac.fok.com","frac.othergas.com","frac.elec.com","frac.other.com","hdd65","cdd65","acpen","frac.ff.res","frac.ff.com","acpen.res","acpen.com","t.min","t.max","tadj.rcp26","tadj.rcp45","nerc.subregion","hd_183C_10yr","hd_167C_10yr","hd_183C_2010","hd_167C_2010","res.area.adj.m2","htg.slope.res.btu.m2.degC.adj"
"WY",56001962700,41.3030705,-105.6327424,635524992,3368,1484,181890.771441265,37996.5077148068,7995.70023143207,114747.242257467,0,33440.6248864618,14031.9484817703,19670.9558155658,0.630857966834895,0,0.183850036049027,0.0771449170872386,0.108147080028839,0.739005046863734,0,0.183850036049027,0.0771449170872386,0,8767,70,0.130507510597075,0.814708002883922,0.922855082912761,0.130507510597075,1,-39.4,33.3,0.883641509433962,1.39297183098591,7,1178019.9,1059067.3,123112.8,111216.8,238448.257659838,3.25730315470256
"WY",56001962800,41.3181225,-105.6280523,7077444,3285,1563,185318.153159598,27919.5007219191,1488.3995945497,127767.874372482,0,1720.25289852791,52389.5200915318,3440.50579705582,0.689451476793249,0,0.00928270042194093,0.282700421940928,0.0185654008438819,0.708016877637131,0,0.00928270042194093,0.282700421940928,0,8767,70,0.130507510597075,0.69873417721519,0.717299578059072,0.130507510597075,1,-39.4,33.3,0.883641509433962,1.39297183098591,7,1178019.9,1059067.3,123112.8,111216.8,242941.356416833,3.25730315470256
"WY",56001962900,41.3239526,-105.6039229,7115636,1809,924,100278.610206972,27263.8830396087,1588.6419747097,87277.4375194841,0,3052.44923967108,5539.63010162529,3617.71761738794,0.870349492671928,0,0.0304396843291995,0.0552423900789177,0.0360766629086809,0.906426155580609,0,0.0304396843291995,0.0552423900789177,0,8767,70,0.130507510597075,0.900789177001127,0.936865839909809,0.130507510597075,1,-39.4,33.3,0.883641509433962,1.39297183098591,7,1178019.9,1059067.3,123112.8,111216.8,131459.445110572,3.25730315470256
"WY",56001963000,41.333679,-105.587904,3602950,2509,1307,123104.331820986,52915.0628758303,3657.12814916133,84188.8929995701,0,986.588589838712,37928.8502315771,0,0.683882457702582,0,0.00801424755120214,0.308103294746216,0,0.683882457702582,0,0.00801424755120214,0.308103294746216,0,8767,70,0.130507510597075,0.691896705253784,0.691896705253784,0.130507510597075,1,-39.4,33.3,0.883641509433962,1.39297183098591,7,1178019.9,1059067.3,123112.8,111216.8,161382.643003257,3.25730315470256
"WY",56001963100,41.3281129,-105.5609894,6954735,7020,3342,391121.329532293,22962.0088250002,1440.36872751485,289392.791658306,0,3272.38653300936,92622.7666516997,5833.38468927755,0.739905420152783,0,0.00836667879228811,0.236813386686068,0.0149145143688614,0.754819934521644,0,0.00836667879228811,0.236813386686068,0,8767,70,0.130507510597075,0.748272098945071,0.763186613313932,0.130507510597075,1,-39.4,33.3,0.883641509433962,1.39297183098591,7,1178019.9,1059067.3,123112.8,111216.8,512737.390806494,3.25730315470256
"WY",56001963400,41.3136531,-105.5884012,1327845,3498,1904,170393.00161796,112895.401742061,5944.02939759485,128553.044676168,0,3836.0728112944,37111.774174383,892.109956114976,0.754450261780105,0,0.0225130890052356,0.217801047120419,0.00523560209424084,0.759685863874346,0,0.0225130890052356,0.217801047120419,0,8767,70,0.130507510597075,0.776963350785341,0.782198952879582,0.130507510597075,1,-39.4,33.3,0.883641509433962,1.39297183098591,7,1178019.9,1059067.3,123112.8,111216.8,223375.347915067,3.25730315470256
"WY",56001963500,41.3144554,-105.56929,2224927,2826,498,39378.625850694,121769.410273544,729.103062565152,27037.7459544651,1907.22689305356,0,10433.6530031753,0,0.686609686609687,0.0484330484330484,0,0.264957264957265,0,0.686609686609687,0.0484330484330484,0,0.264957264957265,0,8767,70,0.130507510597075,0.735042735042735,0.735042735042735,0.130507510597075,1,-39.4,33.3,0.883641509433962,1.39297183098591,7,1178019.9,1059067.3,123112.8,111216.8,51623.0958213772,3.25730315470256
"WY",56001963600,41.3063157,-105.577815,2020972,4617,2286,280235.323828722,58974.4780590661,2586.97811501407,239951.496028343,0,5119.68380071703,27484.6182985862,5389.14084286003,0.85625,0,0.0182692307692308,0.0980769230769231,0.0192307692307692,0.875480769230769,0,0.0182692307692308,0.0980769230769231,0,8767,70,0.130507510597075,0.874519230769231,0.89375,0.130507510597075,1,-39.4,33.3,0.883641509433962,1.39297183098591,7,1178019.9,1059067.3,123112.8,111216.8,367372.265080952,3.25730315470256
"WY",56001963700,41.3006252,-105.5246876,32498685,5226,2461,282084.482884254,117245.217562464,2360.01594741673,187084.095738597,0,3750.01528206542,82083.6678407653,7916.69892880477,0.663220088626292,0,0.0132939438700148,0.290989660265879,0.0280649926144756,0.691285081240768,0,0.0132939438700148,0.290989660265879,0,8767,70,0.130507510597075,0.676514032496307,0.704579025110783,0.130507510597075,1,-39.4,33.3,0.883641509433962,1.39297183098591,7,1178019.9,1059067.3,123112.8,111216.8,369796.405412172,3.25730315470256
"WY",56001963900,41.6655141,-105.7218826,10370845710,2141,2170,311616.765233662,33335.0969451566,12478.2720888769,57199.9242489717,0,113347.089155938,43514.0528028987,97555.6990258536,0.183558558558559,0,0.363738738738739,0.13963963963964,0.313063063063063,0.496621621621622,0,0.363738738738739,0.13963963963964,0,8767,70,0.130507510597075,0.547297297297298,0.860360360360361,0.130507510597075,1,-39.4,33.3,0.883641509433962,1.39297183098591,7,1178019.9,1059067.3,123112.8,111216.8,408511.515668377,3.25730315470256
"WY",56003962600,44.3363742,-107.8097899,3940385375,2542,1348,165855.621735629,51094.5351966349,5645.4391385185,96928.6101052375,0,22036.7609299087,14912.0938623442,31978.1568381382,0.584415584415584,0,0.132867132867133,0.0899100899100899,0.192807192807193,0.777222777222777,0,0.132867132867133,0.0899100899100899,0,7623,505,0.724696502688407,0.717282717282717,0.91008991008991,0.724696502688407,1,-37.2,40,0.901924528301887,1.42219718309859,6,1058064.43333333,953797.1,105180.5,94480.55,217427.105908562,3.95042188919557
"WY",56003962700,44.5870727,-108.0883798,2315632241,3555,1641,217065.626344576,59060.5987256373,14658.3343898016,127524.148716841,0,44847.0092377409,26694.6483557982,17999.8200341953,0.587491215741391,0,0.206605762473647,0.122979620520028,0.0829234012649332,0.670414617006324,0,0.206605762473647,0.122979620520028,0,7751,670,0.830101847111882,0.794096978215038,0.877020379479971,0.830101847111882,1,-37.2,40,0.893849056603774,1.42960563380282,6,1058064.43333333,953797.1,105180.5,94480.55,284560.453450049,3.87287014267887
"WY",56003962800,44.8408508,-108.2675775,1869026114,5571,2390,303583.81167844,75033.6969997639,16537.0194983852,225078.153359333,0,11582.8020470813,35177.3988096544,31745.457462371,0.741403674046161,0,0.0381535562882713,0.115873763542157,0.10456900612341,0.845972680169571,0,0.0381535562882713,0.115873763542157,0,7797,448,0.676118175183647,0.779557230334432,0.884126236457842,0.676118175183647,1,-37.2,40,0.893849056603774,1.42960563380282,6,1050301.56666667,945239.4,105180.5,94480.55,397980.779205347,3.84499998377443
"WY",56005000100,43.8877273,-105.5519021,6437876917,8924,3720,473020.845534533,51736.86654206,18237.0522970225,155389.38504443,0,201876.555063681,76120.4258084154,35189.4912496324,0.32850430696946,0,0.426781519185591,0.160924040720439,0.0743931088488645,0.402897415818325,0,0.426781519185591,0.160924040720439,0,7881,417,0.646563532784636,0.755285826155051,0.829678935003916,0.646563532784636,1,-32.2,40,0.904132075471699,1.42349295774648,7,1016645.35,907233.4,103080.25,91928.25,620102.908799386,3.79410665012285
"WY",56005000200,44.2622761,-105.4045602,88282328,6441,2452,315899.793475743,87182.0715799726,21933.0143795609,130690.677806445,0,59279.2028593276,105658.268308853,20271.6445011172,0.413709285367039,0,0.187651920272241,0.334467671366067,0.0641711229946524,0.477880408361691,0,0.187651920272241,0.334467671366067,0,7375,522,0.737840752057655,0.60136120563928,0.665532328633932,0.737840752057655,1,-32.2,40,0.945169811320755,1.4456338028169,7,1018455.95,909039.4,103080.25,91928.25,414126.317418568,4.10067839807168
"WY",56005000300,44.2820069,-105.4379511,25255736,5487,2277,254733.259314708,96425.9229293426,10641.9506188175,130158.396990321,992.628385054876,12904.1690057134,105342.687363949,5335.37756966996,0.510959571358987,0.00389673648319532,0.0506575742815392,0.413541159279104,0.0209449585971749,0.531746006144641,0.00405526029471604,0.0506575742815392,0.413541159279104,0,7375,522,0.737840752057655,0.565513882123721,0.586458840720896,0.737840752057655,1,-32.2,40,0.945169811320755,1.4456338028169,7,1018455.95,909039.4,103080.25,91928.25,333940.536786485,4.10067839807168
"WY",56005000400,44.2864065,-105.4947535,3733447,4394,2086,240179.164947032,104056.142568899,6658.08227266044,158355.83262645,0,9720.36579447517,63489.984176572,3814.32075479405,0.659323770491803,0,0.0404713114754098,0.264344262295082,0.0158811475409836,0.675204918032787,0,0.0404713114754098,0.264344262295082,0,7375,522,0.737840752057655,0.699795081967213,0.715676229508197,0.737840752057655,1,-32.2,40,0.945169811320755,1.4456338028169,7,1018455.95,909039.4,103080.25,91928.25,314860.962730635,4.10067839807168
"WY",56005000500,44.2692262,-105.5651062,35276347,6365,2323,337390.124305782,33042.0806297195,3381.57785701141,258286.791886676,0,17133.7177506971,60528.4608389111,1441.15382949788,0.765543426672995,0,0.0507831039392501,0.179401993355482,0.00427147603227337,0.769814902705268,0,0.0507831039392501,0.179401993355482,0,7375,522,0.737840752057655,0.816326530612245,0.820598006644518,0.737840752057655,1,-32.2,40,0.945169811320755,1.4456338028169,7,1018455.95,909039.4,103080.25,91928.25,442298.895402334,4.10067839807168
"WY",56005000600,44.3064983,-105.5294137,20564686,5694,2483,274178.511582422,104486.37737955,13894.114086813,179354.406207406,0,14169.1191939679,59825.1699300868,15501.2586053666,0.654151943462898,0,0.051678445229682,0.218197879858657,0.0565371024734982,0.710689045936396,0,0.051678445229682,0.218197879858657,0,7545,502,0.722315281918057,0.70583038869258,0.762367491166078,0.722315281918057,1,-32.2,40,0.945169811320755,1.4456338028169,7,1018455.95,909039.4,103080.25,91928.25,359432.135322531,3.99767998472919
"WY",56005000700,44.6514742,-105.5491564,5827969828,8828,3614,408955.09499749,88642.0426120247,41403.1689699094,133727.780081093,0,150745.243077384,93127.0612789174,29345.0739857308,0.32699868938401,0,0.368610747051114,0.227719528178244,0.0717562254259502,0.39875491480996,0,0.368610747051114,0.227719528178244,0,7350,513,0.730955417134089,0.695609436435124,0.767365661861074,0.730955417134089,1,-32.2,40,0.945169811320755,1.4456338028169,7,1018455.95,909039.4,103080.25,91928.25,536116.423557826,4.11582522356322
"WY",56007967600,41.7068338,-107.3673125,8642483714,2326,1048,146481.151404079,29613.7732830963,5783.77172884631,74749.4940604017,0,28321.236880028,14857.0422977196,28553.3781659298,0.510301109350238,0,0.193343898573693,0.101426307448494,0.194928684627575,0.705229793977813,0,0.193343898573693,0.101426307448494,0,7903,208,0.378610913350309,0.703645007923931,0.898573692551506,0.378610913350309,1,-37.2,35,0.873509433962264,1.42854929577465,6,1100298.85714286,986134.614285714,113032.05,101486.55,192028.298387796,3.78077744369029
"WY",56007967700,41.8145831,-107.195162,25596459,4413,1916,231164.220131125,61108.3686017022,2136.67697979878,157586.340308901,0,2396.21447696898,70194.9887959149,986.676549340169,0.681707317073171,0,0.0103658536585366,0.303658536585366,0.00426829268292683,0.685975609756098,0,0.0103658536585366,0.303658536585366,0,8392,186,0.342690215599679,0.692073170731708,0.696341463414635,0.342690215599679,1,-37.2,35,0.873509433962264,1.42854929577465,6,1098505.80714286,984472.264285714,113032.05,101486.55,303042.892648137,3.48450553707571
"WY",56007967800,41.8058011,-107.2515902,27942330,4326,2134,285747.178433894,78072.6484935649,1843.47503851352,214811.109021274,0,8846.14512675021,44230.7256337511,15355.5726728494,0.751752336448598,0,0.0309579439252336,0.154789719626168,0.0537383177570093,0.805490654205607,0,0.0309579439252336,0.154789719626168,0,7903,208,0.378610913350309,0.782710280373832,0.83644859813084,0.378610913350309,1,-37.2,35,0.873509433962264,1.42854929577465,6,1100344.25714286,986164.114285714,113032.05,101486.55,374597.986961526,3.78077744369029
"WY",56007968000,41.2882699,-106.8031476,4851674141,3181,2239,313863.637477457,64594.4615165734,12915.1947162428,123624.267056989,2923.54685607744,72253.3723001996,57426.8132443783,57635.6380198124,0.393878908848969,0.00931470392548237,0.23020625415835,0.182967398536261,0.183632734530938,0.573269302978202,0.0135570443271872,0.23020625415835,0.182967398536261,0,7967,164,0.305264519824539,0.633399866932801,0.817032601463739,0.305264519824539,1,-37.2,35,0.872603773584906,1.4039014084507,6,1102320.44047619,986848.247619047,112634.45,101098.15,411457.034935088,3.74200157043194
"WY",56007968100,41.9723619,-106.4609674,6906935328,1639,1239,151440.499180435,14964.7288786372,5268.15977230454,72455.5378554513,0,22537.0422980619,30751.4782758602,25696.4407510612,0.478442280945758,0,0.148817802503477,0.203059805285118,0.169680111265647,0.648122392211405,0,0.148817802503477,0.203059805285118,0,8823,107,0.201759479247268,0.627260083449235,0.796940194714882,0.201759479247268,1,-37.2,35,0.872603773584906,1.4039014084507,6,1097412.64047619,982181.447619048,112634.45,101098.15,198529.715843068,3.2233742656015
"WY",56009956400,42.7898291,-105.3156207,121077321,4979,2300,284382.332609165,98329.9705687752,11524.8079450219,206905.96135619,1295.59149252467,22672.8511191817,34851.4111489136,18656.5174923552,0.72756264236902,0.00455580865603645,0.0797266514806378,0.12255125284738,0.0656036446469248,0.792758050272653,0.00496404539932783,0.0797266514806378,0.12255125284738,0,7517,418,0.647553415111467,0.811845102505694,0.877448747152619,0.647553415111467,1,-35.6,38.9,0.886660377358491,1.41645070422535,7,1002846.95714286,894691.857142857,102087.5,91070.2,372808.753201604,4.01464442927972
"WY",56009956500,42.7435415,-105.4321204,36953674,2807,1184,137084.288917842,19964.7702638248,2829.08332019624,83273.2270158114,0,12661.4263298895,33114.4996320186,8035.13594012215,0.607460035523979,0,0.0923623445825933,0.241563055062167,0.0586145648312611,0.66607460035524,0,0.0923623445825933,0.241563055062167,0,7517,418,0.647553415111467,0.699822380106572,0.758436944937833,0.647553415111467,1,-35.6,38.9,0.886660377358491,1.41645070422535,7,1002846.95714286,894691.857142857,102087.5,91070.2,179709.556378194,4.01464442927972
"WY",56009956600,42.9728389,-105.5073672,10835968716,3194,1599,220450.088017858,52900.1992116222,19340.8335400878,16308.3180866127,0,76745.026289942,76553.1637242171,49308.6793912877,0.0739773716275022,0,0.348128807658834,0.347258485639687,0.223672758920801,0.297650130548303,0,0.348128807658834,0.347258485639687,0,7442,488,0.7109523033051,0.422106179286336,0.645778938207137,0.7109523033051,1,-35.6,38.9,0.886660377358491,1.41645070422535,7,1004875.30714286,896370.957142857,102087.5,91070.2,288997.286515938,4.06008490575435
"WY",56009956700,42.8514505,-105.8404064,26096708,2853,1320,165478.705138134,38174.0444729197,1397.07591366194,101344.36237893,0,7865.53260254386,44319.2510104875,11949.5591461724,0.612431444241316,0,0.0475319926873857,0.26782449725777,0.0722120658135283,0.684643510054844,0,0.0475319926873857,0.26782449725777,0,6899,556,0.762416757589709,0.659963436928702,0.73217550274223,0.762416757589709,1,-35.6,38.9,0.886660377358491,1.41645070422535,7,1004875.30714286,896370.957142857,102087.5,91070.2,216932.990098047,4.38907395543066
"WY",56011950200,44.6588186,-104.6778233,5202978270,4481,2222,281364.010895008,55357.1127491918,14116.1521628908,68912.1373172915,0,113819.335806048,54541.8338008895,44090.7039707789,0.24492164828787,0,0.404526987811956,0.193847939640163,0.156703424260012,0.401625072547882,0,0.404526987811956,0.193847939640163,0,7747,456,0.683374776979946,0.649448636099826,0.806152060359838,0.683374776979946,1,-33.4,33.9,0.953849056603773,1.43959154929578,7,1170446.16666667,1051447.85,117529.666666667,105413.8,368851.908398018,3.87529363475752
"WY",56011950300,44.4296197,-104.328363,2189903515,2602,1373,175788.810417134,35266.7370624622,6690.22666504249,2688.93017846477,3025.04645077286,96297.3120162694,45543.754897747,24536.487878491,0.0152963671128107,0.017208413001912,0.547801147227533,0.259082217973231,0.139579349904398,0.0809807670678216,0.0911033629512991,0.547801147227533,0.259082217973231,0,7516,461,0.687835217237154,0.580305927342256,0.719885277246654,0.687835217237154,1,-33.4,32.8,0.953849056603773,1.43959154929578,7,1170543.76666667,1051554.55,117529.666666667,105413.8,230448.940470829,4.01525030229938
"WY",56013000100,42.8561752,-108.7367371,34096624,3973,1692,201746.290388006,59808.6551594311,5836.5405970374,123927.976675802,3170.8650748606,15854.325374303,42146.0816200222,16647.0416430182,0.614276358873608,0.0157170923379175,0.0785854616895874,0.20890635232482,0.0825147347740668,0.694732513985952,0.0177756719996406,0.0785854616895874,0.20890635232482,0,8449,213,0.386562262946971,0.708578912901113,0.79109364767518,0.386562262946971,1,-36,36.7,0.877622641509434,1.44447887323944,6,1033781.775,925664.325,105916.95,94989.55,264477.692030076,3.44997077495499
"WY",56013000200,42.8304561,-108.7851293,18569336,3595,1702,219969.865235441,74216.5232999211,3001.3256316077,161124.4235801,1541.19013859226,2101.62291626218,44414.2976303407,10788.3309701458,0.732484076433121,0.00700636942675159,0.00955414012738853,0.201910828025478,0.0490445859872611,0.781063985033767,0.00747104681336647,0.00955414012738853,0.201910828025478,0,8449,213,0.386562262946971,0.749044585987261,0.798089171974522,0.386562262946971,1,-36,36.7,0.877622641509434,1.44447887323944,6,1033781.775,925664.325,105916.95,94989.55,288367.742285361,3.44997077495499
"WY",56013000300,42.7248755,-108.1739166,12309182942,4422,2461,334683.662559801,75970.6246273243,22628.5795719632,116411.708716452,2192.68629431674,59601.2001818823,65182.5834765067,91295.4838906425,0.347826086956522,0.00655151876116736,0.178082191780822,0.194758784991066,0.272781417510423,0.615564486664231,0.0115945365638811,0.178082191780822,0.194758784991066,0,7909,461,0.687835217237154,0.532459797498511,0.805241215008934,0.687835217237154,1,-34.4,37.2,0.877622641509434,1.44447887323944,6,1055150.35,946653.883333333,108591.95,97495.25,438750.880939376,3.77714220557232
"WY",56013000400,43.6273568,-109.6938341,3517155743,1803,1492,184465.578125551,52604.5812821883,5090.99378000498,10274.6371235734,3106.28564201058,56629.9767043466,45638.5044326169,68816.1742230035,0.055699481865285,0.016839378238342,0.30699481865285,0.24740932642487,0.373056994818653,0.342153960029608,0.103441894892672,0.30699481865285,0.24740932642487,0,8975,35,0.0621345936321405,0.379533678756477,0.75259067357513,0.0621345936321405,1,-38,32,0.842132075471698,1.42245070422535,6,1400719.65714286,1278319.56428571,142154.95,129840.95,241823.67996859,3.13128156661292
"WY",56013940100,43.269208,-109.0894098,4896497231,3951,1345,163282.386250781,47776.8750696459,4158.15434328758,45940.4679959824,2767.49807204713,56595.3355733639,37361.2239726363,20617.8606367511,0.28135593220339,0.0169491525423729,0.346610169491525,0.228813559322034,0.126271186440678,0.400452619414484,0.0241236517719569,0.346610169491525,0.228813559322034,0,8029,267,0.467419203428819,0.644915254237288,0.771186440677966,0.467419203428819,1,-36,36.7,0.842132075471698,1.42245070422535,6,1034209.975,926055.158333333,105916.95,94989.55,214053.743351195,3.70443744321291
"WY",56013940201,43.3026069,-108.4363056,1742945090,3892,1676,220095.194180757,49917.1750636179,15226.8080098069,25231.1200582863,2138.23051341409,95792.7270009513,45473.035585273,48181.4609022642,0.114637305699482,0.00971502590673575,0.435233160621762,0.20660621761658,0.218911917098446,0.316446729274612,0.0268175194300518,0.435233160621762,0.20660621761658,0,7869,495,0.716685760373858,0.55958549222798,0.778497409326426,0.716685760373858,1,-34.4,37.2,0.864509433962264,1.4257323943662,6,1055375.55,946875.683333333,108591.95,97495.25,288532.041267702,3.80137712635879
"WY",56013940202,43.015204,-108.4719602,1191590808,4832,1565,197865.829065589,23738.2129503179,6872.59513932417,50079.8269042738,1587.54494509225,74325.9678838646,42286.4244465482,27998.5199407179,0.25309992706054,0.00802334062727936,0.37563822027717,0.213712618526623,0.141502552881109,0.39025463613804,0.0123711844308889,0.37563822027717,0.213712618526623,0,7869,495,0.716685760373858,0.636761487964989,0.778264040846099,0.716685760373858,1,-34.4,37.2,0.864509433962264,1.4257323943662,6,1055375.55,946875.683333333,108591.95,97495.25,259390.632175884,3.80137712635879
"WY",56013940300,43.0639761,-108.3474936,39989390,5515,2230,247484.227476903,65073.0977073766,10505.9406360767,174351.612024322,0,7777.76707915192,57253.0076659794,8101.84070744992,0.704495853339153,0,0.0314273243125273,0.231340026189437,0.0327367961588826,0.737232649498036,0,0.0314273243125273,0.231340026189437,0,7909,461,0.687835217237154,0.73592317765168,0.768659973810563,0.687835217237154,1,-34.4,37.2,0.864509433962264,1.4257323943662,6,1055375.55,946875.683333333,108591.95,97495.25,324437.476253238,3.77714220557232
"WY",56013940400,43.0434263,-108.4183717,33675621,5565,2370,318618.326050538,92848.1337189999,13230.2289276699,191617.591619531,0,10746.215990316,100204.975078531,16049.5433621603,0.601401664476566,0,0.0337275514673675,0.314498466929479,0.0503723171265878,0.651773981603154,0,0.0337275514673675,0.314498466929479,0,7869,495,0.716685760373858,0.635129215943933,0.685501533070522,0.716685760373858,1,-34.4,37.2,0.864509433962264,1.4257323943662,6,1055375.55,946875.683333333,108591.95,97495.25,417690.156038389,3.80137712635879
"WY",56013940500,43.0273517,-108.3895548,2265442,2575,1263,142481.117782175,85364.7936546906,3865.97417936521,107506.523160418,0,6241.61996326749,28732.97465849,0,0.754531722054381,0,0.0438066465256798,0.20166163141994,0,0.754531722054381,0,0.0438066465256798,0.20166163141994,0,7909,461,0.687835217237154,0.798338368580061,0.798338368580061,0.687835217237154,1,-34.4,37.2,0.864509433962264,1.4257323943662,6,1055375.55,946875.683333333,108591.95,97495.25,186784.486180249,3.77714220557232
"WY",56015957700,42.3853915,-104.3328158,2627593434,1796,932,115590.143093213,18394.2442760056,4025.86016906356,63397.2932057253,0,41413.8917585498,3971.19510013492,6807.76302880271,0.548466257668712,0,0.358282208588957,0.0343558282208589,0.0588957055214724,0.607361963190184,0,0.358282208588957,0.0343558282208589,0,7555,449,0.677033385816397,0.906748466257669,0.965644171779141,0.677033385816397,1,-32.5,40.6,0.900641509433962,1.41419718309859,7,922189.342857143,817832.202380952,91056.35,80682.45,151531.977157666,3.99162125453257
"WY",56015957800,42.0835895,-104.2185978,39918943,3577,1576,192459.14601668,99169.3502951221,4777.81749466848,149506.343230176,0,13510.3771375948,18353.7198850344,11088.7057638749,0.77682119205298,0,0.0701986754966887,0.095364238410596,0.0576158940397351,0.834437086092715,0,0.0701986754966887,0.095364238410596,0,6847,596,0.788599643881673,0.847019867549669,0.904635761589404,0.788599643881673,1,-32.5,40.6,0.900641509433962,1.41419718309859,7,922189.342857143,817832.202380952,91056.35,80682.45,252302.78410907,4.42057935245307
"WY",56015957900,42.0439224,-104.0930165,87949878,4861,2044,260751.715000611,43432.9141939205,2481.44029037401,215347.187512942,0,5189.08885573355,33729.0775622681,4180.09935600758,0.825870646766169,0,0.0199004975124378,0.129353233830846,0.0160309563294638,0.841901603095633,0,0.0199004975124378,0.129353233830846,0,6587,677,0.833605121308638,0.845771144278607,0.861802100608071,0.833605121308638,1,-32.5,40.6,0.900641509433962,1.41419718309859,7,922189.342857143,817832.202380952,91056.35,80682.45,341830.383317648,4.57810633756512
"WY",56015958000,41.8427367,-104.3818292,3008273676,3015,1420,178839.284772534,48581.8792321246,15824.6393221161,20840.350258046,5815.91169991982,92893.0340959416,27302.474369068,31987.514349559,0.116531165311653,0.032520325203252,0.519421860885276,0.152664859981933,0.178861788617886,0.256368563685637,0.0715447154471544,0.519421860885276,0.152664859981933,0,6236,673,0.831611637197269,0.668473351400181,0.847335140018067,0.831611637197269,1,-31.7,40.6,0.879509433962264,1.39156338028169,7,912340.501190476,808007.305714286,91056.35,80682.45,234447.935523285,4.79076776746639
"WY",56017967800,43.6453643,-108.2198241,5297471,2956,1583,199062.968217732,56801.2895630259,4801.32194427884,161120.401096585,0,1626.11001947773,33877.2920724527,2439.16502921659,0.809394145677331,0,0.00816882232811436,0.170183798502383,0.0122532334921715,0.821647379169502,0,0.00816882232811436,0.170183798502383,0,6411,802,0.885794262674597,0.817562968005445,0.829816201497616,0.885794262674597,1,-35.6,39.4,0.864509433962264,1.4257323943662,6,1083559.11666667,977023.583333333,109534.1,98647.25,260960.012209533,4.68473998902558
"WY",56017967900,43.7208707,-108.4356515,5185275532,1856,999,123779.36077317,35905.6310743749,9398.907623102,49207.3688319571,845.487436975208,26548.3055210215,38554.2271260695,8116.679394962,0.397540983606557,0.00683060109289617,0.21448087431694,0.311475409836066,0.0655737704918033,0.462007089056269,0.00793826613498744,0.21448087431694,0.311475409836066,0,6411,802,0.885794262674597,0.618852459016393,0.684426229508196,0.885794262674597,1,-35.6,39.4,0.864509433962264,1.4257323943662,6,1083559.11666667,977023.583333333,109534.1,98647.25,162267.566830028,4.68473998902558
"WY",56019955100,44.0440477,-106.5885406,10693744080,2475,1569,190977.52532656,31048.1961370835,13633.3351504107,38365.2628656022,0,120358.280405805,16296.7488278664,15957.2332272859,0.200888888888889,0,0.630222222222222,0.0853333333333333,0.0835555555555555,0.284444444444444,0,0.630222222222222,0.0853333333333333,0,7558,442,0.670577640428064,0.831111111111111,0.914666666666666,0.670577640428064,1,-29.4,37.8,0.926905660377359,1.43276056338028,7,981890.883333333,873017.15,100337.6,89145.5,250360.465269733,3.98980363547359
"WY",56019955200,44.3492747,-106.7367409,65462039,6094,2984,356663.699237988,101879.05202905,9135.15591576776,241699.191425283,0,39279.5401693409,51323.4409878148,24361.5266555494,0.677666922486569,0,0.110130468150422,0.143898695318496,0.0683039140445127,0.745970836531082,0,0.110130468150422,0.143898695318496,0,7417,492,0.714241382296287,0.787797390636991,0.856101304681504,0.714241382296287,1,-29.4,37.8,0.926905660377359,1.43276056338028,7,981890.883333333,873017.15,100337.6,89145.5,467565.434903184,4.07523173124589
"WY",56021000200,41.1243196,-104.8089989,7570010,4588,2208,261829.854915449,59467.7008632765,12966.7559972748,239407.191808328,0,1392.71199423111,21029.9511128898,0,0.91436170212766,0,0.00531914893617021,0.0803191489361702,0,0.91436170212766,0,0.00531914893617021,0.0803191489361702,0,7129,310,0.525357274232654,0.91968085106383,0.91968085106383,0.525357274232654,1,-30.6,36.1,0.879509433962264,1.39156338028169,7,964983,854067.4,98980.75,87867.85,343243.762249243,4.24972316090847
"WY",56021000300,41.108643,-104.8304713,5967317,3769,1442,192758.943793238,23728.4576628865,4803.27289882854,149303.766822333,0,1761.69636368534,37142.4316676993,4551.04893952047,0.774562071591775,0,0.00913937547600914,0.192688499619193,0.0236100533130236,0.798172124904799,0,0.00913937547600914,0.192688499619193,0,7129,310,0.525357274232654,0.783701447067784,0.807311500380808,0.525357274232654,1,-32.8,35.6,0.879509433962264,1.39156338028169,7,993952.847619048,881920.025,98980.75,87867.85,252695.801615698,4.24972316090847
"WY",56021000401,41.0786928,-104.8136777,15528497,4626,1941,213166.948838411,23552.407179685,1482.36089323357,181687.516945564,0,5119.49238395775,26359.9395088888,0,0.852324987225345,0,0.0240163515585079,0.123658661216147,0,0.852324987225345,0,0.0240163515585079,0.123658661216147,0,7129,310,0.525357274232654,0.876341338783853,0.876341338783853,0.525357274232654,1,-32.8,35.6,0.879509433962264,1.39156338028169,7,993952.847619048,881920.025,98980.75,87867.85,279449.513234905,4.24972316090847
"WY",56021000402,41.1131233,-104.7798006,11426312,5108,2198,226200.791828428,130555.433459243,7927.78822439184,201870.463634461,0,2137.81126390503,20869.1099571682,1323.40697289359,0.892439243924392,0,0.00945094509450945,0.0922592259225923,0.00585058505850585,0.898289828982898,0,0.00945094509450945,0.0922592259225923,0,7129,310,0.525357274232654,0.901890189018902,0.907740774077407,0.525357274232654,1,-30.6,36.1,0.879509433962264,1.39156338028169,7,964983,854067.4,98980.75,87867.85,296536.125859367,4.24972316090847
"WY",56021000501,41.1369408,-104.7519564,6107369,8164,3221,453689.093329779,35187.8626657855,1588.6419747097,358543.210944848,0,4656.40533694608,87540.4203345862,2949.05671339918,0.790283954840917,0,0.010263427984947,0.192952446117003,0.00650017105713308,0.79678412589805,0,0.010263427984947,0.192952446117003,0,7129,310,0.525357274232654,0.800547382825864,0.807047553882997,0.525357274232654,1,-30.6,36.1,0.879509433962264,1.39156338028169,7,964983,854067.4,98980.75,87867.85,594760.102266599,4.24972316090847
"WY",56021000600,41.1398186,-104.7830331,3161006,5968,2839,332351.624980685,98202.8816311084,1892.62072809291,261953.993805114,0,4007.45528513688,62783.4661338111,3606.70975662319,0.788183279742765,0,0.0120578778135048,0.188906752411576,0.0108520900321543,0.799035369774919,0,0.0120578778135048,0.188906752411576,0,7129,310,0.525357274232654,0.80024115755627,0.811093247588424,0.525357274232654,1,-30.6,36.1,0.879509433962264,1.39156338028169,7,964983,854067.4,98980.75,87867.85,435693.714854856,4.24972316090847
"WY",56021000700,41.1343793,-104.8212283,5569994,4338,2501,251253.768219923,427471.784756501,30972.5726416728,179063.680721743,0,3898.5335892872,57133.6819119675,11157.8719969254,0.712680577849117,0,0.0155163188871054,0.227394328517924,0.0444087747458534,0.75708935259497,0,0.0155163188871054,0.227394328517924,0,7129,310,0.525357274232654,0.728196896736222,0.772605671482075,0.525357274232654,1,-30.6,36.1,0.879509433962264,1.39156338028169,7,964983,854067.4,98980.75,87867.85,329379.125657596,4.24972316090847
"WY",56021000800,41.1493694,-104.7984292,1305708,1835,868,116089.315924646,13263.7670626064,0,107357.5671313,0,0,8731.74879334573,0,0.92478421701603,0,0,0.0752157829839704,0,0.92478421701603,0,0,0.0752157829839704,0,7129,310,0.525357274232654,0.92478421701603,0.92478421701603,0.525357274232654,1,-30.6,36.1,0.879509433962264,1.39156338028169,7,964983,854067.4,98980.75,87867.85,152186.363804021,4.24972316090847
"WY",56021000900,41.1564565,-104.833105,3591335,2768,1458,203246.48750456,25624.6093159434,1998.90179005939,179268.873380903,0,2896.62452500561,21080.989598652,0,0.882026920031671,0,0.0142517814726841,0.103721298495645,0,0.882026920031671,0,0.0142517814726841,0.103721298495645,0,7111,349,0.573181185686534,0.896278701504355,0.896278701504355,0.573181185686534,1,-30.6,36.1,0.879509433962264,1.39156338028169,7,964983,854067.4,98980.75,87867.85,266444.363487644,4.26062887526238
"WY",56021001000,41.1412215,-104.8304719,2030887,3026,1654,194865.525204841,97633.8485973058,6014.44982480533,160935.687821613,1056.18170842732,3036.52241172855,28120.8379868775,924.158994873908,0.825880758807588,0.00542005420054201,0.0155826558265583,0.144308943089431,0.00474254742547425,0.830592384978454,0.00545097545514983,0.0155826558265583,0.144308943089431,0,7129,310,0.525357274232654,0.846883468834688,0.851626016260162,0.525357274232654,1,-30.6,36.1,0.879509433962264,1.39156338028169,7,964983,854067.4,98980.75,87867.85,255457.407733673,4.24972316090847
"WY",56021001100,41.1470534,-104.8616336,12915653,3072,935,120488.923982186,39233.3248411676,174.843518492909,49275.0946343334,0,1392.93553736631,64945.6194297044,2263.52024822026,0.408959537572254,0,0.0115606936416185,0.539017341040462,0.0187861271676301,0.427745664739884,0,0.0115606936416185,0.539017341040462,0,7129,310,0.525357274232654,0.420520231213872,0.439306358381503,0.525357274232654,1,-32.8,35.6,0.879509433962264,1.39156338028169,7,993952.847619048,881920.025,98980.75,87867.85,157953.994934473,4.24972316090847
"WY",56021001200,41.1867965,-104.8379375,6307742,5030,2307,314488.319109846,54003.1442910954,2943.26125483346,291357.188334008,0,1901.18883089076,21229.9419449468,0,0.926448362720403,0,0.00604534005037783,0.0675062972292192,0,0.926448362720403,0,0.00604534005037783,0.0675062972292192,0,7111,349,0.573181185686534,0.932493702770781,0.932493702770781,0.573181185686534,1,-30.6,36.1,0.879509433962264,1.39156338028169,7,964983,854067.4,98980.75,87867.85,412275.956344102,4.26062887526238
"WY",56021001300,41.18617,-104.8146543,9796293,7079,3160,430562.486513769,68877.6633247591,2795.91691354854,362214.455437807,0,3613.11177494072,56304.3251594929,5720.76031032281,0.841258741258741,0,0.00839160839160839,0.130769230769231,0.0132867132867133,0.854545454545454,0,0.00839160839160839,0.130769230769231,0,7111,349,0.573181185686534,0.849650349650349,0.862937062937062,0.573181185686534,1,-30.6,36.1,0.879509433962264,1.39156338028169,7,964983,854067.4,98980.75,87867.85,564442.461315572,4.26062887526238
"WY",56021001401,41.1588348,-104.7773811,3993394,3984,1629,222225.921987112,28018.6279655223,2053.06422986333,180641.509246326,0,0,37013.0765884308,1769.54947833135,0.812873258128733,0,0,0.166556071665561,0.0079628400796284,0.820836098208361,0,0,0.166556071665561,0,7111,349,0.573181185686534,0.812873258128733,0.820836098208361,0.573181185686534,1,-30.6,36.1,0.879509433962264,1.39156338028169,7,964983,854067.4,98980.75,87867.85,291325.301909498,4.26062887526238
"WY",56021001402,41.1811979,-104.7878489,12662870,2516,1010,121975.837945643,102974.103727148,2600.17027608776,97980.5911366638,0,0,23995.2468089789,0,0.80327868852459,0,0,0.19672131147541,0,0.80327868852459,0,0,0.19672131147541,0,7111,349,0.573181185686534,0.80327868852459,0.80327868852459,0.573181185686534,1,-30.6,36.1,0.879509433962264,1.39156338028169,7,964983,854067.4,98980.75,87867.85,159903.252948318,4.26062887526238
"WY",56021001501,41.1811805,-104.7486973,16735626,4765,2040,258500.577987023,24853.700092552,3522.14000324139,196800.27839206,0,4596.18484567444,42062.055254354,15042.0594949345,0.761314655172414,0,0.0177801724137931,0.162715517241379,0.0581896551724138,0.819504310344828,0,0.0177801724137931,0.162715517241379,0,7111,349,0.573181185686534,0.779094827586207,0.837284482758621,0.573181185686534,1,-30.6,36.1,0.879509433962264,1.39156338028169,7,964983,854067.4,98980.75,87867.85,338879.273184955,4.26062887526238
"WY",56021001502,41.1507701,-104.7521824,4751634,4899,2347,253849.935759242,28983.5187029886,2810.03819420915,202412.247850891,0,3214.85549427194,48222.8324140791,0,0.797369702873843,0,0.0126643935703848,0.189965903555772,0,0.797369702873843,0,0.0126643935703848,0.189965903555772,0,7129,310,0.525357274232654,0.810034096444228,0.810034096444228,0.525357274232654,1,-30.6,36.1,0.879509433962264,1.39156338028169,7,964983,854067.4,98980.75,87867.85,332782.550809066,4.24972316090847
"WY",56021001901,41.4235689,-104.6795634,1516224255,4891,1819,277853.472100357,21501.01488031,8425.37680815462,156206.938287653,1826.98173435851,80843.9417453642,28318.216882557,10657.3934504247,0.562191780821918,0.00657534246575343,0.290958904109589,0.101917808219178,0.0383561643835616,0.600104521339774,0.00701876633145935,0.290958904109589,0.101917808219178,0,7170,364,0.590429880894006,0.85972602739726,0.898082191780822,0.590429880894006,1,-30.6,36.1,0.879509433962264,1.39156338028169,7,964983,854067.4,98980.75,87867.85,364249.795534353,4.22488236710234
"WY",56021001902,41.3080756,-105.084448,2578037791,4182,1840,272631.131470995,39653.2473558499,9691.64519318698,96032.786334858,3569.36020005667,96202.755868194,44871.9568007124,31954.272267174,0.352244389027431,0.0130922693266833,0.35286783042394,0.164588528678304,0.117206982543641,0.465251121343399,0.0172925195543564,0.35286783042394,0.164588528678304,0,7510,185,0.34102144987226,0.718204488778054,0.835411471321695,0.34102144987226,1,-32.8,35.6,0.883641509433962,1.39297183098591,7,994009.847619048,881973.825,99023.85,87910.95,357403.60969375,4.01888554041735
"WY",56021002000,41.2408635,-104.3404666,2729236735,7130,3045,413677.177542984,95491.9684053071,27806.4378876065,152114.477840918,6678.19658813785,167325.92562501,52312.5399404132,35246.0375485053,0.367713004484305,0.0161434977578475,0.404484304932735,0.126457399103139,0.0852017937219731,0.449331545199279,0.0197267507648464,0.404484304932735,0.126457399103139,0,7075,426,0.655383618722362,0.788340807174888,0.87354260089686,0.655383618722362,1,-30.6,36.3,0.879509433962264,1.39156338028169,7,977377.142857143,866461.102619048,98980.75,87867.85,542306.800049042,4.2824403039702
"WY",56021980801,41.1560116,-104.8095832,3559087,0,0,0,21026.2805419355,976.225178694125,0,0,0,0,0,0.92478421701603,0,0,0.0752157829839704,0,0.92478421701603,0,0,0.0752157829839704,0,7111,349,0.573181185686534,0.92478421701603,0.92478421701603,0.573181185686534,1,-30.6,36.1,0.879509433962264,1.39156338028169,7,964983,854067.4,98980.75,87867.85,0,4.26062887526238
"WY",56023978000,42.7641093,-110.7989113,3909998714,6801,3721,513840.284947362,52497.9290447061,14989.255305352,29662.1834117038,4791.58347419831,165423.715180656,242545.392051086,71417.4108297177,0.0577264653641208,0.00932504440497336,0.321936056838366,0.47202486678508,0.13898756660746,0.177384635291073,0.028654441085481,0.321936056838366,0.47202486678508,0,8997,94,0.177004014309757,0.38898756660746,0.52797513321492,0.177004014309757,1,-37,33.3,0.876811320754717,1.45666197183099,6,1367258.67619048,1245284.1952381,141501.8,129191.65,673614.827680787,3.11795236018036
"WY",56023978100,42.703366,-110.962758,291282579,5777,2395,330189.483956744,87001.0967200392,16665.690141895,41802.3139787602,1789.20410025822,65712.5869549381,172088.903461199,48796.4754615877,0.126600985221675,0.00541871921182266,0.199014778325123,0.521182266009852,0.147783251231527,0.268318505992207,0.0114844496728182,0.199014778325123,0.521182266009852,0,8997,94,0.177004014309757,0.331034482758621,0.478817733990148,0.177004014309757,1,-37,37,0.876811320754717,1.45666197183099,6,1357780.01904762,1236208.44761905,139431.223809524,127190.219047619,432859.273305741,3.11795236018036
"WY",56023978200,41.9386079,-110.5561793,6235690339,1994,1143,142800.802989203,30465.1360996963,13356.0200293775,28016.555784119,0,53315.0874996294,36170.6279899447,25298.5317155104,0.196193265007321,0,0.373352855051244,0.253294289897511,0.177159590043924,0.373352855051245,0,0.373352855051244,0.253294289897511,0,10157,24,0.04110321768541,0.569546120058565,0.746705710102489,0.04110321768541,1,-36.1,32.8,0.896452830188679,1.47223943661972,6,1344276.50952381,1223633.21309524,141501.8,129191.65,187203.574955405,2.41513965737276
"WY",56023978400,41.8127268,-110.5510907,120154806,3534,1687,221898.260011728,54271.8195566857,4155.55298012903,147491.023718862,0,3676.24685241431,51173.3561856072,18528.2841361681,0.66467859509609,0,0.0165672630881378,0.230616302186879,0.0834990059642147,0.748177601060305,0,0.0165672630881378,0.230616302186879,0,10157,24,0.04110321768541,0.681245858184228,0.764744864148443,0.04110321768541,1,-36.1,32.8,0.896452830188679,1.47223943661972,6,1344276.50952381,1223633.21309524,141501.8,129191.65,290895.756053418,2.41513965737276
"WY",56025000200,42.8559788,-106.320036,4917664,4385,2303,237269.89840377,306294.073379867,53669.8070139261,147375.053046147,0,6036.73414080389,71522.1762334374,12335.9349833819,0.621128318584071,0,0.0254424778761062,0.301438053097345,0.0519911504424779,0.673119469026549,0,0.0254424778761062,0.301438053097345,0,7033,565,0.768556795841387,0.646570796460177,0.698561946902655,0.768556795841387,1,-34.4,37.8,0.877301886792453,1.4223661971831,6,1029586.28666667,919516.29,103125.85,92025.15,311047.082934469,4.30788697079599
"WY",56025000300,42.8448777,-106.3098353,2835570,3946,2176,252710.106759834,114018.507076646,5307.55061852915,185383.208613543,0,4149.37145633202,56217.2906986918,5220.17699344995,0.733580508474576,0,0.0164194915254237,0.222457627118644,0.0206567796610169,0.754237288135593,0,0.0164194915254237,0.222457627118644,0,7033,565,0.768556795841387,0.75,0.770656779661017,0.768556795841387,1,-34.4,37.8,0.877301886792453,1.4223661971831,6,1029586.28666667,919516.29,103125.85,92025.15,331288.301063544,4.30788697079599
"WY",56025000400,42.8485601,-106.2893288,2740366,4185,1909,232681.41518829,109366.666177611,4678.96861458599,204798.608240034,0,3043.97455766994,20699.0269921556,4139.80539843112,0.880167451596023,0,0.0130821559392988,0.0889586603872318,0.0177917320774464,0.897959183673469,0,0.0130821559392988,0.0889586603872318,0,7033,565,0.768556795841387,0.893249607535322,0.911041339612768,0.768556795841387,1,-34.4,37.8,0.877301886792453,1.4223661971831,6,1029586.28666667,919516.29,103125.85,92025.15,305031.847420523,4.30788697079599
"WY",56025000501,42.8320709,-106.2845106,3298941,5180,2571,302642.2350945,29249.4077246547,1382.3972231226,214760.129478823,0,0,79969.8903190882,7912.21529658823,0.709617180205416,0,0,0.264239028944911,0.0261437908496732,0.735760971055089,0,0,0.264239028944911,0,7033,565,0.768556795841387,0.709617180205416,0.735760971055089,0.768556795841387,1,-34.4,37.8,0.877301886792453,1.4223661971831,6,1029586.28666667,919516.29,103125.85,92025.15,396746.426884365,4.30788697079599
"WY",56025000502,42.8459028,-106.2752202,1950484,2776,1183,136349.520685497,71577.8889030843,2664.36631946316,113869.359445718,0,5083.45354668382,17396.7076930957,0,0.835128417564209,0,0.0372825186412593,0.127589063794532,0,0.835128417564209,0,0.0372825186412593,0.127589063794532,0,7033,565,0.768556795841387,0.872410936205468,0.872410936205468,0.768556795841387,1,-34.4,37.8,0.877301886792453,1.4223661971831,6,1029586.28666667,919516.29,103125.85,92025.15,178746.317818051,4.30788697079599
"WY",56025000600,42.8213624,-106.3095586,10359665,7335,3195,422345.750529726,37095.3470683059,3068.12292758703,336419.723142826,0,0,70167.9670010667,15758.0603858328,0.796550510383668,0,0,0.166138683562126,0.0373108060542063,0.833861316437874,0,0,0.166138683562126,0,7033,565,0.768556795841387,0.796550510383668,0.833861316437874,0.768556795841387,1,-34.4,37.8,0.877301886792453,1.4223661971831,6,1029586.28666667,919516.29,103125.85,92025.15,553670.796741712,4.30788697079599
"WY",56025000700,42.8363986,-106.3312641,1653040,2773,1326,164111.366487011,31263.730927897,7417.75044653395,143191.054480053,0,6078.19875877817,14842.1132481793,0,0.872523686477175,0,0.037037037037037,0.0904392764857881,0,0.872523686477175,0,0.037037037037037,0.0904392764857881,0,7033,565,0.768556795841387,0.909560723514212,0.909560723514212,0.768556795841387,1,-34.4,37.8,0.877301886792453,1.4223661971831,6,1029586.28666667,919516.29,103125.85,92025.15,215140.488387225,4.30788697079599
"WY",56025000800,42.8363052,-106.3528522,3791396,3771,1776,218788.793023036,36819.6113834945,4312.83787887473,182037.563741825,0,4626.95332677115,22738.1706344182,9386.10532002147,0.83202416918429,0,0.0211480362537764,0.10392749244713,0.0429003021148036,0.874924471299094,0,0.0211480362537764,0.10392749244713,0,7033,565,0.768556795841387,0.853172205438066,0.89607250755287,0.768556795841387,1,-34.4,37.8,0.877301886792453,1.4223661971831,6,1029586.28666667,919516.29,103125.85,92025.15,286819.425078354,4.30788697079599
"WY",56025000901,42.8188632,-106.3591947,5570505,4708,1951,267600.696889716,37275.393623412,4957.49197588654,201059.814687816,0,3880.3538217091,54181.236695716,8479.29168447544,0.751342642320086,0,0.014500537056928,0.202470461868958,0.0316863587540279,0.783029001074114,0,0.014500537056928,0.202470461868958,0,7033,565,0.768556795841387,0.765843179377014,0.797529538131042,0.768556795841387,1,-34.4,37.8,0.877301886792453,1.4223661971831,6,1029586.28666667,919516.29,103125.85,92025.15,350809.001557927,4.30788697079599
"WY",56025000902,42.8163082,-106.3388142,3813417,3933,1497,202317.924732012,62148.8823459093,4313.11658985279,156614.860805921,0,4698.44582417762,33316.252207805,7688.36589410884,0.774102744546094,0,0.0232230823363828,0.164672765657987,0.0380014074595355,0.812104152005629,0,0.0232230823363828,0.164672765657987,0,7033,565,0.768556795841387,0.797325826882477,0.835327234342012,0.768556795841387,1,-34.4,37.8,0.877301886792453,1.4223661971831,6,1029586.28666667,919516.29,103125.85,92025.15,265227.071519022,4.30788697079599
"WY",56025001000,42.8228059,-106.3929401,5070560,4786,1863,259146.145032919,58055.4809476962,6158.82116290078,206328.515949928,0,0,39536.0030562736,13281.6260267169,0.796185935637664,0,0,0.152562574493445,0.0512514898688915,0.847437425506556,0,0,0.152562574493445,0,7033,565,0.768556795841387,0.796185935637664,0.847437425506556,0.768556795841387,1,-34.4,37.8,0.877301886792453,1.4223661971831,6,1029586.28666667,919516.29,103125.85,92025.15,339725.574160408,4.30788697079599
"WY",56025001100,42.8343757,-106.3963128,8150645,2425,1143,119940.705532612,20880.887485006,16682.412629637,89177.8156409626,0,3456.50448220785,20162.9428128791,7143.44259656289,0.743515850144092,0,0.0288184438040346,0.168107588856868,0.0595581171950048,0.803073967339097,0,0.0288184438040346,0.168107588856868,0,7581,423,0.652465733466663,0.772334293948127,0.831892411143132,0.652465733466663,1,-34.4,37.8,0.877301886792453,1.4223661971831,6,1029586.28666667,919516.29,103125.85,92025.15,157235.312325773,3.97586855602137
"WY",56025001200,42.8567404,-106.3783834,12982997,2196,929,97491.6144722779,102722.241445222,43907.8357300626,76961.7413002111,0,3033.97140473894,16686.8427260642,809.059041263717,0.789419087136929,0,0.0311203319502075,0.171161825726141,0.00829875518672199,0.797717842323651,0,0.0311203319502075,0.171161825726141,0,7033,565,0.768556795841387,0.820539419087136,0.828838174273858,0.768556795841387,1,-34.4,37.8,0.877301886792453,1.4223661971831,6,1029586.28666667,919516.29,103125.85,92025.15,127805.855256741,4.30788697079599
"WY",56025001401,43.2083803,-106.3349847,2891789616,5620,2250,294046.947946218,151383.275806572,47629.2524168659,125826.8381549,0,43295.2561393205,81178.6052612259,43746.2483907717,0.427914110429448,0,0.147239263803681,0.276073619631902,0.148773006134969,0.576687116564417,0,0.147239263803681,0.276073619631902,0,7371,492,0.714241382296287,0.575153374233129,0.723926380368098,0.714241382296287,1,-34.4,37.8,0.883264150943397,1.42353521126761,6,1029419.58666667,919349.59,103125.85,92025.15,385478.503677741,4.10310189015033
"WY",56025001602,42.8460994,-106.2622695,13683345,5596,2320,297223.494396003,61162.0658351076,6743.55295426067,224678.778668486,0,4496.57328889566,53958.8794667479,14089.2629718731,0.755925365607665,0,0.0151285930408472,0.181543116490166,0.0474029248613212,0.803328290468986,0,0.0151285930408472,0.181543116490166,0,7033,565,0.768556795841387,0.771053958648512,0.818456883509833,0.768556795841387,1,-34.4,37.8,0.877301886792453,1.4223661971831,6,1029586.28666667,919516.29,103125.85,92025.15,389642.771937889,4.30788697079599
"WY",56025001603,42.7881845,-106.3603485,48734767,3217,1219,188104.960310411,19457.6126585807,2175.97504097025,111579.320289115,3455.99664612303,10203.4186695061,49206.8093900375,13659.4153156291,0.593175853018373,0.0183727034120735,0.0542432195975503,0.26159230096238,0.0726159230096238,0.663610181774489,0.0205542976655815,0.0542432195975503,0.26159230096238,0,7033,565,0.768556795841387,0.665791776027997,0.738407699037621,0.768556795841387,1,-34.4,37.8,0.877301886792453,1.4223661971831,6,1029586.28666667,919516.29,103125.85,92025.15,246594.699048127,4.30788697079599
"WY",56025001700,42.8411315,-106.4419954,27354929,4482,1732,242024.957232627,41687.5451623429,17314.9897392932,172719.924636225,0,5116.47891651294,46513.4446955722,17675.1089843174,0.713645099295323,0,0.0211402946828956,0.192184497117233,0.0730301089045484,0.786675208199871,0,0.0211402946828956,0.192184497117233,0,7581,423,0.652465733466663,0.734785393978219,0.807815502882767,0.652465733466663,1,-34.4,37.8,0.877301886792453,1.4223661971831,6,1029586.28666667,919516.29,103125.85,92025.15,317280.68942163,3.97586855602137
"WY",56025001800,42.900125,-106.948611,10782748865,4136,2464,346839.092894569,78805.4700662672,39737.9749887169,97367.1926234935,7062.90516439849,125366.566668073,57259.9811542306,59782.4472843729,0.280727272727273,0.0203636363636364,0.361454545454545,0.165090909090909,0.172363636363636,0.441433465085639,0.0320210803689065,0.361454545454545,0.165090909090909,0,8001,383,0.611399079316583,0.662545454545454,0.83490909090909,0.611399079316583,1,-36.7,37.8,0.877301886792453,1.4223661971831,6,1029542.38666667,919472.39,103125.85,92025.15,454685.945491933,3.72140188776344
"WY",56027957200,43.062159,-104.4683727,6801404307,2484,1338,176807.861389815,41488.0819972959,9208.45605293493,100360.585858117,4895.63833454227,46131.976613956,11297.6269258668,14122.0336573335,0.567625133120341,0.0276890308839191,0.260915867944622,0.0638977635782748,0.0798722044728434,0.643782351338633,0.03140401713847,0.260915867944622,0.0638977635782748,0,7093,698,0.843712437070948,0.856230031948882,0.936102236421725,0.843712437070948,1,-35.6,38.9,0.921150943396226,1.41992957746479,7,1004401.90714286,895994.257142857,102087.5,91070.2,231784.857224477,4.27153458961629
"WY",56029965100,44.747875,-108.7873203,1729231689,4999,2112,290944.924977115,43916.2888160209,22657.2865453621,198735.395844157,0,20473.9021280192,21551.4759242308,50184.1510807088,0.683068783068783,0,0.0703703703703704,0.0740740740740741,0.172486772486772,0.855555555555555,0,0.0703703703703704,0.0740740740740741,0,7887,389,0.617821309954836,0.753439153439153,0.925925925925925,0.617821309954836,1,-31.1,37,0.893849056603774,1.42960563380282,6,1021889.42857143,910769.685714286,102775.152380952,91434.3857142857,381411.931380848,3.79047141200488
"WY",56029965200,44.753662,-108.7598348,10304678,6258,2616,315869.683376583,156484.858545941,11898.6496832208,257220.810592775,0,7204.71066525219,42090.6780969996,9353.48402155547,0.814325730292117,0,0.0228091236494598,0.133253301320528,0.0296118447378952,0.843937575030012,0,0.0228091236494598,0.133253301320528,0,7887,389,0.617821309954836,0.837134853941577,0.866746698679472,0.617821309954836,1,-31.1,37,0.893849056603774,1.42960563380282,6,1021889.42857143,910769.685714286,102775.152380952,91434.3857142857,414086.844823968,3.79047141200488
"WY",56029965300,44.49391,-109.6675783,16209169819,7155,4059,544336.850845979,82453.4915946741,28241.0378181985,183351.558303162,8004.95368891146,123314.405636326,118549.55225007,111116.380967509,0.336834733893557,0.0147058823529412,0.226540616246499,0.217787114845938,0.204131652661064,0.532427014630553,0.0232452542770096,0.226540616246499,0.217787114845938,0,7485,212,0.384978307066227,0.578081232492997,0.782212885154062,0.384978307066227,1,-30.6,37,0.864301886792453,1.41370422535211,6,1015305.04761905,904255.338095238,103745.652380952,92397.9857142857,713594.057773183,4.03403236590889
"WY",56029965400,44.5307343,-109.027476,17079124,5769,2744,318785.723156259,110881.171417704,16464.5555071586,273441.202190067,0,7744.79421461131,31353.9249656039,6245.80178597687,0.857758620689655,0,0.024294670846395,0.0983542319749216,0.0195924764890282,0.877351097178683,0,0.024294670846395,0.0983542319749216,0,7067,417,0.646563532784636,0.88205329153605,0.901645768025078,0.646563532784636,1,-31.1,37,0.864301886792453,1.41370422535211,6,995012.130952381,884539.421428571,102775.152380952,91434.3857142857,417909.603940447,4.28728728812749
"WY",56029965500,44.5211741,-109.0897662,14112307,4024,2031,260263.138194747,166919.726777066,24269.2464463907,197371.788605271,0,3345.28455263171,48974.9658505282,10571.0991863162,0.758354755784062,0,0.012853470437018,0.188174807197943,0.0406169665809769,0.798971722365039,0,0.012853470437018,0.188174807197943,0,7067,417,0.646563532784636,0.77120822622108,0.811825192802057,0.646563532784636,1,-31.1,37,0.864301886792453,1.41370422535211,6,995012.130952381,884539.421428571,102775.152380952,91434.3857142857,341189.887446592,4.28728728812749
"WY",56031959100,42.400799,-104.9480644,2289570473,2092,1361,161121.742644541,34636.0182152057,7207.78946650836,102663.238034428,902.137416822739,23636.0003207558,17321.0384029966,16599.3284695384,0.637178051511758,0.00559910414333707,0.146696528555431,0.107502799552072,0.103023516237402,0.739304150360332,0.00649652153216462,0.146696528555431,0.107502799552072,0,7685,470,0.695720902469481,0.789473684210526,0.892497200447928,0.695720902469481,1,-35.6,38.9,0.900641509433962,1.41419718309859,7,975100.066666667,868050.383333333,102087.5,91070.2,211221.264829886,3.91285776197655
"WY",56031959400,41.9289629,-104.9795974,3108503205,6575,3306,398965.968718338,132853.76308131,20684.1192699239,213371.040232276,2945.95124581051,71263.9634700828,64390.0772298583,43347.5683312118,0.534810126582278,0.00738396624472574,0.178621659634318,0.161392405063291,0.108649789029536,0.641980249224252,0.00886363263228752,0.178621659634318,0.161392405063291,0,6190,598,0.789835751191555,0.720815752461322,0.829465541490857,0.789835751191555,1,-30.6,38.9,0.879509433962264,1.39156338028169,7,946977.116666667,837668.283333333,98982.25,87869.35,523021.25804759,4.81863792637082
"WY",56033000100,44.7654726,-106.9479714,12963892,5411,2471,286537.142397808,198934.951703598,10156.8103577193,211119.355798385,0,7819.23539994018,62679.9998995205,3783.50099997105,0.736795774647887,0,0.0272887323943662,0.21875,0.0132042253521127,0.75,0,0.0272887323943662,0.21875,0,7644,420,0.649525747040539,0.764084507042253,0.777288732394366,0.649525747040539,1,-32.8,39.4,0.926905660377359,1.43276056338028,7,1044630.45833333,934279.75,105712.5,94583.7,375633.583926214,3.93769855578268
"WY",56033000200,44.7895306,-106.9649909,3512717,3206,1641,191342.264310629,35023.9813994326,1762.18487944255,158767.911003055,0,6925.25621499594,15004.7217991579,10644.3752934197,0.829758713136729,0,0.0361930294906166,0.0784182305630027,0.0556300268096515,0.88538873994638,0,0.0361930294906166,0.0784182305630027,0,7644,420,0.649525747040539,0.865951742627346,0.921581769436997,0.649525747040539,1,-32.8,39.4,0.926905660377359,1.43276056338028,7,1044630.45833333,934279.75,105712.5,94583.7,250838.616934948,3.93769855578268
"WY",56033000300,44.8013778,-106.9642066,4418954,3586,1928,215948.190717155,117479.980388627,14593.674130374,139920.559352285,0,2971.76409243791,70084.1031799941,2971.76409243791,0.647935779816514,0,0.0137614678899083,0.32454128440367,0.0137614678899083,0.661697247706422,0,0.0137614678899083,0.32454128440367,0,7644,420,0.649525747040539,0.661697247706422,0.67545871559633,0.649525747040539,1,-32.8,39.4,0.926905660377359,1.43276056338028,7,1044630.45833333,934279.75,105712.5,94583.7,283095.56011712,3.93769855578268
"WY",56033000400,44.8146369,-106.9617626,6193024,5675,2454,306405.187595212,78489.6913772581,3887.1562034785,226836.939055963,0,1753.19869662753,67160.9962246548,10654.0536179673,0.740316901408451,0,0.00572183098591549,0.21919014084507,0.0347711267605634,0.775088028169014,0,0.00572183098591549,0.21919014084507,0,7644,420,0.649525747040539,0.746038732394366,0.78080985915493,0.649525747040539,1,-32.8,39.4,0.926905660377359,1.43276056338028,7,1044630.45833333,934279.75,105712.5,94583.7,401679.439484959,3.93769855578268
"WY",56033000500,44.7567961,-106.576842,4045161348,6541,3430,469306.65734806,70153.4081459612,26088.1030563089,155694.961705784,4956.26113004142,175007.289557325,61867.8113474136,71780.3336074964,0.331755280407866,0.0105608157319738,0.372906045156591,0.131828113619811,0.152949745083758,0.479986363143295,0.0152794780803025,0.372906045156591,0.131828113619811,0,7921,360,0.585890861865733,0.715222141296431,0.868171886380188,0.585890861865733,1,-32.8,39.4,0.926905660377359,1.43276056338028,7,1044630.45833333,934279.75,105712.5,94583.7,615233.823388029,3.76987172933638
"WY",56033000600,44.8342288,-107.4379982,2464862790,4697,2015,274374.826064631,86869.1742053557,793875.04288261,29504.4618550666,666.767499549529,135187.110533667,67843.5930791646,41172.8930971834,0.107533414337789,0.00243013365735115,0.492709599027947,0.24726609963548,0.150060753341434,0.254277907936871,0.00574639339970327,0.492709599027947,0.24726609963548,0,11268,4,0.00558259982777176,0.602673147023087,0.752733900364521,0.00558259982777176,1,-32.8,39.4,0.901924528301887,1.42219718309859,7,1044682.85833333,934335.85,105712.5,94583.7,359689.492228905,1.74201473252859
"WY",56035000101,42.6499549,-110.1461995,6477218328,4321,2160,290610.102943999,81383.0631728514,13733.1130478867,134700.490262087,2707.54754295652,67463.0596119999,48284.5978493912,37454.4076775651,0.463509316770186,0.0093167701863354,0.232142857142857,0.166149068322981,0.12888198757764,0.589851757794572,0.0118563167395894,0.232142857142857,0.166149068322981,0,10430,35,0.0621345936321405,0.704968944099378,0.833850931677018,0.0621345936321405,1,-38.3,33.3,0.876811320754717,1.45666197183099,6,1386921.86666667,1265480.66666667,141501.8,129191.65,380972.999104131,2.24973632300511
"WY",56035000102,42.9507617,-109.6274284,6178853757,5926,3610,505740.36759719,75700.4617137157,25868.9437026285,155528.758207308,13867.0745954068,97613.3290147265,89184.3228881067,149546.882891642,0.30752688172043,0.0274193548387097,0.193010752688172,0.176344086021505,0.295698924731183,0.579019313415834,0.0516258478744887,0.193010752688172,0.176344086021505,0,10382,14,0.0226363561858481,0.527956989247312,0.823655913978495,0.0226363561858481,1,-38,32.2,0.87188679245283,1.45342253521127,6,1402462.05714286,1280091.36428571,142230.95,129916.95,662996.305564282,2.27881822794888
"WY",56037970500,41.7330689,-109.6934385,2644841016,2720,1333,167931.070081549,73329.2058018886,50695.2365817628,142057.490098426,0,6097.59528264704,15820.7877603815,3955.19694009537,0.845927379784102,0,0.0363101079489696,0.0942100098135427,0.0235525024533857,0.869479882237488,0,0.0363101079489696,0.0942100098135427,0,7683,370,0.59715666023064,0.882237487733072,0.905789990186458,0.59715666023064,1,-31.1,33.9,0.886358490566038,1.46088732394366,6,1093523.8,980320.2,113602.5,102056.3,220147.898382123,3.91406950801587
"WY",56037970601,41.4995093,-109.3867404,88883073,4675,1827,206546.958515063,32964.9714261059,2695.58170467097,174750.778681584,0,8461.88656858732,22180.3996419031,1153.89362298918,0.846058348851645,0,0.0409683426443203,0.107386716325264,0.00558659217877095,0.851644941030416,0,0.0409683426443203,0.107386716325264,0,7683,370,0.59715666023064,0.887026691495965,0.892613283674736,0.59715666023064,1,-29.4,33.9,0.886358490566038,1.46088732394366,6,1093582.15,980378.55,113602.5,102056.3,270771.089663333,3.91406950801587
"WY",56037970602,41.497363,-109.4560389,1500338,3471,1180,170556.607207549,10648.4534832311,190.265428707091,156944.108040749,0,0,13612.4991667996,0,0.92018779342723,0,0,0.07981220657277,0,0.92018779342723,0,0,0.07981220657277,0,7683,370,0.59715666023064,0.92018779342723,0.92018779342723,0.59715666023064,1,-29.4,33.9,0.886358490566038,1.46088732394366,6,1093582.15,980378.55,113602.5,102056.3,223589.82535926,3.91406950801587
"WY",56037970700,41.2783954,-109.7622413,2649442625,3709,1542,214026.309932279,39783.2184579717,3319.51851666582,176463.813416905,0,16303.7218917793,14545.4773740384,6713.29724955617,0.824495892457057,0,0.0761762509335325,0.0679611650485437,0.0313666915608663,0.855862584017923,0,0.0761762509335325,0.0679611650485437,0,7767,302,0.514999778513217,0.90067214339059,0.932038834951456,0.514999778513217,1,-29.4,33.9,0.886358490566038,1.46088732394366,6,1093582.15,980378.55,113602.5,102056.3,280576.085814206,3.86317617436429
"WY",56037970800,41.6619811,-109.1694097,137567939,5879,2574,290203.545292497,93045.9239204768,5856.88646034559,269055.108793449,0,1879.86102213763,16801.2578853551,2467.31759155564,0.927125506072874,0,0.00647773279352227,0.0578947368421053,0.00850202429149798,0.935627530364372,0,0.00647773279352227,0.0578947368421053,0,7528,321,0.539290688406499,0.933603238866396,0.942105263157894,0.539290688406499,1,-29.4,33.9,0.886358490566038,1.46088732394366,6,1091935.55,978731.95,113602.5,102056.3,380440.025590023,4.00797982606344
"WY",56037970901,41.6683526,-109.287975,111524392,6305,2517,344496.357199662,65696.6640313382,10809.9190587251,301916.35036295,1767.47198190125,16228.6063792751,19120.8332587499,5463.09521678569,0.876399253731343,0.00513059701492537,0.0471082089552239,0.0555037313432836,0.0158582089552239,0.89216516623233,0.00522289346916212,0.0471082089552239,0.0555037313432836,0,7528,321,0.539290688406499,0.928638059701492,0.944496268656716,0.539290688406499,1,-29.4,33.9,0.886358490566038,1.46088732394366,6,1091935.55,978731.95,113602.5,102056.3,451614.754797751,4.00797982606344
"WY",56037970902,41.6042007,-109.2473249,7273576,4105,1760,241054.504382724,51452.4907593288,7161.24498308139,200491.704030589,0,1548.1984867227,33441.0873132102,5573.51455220171,0.831727681438664,0,0.00642260757867694,0.138728323699422,0.023121387283237,0.854849068721901,0,0.00642260757867694,0.138728323699422,0,7528,321,0.539290688406499,0.838150289017341,0.861271676300578,0.539290688406499,1,-29.4,33.9,0.886358490566038,1.46088732394366,6,1093582.15,980378.55,113602.5,102056.3,316008.481989847,4.00797982606344
"WY",56037970903,41.5747131,-109.2595659,12291525,2841,1174,124149.862960165,113618.746670491,5766.5846051303,86942.4872798731,0,0,37207.3756802915,0,0.700302724520686,0,0,0.299697275479314,0,0.700302724520686,0,0,0.299697275479314,0,7528,321,0.539290688406499,0.700302724520686,0.700302724520686,0.539290688406499,1,-29.4,33.9,0.886358490566038,1.46088732394366,6,1093582.15,980378.55,113602.5,102056.3,162753.273720203,4.00797982606344
"WY",56037971000,41.51031,-109.228292,126009072,2164,997,126590.145713654,25565.8944868959,6011.47712169268,116489.868130118,0,0,5117.47397565835,4982.80360787786,0.920212765957447,0,0,0.0404255319148936,0.0393617021276596,0.959574468085107,0,0,0.0404255319148936,0,7528,321,0.539290688406499,0.920212765957447,0.959574468085107,0.539290688406499,1,-29.4,33.9,0.886358490566038,1.46088732394366,6,1093582.15,980378.55,113602.5,102056.3,165952.342953656,4.00797982606344
"WY",56037971100,41.5625313,-109.192862,11983658,3321,1530,198973.508322329,49809.1292805358,4397.1008924903,178120.977024181,0,0,19372.6742382795,0,0.895199459093982,0,0,0.0973630831643002,0,0.895199459093982,0,0,0.0973630831643002,0,7528,321,0.539290688406499,0.895199459093982,0.895199459093982,0.539290688406499,1,-29.4,33.9,0.886358490566038,1.46088732394366,6,1093582.15,980378.55,113602.5,102056.3,260842.7354724,4.00797982606344
"WY",56037971200,41.5725375,-109.1487786,34921108,2524,1138,167891.303729598,19688.6623193192,3559.95163528249,145327.66255639,0,0,19891.631034276,1632.89508490326,0.865605658709107,0,0,0.118479221927498,0.00972590627763042,0.875331564986737,0,0,0.118479221927498,0,7528,321,0.539290688406499,0.865605658709107,0.875331564986737,0.539290688406499,1,-29.4,33.9,0.886358490566038,1.46088732394366,6,1093582.15,980378.55,113602.5,102056.3,220095.766999859,4.00797982606344
"WY",56037971600,41.6969563,-108.6560648,21178658464,2092,1163,139009.518886109,50830.1337635292,8352.54059439508,31375.840585654,0,57349.2185539106,18700.8321371448,31168.0535619079,0.225710014947683,0,0.412556053811659,0.134529147982063,0.224215246636771,0.449925261584454,0,0.412556053811659,0.134529147982063,0,8365,163,0.303528242538786,0.638266068759342,0.862481315396113,0.303528242538786,1,-29.4,33.9,0.890471698113208,1.45323943661972,6,1091935.55,978731.95,113602.5,102056.3,182233.421266392,3.50086410860657
"WY",56039967600,44.0493205,-110.5881023,9990325489,4600,3768,514164.608323798,161015.086067558,8708.1733711281,13647.7622521031,15724.5956382927,106215.193179411,263461.149562338,115115.907691652,0.0265435660703982,0.0305828043854587,0.206578188113099,0.512406231967686,0.223889209463358,0.130572895720039,0.150442684199175,0.206578188113099,0.512406231967686,0,11178,8,0.0121300937827924,0.263704558568956,0.487593768032313,0.0121300937827924,1,-34,32,0.854207547169811,1.40688732394366,6,1350236.35,1227111.1,139765.866666667,127227.133333333,674039.996827175,1.79654330429814
"WY",56039967701,43.4731293,-110.6883203,60999416,2271,1134,130479.626262935,144887.399136932,4685.56488371601,17908.968310599,2078.71953605166,0,106974.105355274,3517.83306101051,0.137254901960784,0.0159313725490196,0,0.819852941176471,0.0269607843137255,0.161411764705882,0.0187352941176471,0,0.819852941176471,0,9372,44,0.0796229564757326,0.153186274509804,0.180147058823529,0.0796229564757326,1,-34,32,0.850188679245283,1.42402816901408,6,1343443.4,1220430.95,138997.566666667,126460.933333333,171051.226491446,2.89074997780722
"WY",56039967702,43.4823657,-110.8750345,218834253,6411,3987,504036.054835397,127924.605794973,7985.01640319977,51942.6468723501,25490.3730021718,67573.5359774554,317427.286442139,41602.2125412804,0.103053435114504,0.0505725190839695,0.134064885496183,0.629770992366412,0.0825381679389313,0.158420653359253,0.0777434687781518,0.134064885496183,0.629770992366412,0,9372,44,0.0796229564757326,0.287690839694657,0.370229007633588,0.0796229564757326,1,-34,32,0.850188679245283,1.42402816901408,6,1335753.75,1213029.8,138412.066666667,125874.933333333,660762.050327819,2.89074997780722
"WY",56039967800,43.4386519,-110.7694503,77824633,8012,3924,484939.93532748,101476.503516264,6490.67102338038,69522.3624097803,6523.08585573247,15621.0740229383,363232.88607184,30040.526967189,0.143362831858407,0.0134513274336283,0.032212389380531,0.749026548672566,0.0619469026548673,0.199996004714437,0.0187650572324657,0.032212389380531,0.749026548672566,0,9372,44,0.0796229564757326,0.189026548672566,0.250973451327434,0.0796229564757326,1,-34,32,0.850188679245283,1.42402816901408,6,1343443.4,1220430.95,138997.566666667,126460.933333333,635728.144601617,2.89074997780722
"WY",56041975200,41.295517,-110.323344,2952853178,6505,2599,339353.714778181,75984.2811029274,14026.6869952409,177210.771906367,2784.27275638469,52246.0593698068,55521.6743773182,51590.9363683045,0.522200772200772,0.0082046332046332,0.153957528957529,0.163610038610039,0.152027027027027,0.671876152767872,0.0105562796645599,0.153957528957529,0.163610038610039,0,8348,93,0.175085421858969,0.684362934362934,0.836389961389961,0.175085421858969,1,-30,36.7,0.896452830188679,1.47223943661972,6,1078510.54285714,967541.567857143,104034.65,93447.95,444873.048687797,3.51116394994082
"WY",56041975300,41.2727663,-110.7963281,2305279654,7761,3126,383503.836211955,84861.9105731297,24333.6282382462,319560.912017897,0,3689.01485734947,46881.2304788161,13372.6788578918,0.833266533066132,0,0.00961923847695391,0.122244488977956,0.0348697394789579,0.86813627254509,0,0.00961923847695391,0.122244488977956,0,8572,78,0.146097969215947,0.842885771543086,0.877755511022044,0.146097969215947,1,-30,37.8,0.896452830188679,1.47223943661972,6,1076503.55,961634.967857143,107357.6,96007.7,502751.298628329,3.3754483935366
"WY",56041975400,41.3532973,-111.0075603,132316728,6852,2988,357408.503105693,147768.231302895,17685.1158250524,231946.521189535,0,38613.8242662124,68925.0173762085,17923.1402737368,0.648967551622419,0,0.108038348082596,0.192846607669617,0.0501474926253687,0.699115044247788,0,0.108038348082596,0.192846607669617,0,8572,161,0.300046663215855,0.757005899705015,0.807153392330384,0.300046663215855,1,-30,37.8,0.908754716981131,1.47816901408451,6,1071635.35,956852.767857143,103733.8,92470.8,468541.829599547,3.3754483935366
"WY",56043000200,43.8788305,-107.669052,5780555622,3326,1496,191461.549193194,43610.730139604,15646.3581756082,74974.6379775491,1736.25477421693,56665.0421767161,33935.8887687854,24149.7254959263,0.39159109645507,0.0090684253915911,0.2959604286892,0.17724649629019,0.126133553173949,0.514869774968703,0.0119233000519068,0.2959604286892,0.17724649629019,0,6928,722,0.854555873908726,0.696619950535861,0.82275350370981,0.854555873908726,1,-35.6,39.4,0.87333962264151,1.42402816901408,6,1083862.01666667,977345.25,109534.1,98647.25,250994.99250138,4.37150363786047
"WY",56043000301,44.0143691,-107.9563794,1993201,2665,1253,161436.214849247,74395.3614029409,7437.72448028903,147279.700433666,0,2597.52558084066,5714.55627784946,4545.66976647116,0.912308930008045,0,0.0160901045856798,0.0353982300884956,0.0281576830249397,0.940466613032985,0,0.0160901045856798,0.0353982300884956,0,7689,631,0.809285058200818,0.928399034593725,0.956556717618665,0.809285058200818,1,-35.6,39.4,0.901924528301887,1.42219718309859,6,1083862.01666667,977345.25,109534.1,98647.25,211633.51966118,3.9104342698979
"WY",56043000302,44.0285717,-107.9507941,15265794,2542,1084,130808.31705123,54709.3922907256,10290.8694732392,112081.781736367,0,4438.88244500462,11790.7814945435,1387.15076406394,0.856839872746554,0,0.0339342523860021,0.0901378579003181,0.0106044538706257,0.86744432661718,0,0.0339342523860021,0.0901378579003181,0,7689,631,0.809285058200818,0.890774125132556,0.901378579003182,0.809285058200818,1,-35.6,39.4,0.901924528301887,1.42219718309859,6,1083862.01666667,977345.25,109534.1,98647.25,171482.121061615,3.9104342698979
"WY",56045951100,43.8462133,-104.5700202,6100218845,3314,1584,203564.960276749,31401.7849540335,13802.6050671476,31722.3391504096,3028.7660495366,69342.8016604431,50373.1616659771,48460.2567925855,0.155833985904464,0.0148786217697729,0.340642129992169,0.247454972592013,0.238057948316367,0.373143764413441,0.0356267915771626,0.340642129992169,0.247454972592013,0,7646,577,0.776515407850994,0.511354737666406,0.749412685982773,0.776515407850994,1,-33.4,32.8,0.921150943396226,1.41992957746479,7,1170590.76666667,1051601.55,117529.666666667,105413.8,266861.862831007,3.93648680974335
"WY",56045951300,43.8595602,-104.2444608,110801960,3894,1949,246698.53789546,70595.8115677332,8152.98484124932,150187.901092401,0,35649.2942123659,34564.9050348035,24263.2078479601,0.608791208791209,0,0.144505494505494,0.14010989010989,0.0983516483516483,0.707142857142857,0,0.144505494505494,0.14010989010989,0,7075,715,0.851468710278268,0.753296703296703,0.851648351648351,0.851468710278268,1,-30.6,35,0.921150943396226,1.41992957746479,7,1114816.85,997385.95,111874.7,100057.6,323407.482756195,4.2824403039702
