state,id,pop.2010,h.units.2010,res.area.m2,com.area.m2,hdd65,cdd65
OR,41001950100,2761,1936,262454.793463763,34541.9076651562,7845,131
OR,41001950200,3145,1524,191050.45561393801,63187.444753735195,7673,168
OR,41001950300,2648,1353,162133.082362038,22599.5935782192,7673,168
OR,41001950400,3026,1468,169087.157571899,43848.5622146486,7673,168
OR,41001950500,2630,1133,143449.63243497402,65057.9551175844,7673,168
OR,41001950600,1924,1412,167349.493663905,30070.0198514787,6190,595
OR,41003000100,7059,3070,364714.285769763,50365.6178286661,4772,256
OR,41003000202,5234,2396,309718.19964933,47230.2331567899,4882,172
OR,41003000400,7820,3422,509814.620450681,50460.9356843784,4772,256
OR,41003000500,3141,1382,218247.35782110802,80443.1622225151,4772,256
OR,41003000600,4845,2205,240428.520075056,51936.2369675764,4772,256
OR,41003000900,5438,2486,315600.7396658,20665.5380143897,4772,256
OR,41003001001,3872,1870,184292.32117451698,67852.6640862972,4772,256
OR,41003001002,3159,1377,178331.2885204,27630.4785933839,4772,256
OR,41003001101,3662,1388,117921.363454453,79163.3302054617,4772,256
OR,41003001102,4519,2211,224038.46581037898,84764.8272642258,4772,256
OR,41003010100,8519,3325,547453.9225737329,54081.1815830721,4772,256
OR,41003010200,4090,1663,252574.19576621102,55138.1395667003,4947,226
OR,41003010300,3203,1461,210182.91002663,21382.4707424827,4947,226
OR,41003010400,3808,1629,220987.90154899,54956.235971798604,4882,172
OR,41003010600,5507,2019,173797.708837848,231917.202239507,4772,256
OR,41003010702,3645,984,91861.5962972916,146356.660376365,4772,256
OR,41003010800,3455,1428,178016.53217639102,34469.4432317111,4947,226
OR,41003010900,4603,1929,282229.02741219697,28732.495007566,4947,226
OR,41005020100,3870,1805,298189.390142762,55347.3583285458,4235,413
OR,41005020200,6193,3032,426559.847718753,120144.070121805,4235,413
OR,41005020302,3591,1649,218819.358700123,196476.17819978698,4447,330
OR,41005020303,5275,2833,346475.75732147397,57707.9310011459,4235,413
OR,41005020304,5438,2251,308216.236041856,62257.207002549905,4447,330
OR,41005020401,5059,2152,333946.202617949,69872.18978638611,4447,330
OR,41005020403,3628,1358,242598.642825589,18741.8879505749,4076,495
OR,41005020404,3708,1542,261727.369689607,34391.2183619935,4076,495
OR,41005020501,6921,2842,432666.089839457,50084.0279916405,4076,495
OR,41005020503,2339,1021,157704.022054551,24789.597354486803,4076,495
OR,41005020504,6316,2534,413827.501131471,41367.7725521346,4076,495
OR,41005020505,2661,1184,144470.821108464,43888.8824024984,4076,495
OR,41005020600,7814,3053,489560.950324296,61056.9922153713,4076,495
OR,41005020700,3781,1498,236696.136438935,38176.3677438344,4076,495
OR,41005020800,3989,2091,218685.118796217,288991.527317157,4235,413
OR,41005020900,3799,1687,222183.199076739,31540.024969269103,4235,413
OR,41005021000,4509,1932,274311.37075391604,27067.022183473196,4076,495
OR,41005021100,5424,2249,294273.624411884,36746.5896163512,4076,495
OR,41005021200,3859,2139,214983.39740989398,34491.9262644224,4076,495
OR,41005021300,5937,2438,349122.924444471,55751.114295638705,4076,495
OR,41005021400,4719,2071,267468.96921872103,50348.3374748914,4076,495
OR,41005021500,4927,2104,304225.595357657,141329.398988534,4076,495
OR,41005021601,5951,2458,263456.481909931,59527.90207779,4076,495
OR,41005021602,4924,2080,250623.698068143,41795.6848796889,4076,495
OR,41005021700,6082,2813,324923.262603582,88832.7719083976,4076,495
OR,41005021801,5612,2152,355837.232916214,28967.3541695371,4076,495
OR,41005021802,4300,1919,208970.52808319198,35511.7228796896,4076,495
OR,41005021900,3515,1463,170816.913732922,36523.807660987004,4076,495
OR,41005022000,6412,2609,381420.68088531896,64007.221857816396,4076,495
OR,41005022101,6592,2662,341780.343324759,30741.6162258575,4076,495
OR,41005022103,5827,2190,317007.181240834,27757.291755808703,4076,495
OR,41005022105,6054,2272,316369.791551177,162710.94456631198,4076,495
OR,41005022107,3685,1870,167670.482075759,124912.68987363,4076,495
OR,41005022108,2898,1346,120172.499936636,215073.327320356,4076,495
OR,41005022201,4779,2457,212949.00214253698,158930.625427197,4076,495
OR,41005022205,3339,1275,189221.380765875,47477.263782934104,4076,495
OR,41005022206,6412,2486,357429.95014594705,36551.400741800695,4076,495
OR,41005022207,5095,1703,325603.789315196,18235.3804064824,4076,495
OR,41005022208,6062,1966,336625.810531187,21826.361301306202,4374,370
OR,41005022301,3867,1474,236422.43450479198,62292.5096709379,4076,495
OR,41005022302,5274,2147,279055.828507924,33655.1481660078,4076,495
OR,41005022400,3968,1875,229071.766843421,137057.62659263698,4076,495
OR,41005022500,7756,3189,421220.62147614296,69035.1344801646,4076,495
OR,41005022602,4171,1599,268848.394226472,18786.7598439019,4076,495
OR,41005022603,3239,1499,191211.267849732,64949.2591116994,4076,495
OR,41005022605,7363,2801,328591.540434908,74648.4291491915,4076,495
OR,41005022606,4342,1617,234356.370412928,13463.2297166867,4076,495
OR,41005022702,6685,2629,428569.150617301,101596.720948397,4447,349
OR,41005022707,3835,1743,250336.728133388,153541.131478052,4447,349
OR,41005022708,4175,1529,211938.40976032,49497.997069253,4451,336
OR,41005022710,2570,1208,117970.697639655,21664.1527541885,4447,349
OR,41005022800,3977,2230,303846.92679835,74584.8834930573,4447,349
OR,41005022901,3481,1274,202982.178951269,32387.3935896768,4076,495
OR,41005022904,3611,1323,154921.95647051302,48836.248678171796,4447,349
OR,41005022905,4092,1559,263851.317171975,15526.3277972436,4447,349
OR,41005022906,2950,1293,162865.069285468,36703.4826680362,4447,349
OR,41005022907,4227,1430,167821.718326989,33328.036237936096,4447,349
OR,41005023001,3472,1281,217164.112907448,29295.208542472203,4076,495
OR,41005023002,3570,1372,190161.377803968,26421.8107992147,4076,495
OR,41005023100,6127,2366,396100.400740169,48607.7063989476,4076,495
OR,41005023201,4283,1555,263917.571686588,34545.6234987568,4641,339
OR,41005023202,6487,2366,375972.464370161,42490.7849985439,4076,495
OR,41005023300,4931,1879,317065.543333761,69409.2545298585,4641,339
OR,41005023401,4416,1743,248033.46783111698,37300.849116759,4545,268
OR,41005023403,4931,1932,265592.05591789697,13164.546787756999,5087,203
OR,41005023404,5685,2293,310151.22579313396,66510.4015041439,5087,203
OR,41005023500,5785,2224,302489.978179814,47620.7975258016,4545,268
OR,41005023600,3840,1533,224032.97567085602,28107.8147464258,4545,268
OR,41005023700,4637,1795,268715.077173055,34799.7138993749,4463,352
OR,41005023800,6414,2396,336339.199068386,81755.975505322,4451,336
OR,41005023901,5065,1867,251880.58925882,19344.8283020596,4463,352
OR,41005023902,4832,1843,243215.88664059603,59197.5390449948,4463,352
OR,41005024000,2844,1055,137751.793401049,22577.203838740697,6121,116
OR,41005024100,4968,1893,265438.86144709896,36227.1690225751,4463,352
OR,41005024200,5529,2280,284838.85686473397,56850.4360302038,4545,268
OR,41005024302,4959,2160,335251.485119018,40289.260744569,5087,203
OR,41005024303,3191,1977,287811.28864662,45703.556827851906,5087,203
OR,41005024304,2450,2631,347592.632470429,30876.8826256725,8305,60
OR,41005024400,6400,2852,290562.902715613,107411.89293671401,4447,349
OR,41005980000,297,47,3164.4633735638204,19221.3610054592,5736,170
OR,41007950100,3126,1533,189679.116353525,33599.7780684385,5023,13
OR,41007950200,3663,2071,227247.987570832,141566.58040320198,5023,13
OR,41007950300,3039,1397,164545.037631538,70068.2151023089,5023,13
OR,41007950400,3492,1513,203403.21540220102,44366.5902234421,5068,31
OR,41007950500,4701,2091,260419.865826685,91124.78219879369,5023,13
OR,41007950600,2554,1054,150650.638875874,22747.216390792404,5068,31
OR,41007950700,2041,1836,242727.674688196,20207.1542821783,5222,6
OR,41007950900,4493,3464,405854.9126773,155937.937989926,5222,6
OR,41007951100,4572,3764,481153.94702282705,100863.623737949,5222,6
OR,41007951200,3035,1568,205251.61055691302,10997.9547150659,5282,102
OR,41007951300,2323,1255,173746.805117101,38366.5402063274,5068,31
OR,41009970200,6154,2704,356810.762109074,57095.60681088059,5282,102
OR,41009970300,4257,1918,246653.119972877,41917.1085490991,4684,204
OR,41009970400,2472,1032,138908.623706945,8949.814228335741,5156,294
OR,41009970500,6287,2524,360969.55255018704,58545.3584769456,5156,294
OR,41009970600,6118,2397,352771.603061215,57041.6306035816,5156,294
OR,41009970700,4169,1784,231855.230081232,51528.391547088206,5156,294
OR,41009970800,6851,2728,363765.110027448,76697.0351591197,5156,294
OR,41009970900,4877,2090,263192.441811122,38283.3913825867,4932,251
OR,41009971000,4627,1918,277042.26044195803,39670.5267109169,4932,251
OR,41009971100,3539,1603,222189.039893651,33168.8935515254,6007,61
OR,41011000100,5826,3176,379767.180674803,37125.5415262136,4827,2
OR,41011000200,2456,1152,148961.198383898,27876.764866436202,4827,2
OR,41011000300,3394,1606,202317.268919234,119073.547706261,4827,2
OR,41011000400,6354,2871,374415.683879496,92345.62295566211,4827,2
OR,41011000502,2876,1444,177265.60105126302,24068.2974923152,5279,0
OR,41011000503,2935,1158,141708.16717613098,26853.902396036203,4827,2
OR,41011000504,6166,3033,342763.170299385,58270.5509241618,4827,2
OR,41011000600,2604,1196,171859.289852346,50685.5762635351,4827,2
OR,41011000700,7415,3596,387160.514897138,193284.217354715,4827,2
OR,41011000800,2963,1344,165693.96036697802,16784.420482498303,4827,2
OR,41011000900,7385,3391,436323.68898101896,92955.065120827,4430,22
OR,41011001000,6814,3822,453318.61266841897,119699.713288198,4490,4
OR,41011001100,5855,2804,348959.90130677604,50248.8389507921,4046,159
OR,41013950100,7267,3215,460965.95206305204,87103.29010491651,7837,96
OR,41013950200,4268,1920,242368.51497482602,99941.1881782303,7110,106
OR,41013950300,5566,2703,361053.090738929,109747.289800568,6715,223
OR,41013950400,3877,2364,281694.096900228,16549.7478447478,6886,225
OR,41015950100,3106,2000,234597.36124057102,47555.115008702305,3977,539
OR,41015950200,5153,3139,360529.019127255,87589.8220191798,4153,14
OR,41015950301,4499,2256,279317.074804217,83818.4233082633,4020,46
OR,41015950302,4801,2493,336062.43930779,121873.73856749301,4292,27
OR,41015950400,4805,2725,294908.627149308,43059.5374345077,4013,689
OR,41017000100,1869,828,141057.00455784,15999.203995850601,8164,104
OR,41017000200,4595,2906,363741.42337453703,76289.281863144,7480,127
OR,41017000300,7968,4636,611472.736953706,48791.0973371456,7844,68
OR,41017000401,4865,2132,280756.619360064,40532.3887509055,7844,68
OR,41017000402,2756,5371,698769.74224012,29069.1749667725,7844,68
OR,41017000500,5921,4303,643858.087833146,105544.45009839401,6998,161
OR,41017000600,6537,4113,628306.608748914,55168.8912793387,6998,161
OR,41017000700,7670,3255,429567.392265923,47420.9627309429,6715,223
OR,41017000800,6426,2768,375072.52411378705,82729.97212960871,6715,223
OR,41017000900,6994,3061,323574.873379024,160887.718729209,6715,223
OR,41017001001,12537,5147,694123.960121536,101963.503762185,6715,223
OR,41017001002,2314,1095,147295.726112578,14829.7406676851,6776,202
OR,41017001100,10254,4272,631148.588065512,274622.036879008,6899,177
OR,41017001200,6867,2851,465957.051325324,52621.211358347406,6776,202
OR,41017001300,10806,5084,782359.163881278,93737.49520375721,6899,177
OR,41017001400,5445,2831,429364.96567599,99833.6988072482,6899,177
OR,41017001500,5537,2914,337351.73885997303,190892.42852023698,6899,177
OR,41017001600,5187,2693,299445.648290267,318698.302084031,6899,177
OR,41017001700,7550,3356,431978.147727035,65804.6164942457,6899,177
OR,41017001800,7637,3946,426839.11607789295,109048.009399803,6899,177
OR,41017001901,1642,697,102835.39294619599,16086.3474310601,6899,177
OR,41017001902,8205,3627,505460.98724901,82980.34437219231,6899,177
OR,41017002000,7002,3206,446395.400739387,67192.9612092669,6899,177
OR,41017002100,11149,5047,695349.431185427,64655.87103917349,6899,177
OR,41019010000,2319,1401,150328.362140403,43181.8898779056,4663,13
OR,41019020000,3708,1976,240838.675210048,53226.1957662343,3942,356
OR,41019030000,3970,1878,239058.94655118897,49699.6894362417,4233,262
OR,41019040000,2718,1254,143475.740927067,18402.5128899716,4238,328
OR,41019050001,4560,2007,258332.978055385,43639.9946622361,4888,221
OR,41019050002,6865,3143,366676.782042234,58511.1707648825,4319,380
OR,41019060000,3558,1545,208499.04526203,17685.301361713602,4319,380
OR,41019070000,5237,2183,321576.433458286,47111.0391640558,4319,380
OR,41019080000,7347,3421,430435.66236834705,215163.441835662,4319,380
OR,41019090000,5703,2777,331075.320632344,59802.802162930704,4319,380
OR,41019100000,3229,1582,201082.31330873698,51417.8384085046,5612,292
OR,41019110000,2773,1256,177288.818749137,30016.6011172325,4065,480
OR,41019120000,7666,3527,398751.638465606,182584.295528795,4065,480
OR,41019130000,5640,2449,287541.866499117,139988.346003961,3926,586
OR,41019140000,5139,2432,289619.456022278,88526.7486721873,3926,586
OR,41019150000,7282,2854,373196.616148346,40161.5194185296,3926,586
OR,41019160000,7451,3227,391515.05960862397,58505.874657074695,3926,586
OR,41019170000,3791,1646,204059.673155605,21676.0448106108,4089,439
OR,41019180000,4699,2022,262253.666736005,33335.840104444505,3926,586
OR,41019190000,4504,1926,238172.45907028398,37402.2066279017,4089,439
OR,41019200000,5041,2248,267708.56744373,81770.6533653081,4089,439
OR,41019210000,4467,2161,266105.802970401,36454.595527927595,4089,439
OR,41021960100,1871,1156,145354.42986883,40392.1047740289,6451,284
OR,41023960100,2157,1529,184246.14278481,24054.3622276955,6126,388
OR,41023960200,5288,2815,343488.465586856,90701.8889960657,8974,39
OR,41025960100,5281,2683,342930.76958813396,83462.7908622651,7467,250
OR,41025960200,2141,1152,132717.56907715698,15363.7472942246,6567,212
OR,41027950100,4223,1663,228318.79908763102,68794.2373926178,6019,176
OR,41027950200,6644,2787,391733.28344169795,87013.35917252071,5352,364
OR,41027950300,5812,2806,341046.213185797,158015.34420331198,5352,364
OR,41027950400,5667,2015,265918.982163449,76926.0397052903,5352,364
OR,41029000100,1782,919,86924.4513153432,287926.21852174,4891,458
OR,41029000201,3686,1493,174373.896295742,83976.2645206318,4891,458
OR,41029000202,3670,1493,175017.716606551,23475.2977744718,4891,458
OR,41029000203,3956,1554,203740.17502557,16259.9832221105,4891,458
OR,41029000300,5603,2392,277495.71367326897,75083.4943168401,4250,828
OR,41029000403,3645,1666,246584.641618685,25955.5300373264,4891,458
OR,41029000404,4614,1801,294703.299201152,22564.4761036801,4250,828
OR,41029000405,4016,1742,186976.654618536,68728.3679759698,4250,828
OR,41029000406,4536,2048,215986.748397768,100660.908685935,4250,828
OR,41029000501,2872,1466,170276.03378087698,54818.831637059404,4891,458
OR,41029000502,5264,2511,266374.850786472,134115.105674697,4891,458
OR,41029000601,6790,2844,417215.64507806,133558.991062232,4891,458
OR,41029000602,5596,2965,345391.482972453,140433.998492164,4891,458
OR,41029000700,9399,3732,538112.984549582,163498.669461052,4891,458
OR,41029000800,5647,2439,282234.229605251,89856.74870152381,4891,458
OR,41029000900,8171,3304,501661.06529625,80016.5531889736,4250,828
OR,41029001001,6476,2712,370528.81133686897,70024.6446282113,4250,828
OR,41029001002,4231,1671,207900.839296845,45051.099675375306,4250,828
OR,41029001100,5689,2226,299124.092179522,40785.7357181719,4250,828
OR,41029001200,3904,1570,189026.564321031,193015.35489786,4250,828
OR,41029001301,5060,1664,205643.845653318,156262.63237651,4250,828
OR,41029001302,8950,3667,483297.41167896,26959.626068562597,4250,828
OR,41029001400,10474,4431,609921.632130864,54063.437946920705,4250,828
OR,41029001500,4674,2359,327605.291757706,48819.061422533494,4703,491
OR,41029001601,3639,1871,172417.354159596,57224.9284501464,4891,458
OR,41029001602,5998,2760,334564.941455618,58710.1689845885,4891,458
OR,41029001700,7322,3350,389505.095937205,75790.5790272614,5076,366
OR,41029001800,7817,4033,499514.283660635,117592.767822097,5076,366
OR,41029001900,3038,1203,127144.3148417,74979.3507020567,5076,366
OR,41029002000,1976,1304,152133.93391382,112029.173874211,5076,366
OR,41029002100,3424,1858,238818.886414124,48315.9910986116,5076,366
OR,41029002200,4481,2390,329926.477192436,28639.6841208785,5076,366
OR,41029002300,1712,802,124525.839165217,11481.3291290636,5076,366
OR,41029002400,2112,906,131409.49109017,23972.421559680297,5076,366
OR,41029002500,2547,1284,202625.242792265,46781.3259090578,7411,117
OR,41029002600,2769,1363,169836.052598699,22778.803310121602,5086,369
OR,41029002700,6921,3315,409903.542983842,46805.01595571639,4924,464
OR,41029002800,4686,2023,284269.836245565,48603.8044889192,4250,828
OR,41029002900,7258,3532,449335.109805609,65290.8621544274,6230,254
OR,41029003001,3822,1826,221961.250353876,21431.7094075664,4703,491
OR,41029003002,4979,2448,325473.267126177,45322.9337362996,4703,491
OR,41031940000,3133,802,94833.1016844367,37938.5349469332,5345,577
OR,41031960100,2187,713,94448.29337503552,35794.705818238705,7110,106
OR,41031960201,3412,1426,161962.24211079,45232.8169225723,6106,368
OR,41031960202,5305,2284,291477.528162023,49085.135537713206,6106,368
OR,41031960301,3530,1986,253924.45266146,7527.840275799009,6553,180
OR,41031960302,4153,2604,332306.281659243,31634.1354384929,6998,161
OR,41033360100,2038,998,123923.82662245801,20411.355245853,6230,254
OR,41033360300,5438,2275,289158.392382962,67590.95625234621,6230,254
OR,41033360400,4177,1928,262750.232845632,38833.9353671223,6230,254
OR,41033360500,5565,2541,274712.61218596104,155637.208945863,4326,617
OR,41033360600,6493,2850,377195.62954994204,178819.30830100397,4326,617
OR,41033360701,4248,1825,224821.17367432802,93699.403605618,4326,617
OR,41033360702,5741,2848,324219.07387043897,42068.8194689025,4326,617
OR,41033360800,5080,2341,299776.176584564,32380.3328387919,4326,617
OR,41033360900,2544,1226,150071.394035605,12067.0830127276,4013,689
OR,41033361000,4798,2071,260415.59162258802,35249.7359705806,4326,617
OR,41033361100,8956,4145,496392.36068199,51907.7162155341,4326,617
OR,41033361200,6980,3137,374642.574137353,109939.13438493,4326,617
OR,41033361300,7088,3107,421147.137440195,48479.5007927529,4326,617
OR,41033361400,2648,1263,159643.188462662,24045.629233238902,4326,617
OR,41033361500,2571,1249,149622.11453839802,17021.0445402428,4013,689
OR,41033361600,8348,4197,482155.62911349704,83693.9336164948,4013,689
OR,41035970100,3038,2737,340052.53687988897,24768.972293388597,8290,53
OR,41035970200,4723,2960,352002.090770669,37426.2684873907,7927,85
OR,41035970300,3100,1992,260508.49572539897,25485.1617339875,7411,117
OR,41035970400,1418,611,83510.4498356437,11104.1429018633,6971,170
OR,41035970500,1608,810,92307.2533256661,14579.3668699047,6897,206
OR,41035970600,1608,624,88686.4492729403,15386.229911659299,6683,168
OR,41035970700,2174,914,121967.756011045,30157.627124625098,6971,170
OR,41035970800,2316,1005,131387.662894755,33363.5252623902,6971,170
OR,41035970900,4505,2350,327488.702064796,73540.8385823384,5864,550
OR,41035971000,2484,1088,162787.026730534,18152.6970028173,5864,550
OR,41035971100,5396,2286,301766.626848507,34723.347132263596,5864,550
OR,41035971200,2507,1171,137774.745123094,44354.6978632269,5864,550
OR,41035971300,5495,2437,325503.36065608,52512.421590069294,6971,170
OR,41035971400,5265,2145,302634.71930824104,21270.5227093469,6971,170
OR,41035971500,4166,1870,212276.94463277102,119031.461293195,5864,550
OR,41035971600,3327,1541,165246.541631262,86269.11274999719,5864,550
OR,41035971700,2904,1459,174301.063553769,25102.308582998598,5864,550
OR,41035971800,2339,1284,136273.804659588,117154.358091125,5864,550
OR,41035971900,3475,1645,186832.10016762,58319.2326531724,5864,550
OR,41035972000,4532,1845,238790.075711693,85642.6685109656,5864,550
OR,41037960100,2756,1937,216768.62121389,25034.3037128666,6470,262
OR,41037960200,5139,2502,309673.242799889,89525.4571715921,6911,190
OR,41039000100,5187,2829,393593.95402094297,53434.5769969549,5040,388
OR,41039000200,4880,2050,303675.894112391,42146.3930009809,4689,255
OR,41039000300,2341,934,137341.721283286,71441.8813562612,4807,240
OR,41039000402,3279,1441,193462.12311627,28776.2520253938,4526,341
OR,41039000403,4943,2086,259250.677608575,39426.7494600466,4807,240
OR,41039000404,3587,1507,187865.83449643102,60684.637882713796,4807,240
OR,41039000500,2147,1253,149825.380871478,22542.6437118353,4606,69
OR,41039000702,2522,1501,189521.457011863,24468.8027188644,5288,10
OR,41039000705,3589,2224,236306.506558377,85197.660883202,5093,4
OR,41039000706,2519,1731,220149.549816149,29351.8798344455,5093,4
OR,41039000707,3987,2389,266292.81727859104,46270.545337020994,5093,4
OR,41039000708,2238,1418,169236.826502393,42201.8571693814,5093,4
OR,41039000800,1613,720,88326.17320877119,14179.883867581999,4526,341
OR,41039000902,4552,1897,265005.447904122,35912.2281155291,4526,341
OR,41039000903,5319,2087,303941.483588643,35320.6209910296,4526,341
OR,41039000904,2981,1219,156658.217719119,17984.449210900602,4526,341
OR,41039001001,2451,1029,133792.923252534,38102.6027607324,4807,240
OR,41039001002,4167,1830,258970.283509855,85167.4677426593,4807,240
OR,41039001101,5549,2297,322507.335075085,47885.8503560045,4685,240
OR,41039001102,3839,1532,193928.225128064,39657.4276331151,4685,240
OR,41039001201,3996,1736,210933.28926589398,44190.5383281143,4685,240
OR,41039001202,3935,1718,213826.47416379603,44958.568440773604,4685,240
OR,41039001301,3386,1498,193932.499510535,32156.250467551097,4988,190
OR,41039001302,5058,2056,267311.58400513,45959.6914019301,4685,240
OR,41039001400,2480,1039,126927.56742559599,16311.915711174299,4988,190
OR,41039001500,4478,2230,275740.782923318,40975.721521735,5356,186
OR,41039001600,5010,2144,286699.62029778,66165.9173644167,4638,244
OR,41039001700,5338,2224,288773.682951195,57516.4578143382,4988,190
OR,41039001801,5309,1966,275267.517130239,28014.0754294919,4638,244
OR,41039001803,3924,1631,202037.917456467,25710.9158749944,4638,244
OR,41039001804,3655,1364,196929.826349108,11503.347148614499,4638,244
OR,41039001902,6503,2475,284878.165870813,50745.870028986,4638,244
OR,41039001903,2944,1145,138742.14377998302,18349.929812996,4638,244
OR,41039001904,4956,2227,234736.252958555,21667.9620352409,4638,244
OR,41039002001,3120,1351,179918.72589942897,22475.9392659412,4807,240
OR,41039002002,4983,2059,277766.979392414,19706.0353568827,4807,240
OR,41039002101,2768,1166,146007.903686215,36726.0580036339,4807,240
OR,41039002102,6541,3028,299865.366119114,173566.014608386,4807,240
OR,41039002201,3548,1705,230258.414426457,38808.2008868753,4807,240
OR,41039002202,5741,2480,336870.79115978,64440.057002260495,4807,240
OR,41039002301,3905,1665,211879.409752385,28993.645535689702,4807,240
OR,41039002302,4507,1740,262646.648147614,19259.9150767896,4807,240
OR,41039002401,3887,1555,245618.46155610698,25812.923797533,4807,240
OR,41039002403,4258,1676,270127.655307893,53164.879597254,4807,240
OR,41039002404,3990,1662,238206.08071018898,27152.0281956544,4807,240
OR,41039002501,4828,1822,262936.507925261,35398.0094946265,4807,240
OR,41039002503,7689,3107,416214.829623179,23287.726419653998,4807,240
OR,41039002504,2860,1179,131906.895746352,31023.5757491631,4807,240
OR,41039002600,6489,2628,325108.885284619,53536.3981723056,4807,240
OR,41039002700,3991,1556,220880.69983183302,18641.738323881,4807,240
OR,41039002800,4189,1796,228323.81628471898,45959.9698592829,4807,240
OR,41039002902,3992,1879,216280.22683429398,31599.761103732002,4807,240
OR,41039002903,2547,1173,169190.926954656,12558.1683233034,4807,240
OR,41039002904,3619,2134,185498.29065749,122361.758750367,4807,240
OR,41039003000,4263,2107,288442.284748135,149349.070276023,4807,240
OR,41039003101,5819,2546,340686.32625065604,56174.0087376933,4807,240
OR,41039003102,7069,3351,345759.285720407,78386.28821735519,4807,240
OR,41039003201,3230,1317,152013.620837079,20603.7572976933,4807,240
OR,41039003202,3980,1800,206339.695646493,25344.1352657958,4807,240
OR,41039003301,3287,1347,171113.181096411,25450.7878005678,4807,240
OR,41039003302,3389,1602,168319.033320589,70263.68492215559,4807,240
OR,41039003400,4813,2033,236035.50734460898,114392.905915356,4807,240
OR,41039003500,4280,1627,223978.926854257,20957.532216155,4638,244
OR,41039003600,3544,1711,231284.544547612,123587.79901725,4807,240
OR,41039003700,3972,528,52477.303729982596,215821.939950715,4807,240
OR,41039003800,6625,3060,244083.50589405102,213606.943091117,4807,240
OR,41039003900,2963,1663,136313.471425983,361525.02670303,4807,240
OR,41039004000,2474,1443,141918.309163795,69831.4988113553,4807,240
OR,41039004100,3794,1679,230118.052139749,31666.465802322404,4807,240
OR,41039004200,3652,1674,159767.308204306,146633.420900623,4807,240
OR,41039004300,6717,2875,336967.967341066,310919.716269156,4807,240
OR,41039004401,5967,2656,305605.662532588,61744.1960867931,4807,240
OR,41039004403,4739,2367,251878.344330252,105974.125417209,4807,240
OR,41039004404,3385,1450,212298.689811887,13015.3442444594,4807,240
OR,41039004405,4668,1902,297310.345221011,27329.472866415897,4807,240
OR,41039004501,2480,1487,143664.97945202098,33827.6689682171,4807,240
OR,41039004502,3370,1850,204150.155663569,41302.462062472005,4807,240
OR,41039004600,2644,1253,165007.592840309,21846.614257858302,4807,240
OR,41039004700,3511,1712,202018.50146433103,56608.516592082306,4807,240
OR,41039004800,4662,2171,210283.14801897897,46269.5228675305,4807,240
OR,41039004900,4372,1776,244728.253040889,31632.3705083454,4807,240
OR,41039005000,5080,2280,338752.921184622,29840.176976146002,4807,240
OR,41039005100,3118,1563,197664.78621905603,23990.909376124,4807,240
OR,41039005200,2086,1031,135321.820852282,20767.1740553495,4807,240
OR,41039005300,2479,1084,168998.065717464,14360.2087666992,4807,240
OR,41039005400,5169,2379,340710.669069377,40797.9057219092,4807,240
OR,41041950100,3347,1627,192452.367110393,27714.8349754837,5051,25
OR,41041950303,1339,1606,224029.915409415,40006.6502840362,5051,25
OR,41041950304,3238,2376,262858.281260657,58000.7614110968,5051,25
OR,41041950400,3871,2961,307568.42885468603,113999.833813657,5051,25
OR,41041950601,2519,2693,343930.222034645,26126.657237264903,5051,25
OR,41041950602,2165,1949,225915.20581173,36375.4418879385,4910,4
OR,41041950800,3172,2217,270939.08793338604,37483.217822369304,4910,4
OR,41041950900,3371,1519,201113.615598235,93210.1765249257,4910,4
OR,41041951000,2276,1274,151257.297031433,76932.2655281935,4910,4
OR,41041951100,1633,1017,123696.127984591,70986.3761922282,4910,4
OR,41041951200,1923,1313,165091.39425588,56552.032359451,4910,4
OR,41041951300,2475,1114,154809.90956996198,39346.7597029168,4910,4
OR,41041951400,2944,1258,149801.877086124,16849.6382512109,3610,229
OR,41041951500,2417,2183,276273.946056216,20215.3295527439,3610,229
OR,41041951600,3519,2156,262112.185263097,44571.3485050215,4913,2
OR,41041951700,2017,1751,224632.760474897,55328.312802146604,3610,229
OR,41041951800,3808,1596,201825.25517376603,18657.717339251998,5171,64
OR,41043020100,9124,3710,538198.076767423,108684.19973041699,4772,256
OR,41043020200,1834,861,103135.567714929,79290.3302553578,4772,256
OR,41043020300,7095,2916,426209.253072021,80924.2141143965,4772,256
OR,41043020400,4256,1931,195587.65351314898,134233.83743021401,4772,256
OR,41043020500,3783,1762,193615.32432068,98654.1093728834,4772,256
OR,41043020600,8452,3593,447625.698866863,50118.4951123835,4772,256
OR,41043020700,5485,2225,265922.687738696,30192.094080000697,4772,256
OR,41043020801,2500,1027,121047.088802164,52978.3298795154,4772,256
OR,41043020802,6064,2400,257304.82257921,47177.0927600516,4772,256
OR,41043030100,5937,2328,316282.638601767,46539.7770388662,4263,401
OR,41043030200,6644,2771,388851.716741566,51397.770569620996,5190,281
OR,41043030300,2331,1064,136794.61989429,19137.933365759898,5475,114
OR,41043030401,6432,2627,329471.79766050604,51124.079278449804,4863,194
OR,41043030402,6687,2853,362399.79675364104,50125.7423735535,4863,194
OR,41043030500,4180,1756,249321.55685204398,36401.733251304,4263,401
OR,41043030600,6694,2538,347404.980336417,82521.4046998283,4882,172
OR,41043030700,4019,1721,227151.184392465,63615.2633625608,4772,256
OR,41043030800,7779,3503,421884.221478695,99910.9018847385,4263,401
OR,41043030902,7338,2929,414038.48224447604,44118.817172873096,4263,401
OR,41043030903,6003,2614,308742.16859153804,48124.424685461396,4263,401
OR,41043030904,4035,1692,216542.86635567198,32706.8866472056,4263,401
OR,41045940000,0,0,0.0,0.0,7037,317
OR,41045970200,4579,1858,243972.583716721,59064.3157883451,6002,851
OR,41045970300,4090,1816,205944.021705972,120043.828382676,6002,851
OR,41045970400,5426,2004,215328.90592734,130592.223540605,5727,777
OR,41045970500,5137,1890,237148.28407038,60672.281665052,5925,795
OR,41045970600,4462,1790,217752.36966497,49941.7019241899,5900,869
OR,41045970700,1720,740,93405.6442581701,9004.34848375734,5841,734
OR,41045970900,5899,1594,203343.385485835,50119.704758273896,6187,520
OR,41047000200,3233,1363,129427.499264329,633051.071375686,4652,290
OR,41047000300,5014,2049,239607.898824225,93369.133818675,4652,290
OR,41047000400,4938,1947,186500.620452362,195339.32362498398,4652,290
OR,41047000501,3733,1144,150435.475348835,24192.4160940388,4652,290
OR,41047000502,5326,1788,187097.807171792,42645.5610813524,4652,290
OR,41047000600,4858,2294,302034.286402374,37911.4079411615,4652,290
OR,41047000701,8135,2116,220907.36324121602,155617.796718158,4652,290
OR,41047000900,5782,2429,272099.720298981,110375.31401744699,4652,290
OR,41047001000,3870,1640,168636.577615151,323440.067327707,4652,290
OR,41047001100,4543,2128,250401.74934528,46397.2649804586,4652,290
OR,41047001200,3593,1812,226498.634131632,96877.7091856135,4652,290
OR,41047001300,4040,2002,239484.711232665,41814.915965975,4652,290
OR,41047001401,5666,2474,320756.10671102,42024.7830544722,4652,290
OR,41047001402,5662,2288,309688.290405613,51618.69335771,4652,290
OR,41047001501,4408,1808,249343.595914133,36038.9477283088,4652,290
OR,41047001502,5253,1866,259778.914624667,48303.6346839955,4652,290
OR,41047001503,5410,1943,217153.516969207,42097.340385383104,4652,290
OR,41047001601,7668,2844,361866.995104614,56929.1244266331,4652,290
OR,41047001602,9286,3429,330213.35064459697,49038.591321847,4652,290
OR,41047001603,6964,2274,336637.145032802,35548.3267387656,4652,290
OR,41047001604,8364,3033,315743.71066987,93304.9373748875,4652,290
OR,41047001701,6409,2538,248794.067171232,106046.868939748,4652,290
OR,41047001702,5564,1897,226714.825322372,41778.0323684133,4652,290
OR,41047001703,4337,1592,222141.848746537,17778.4830857498,4652,290
OR,41047001801,6501,2498,271366.340239653,48766.4781123713,4652,290
OR,41047001802,7686,2510,345927.896813378,31700.4680083823,4652,290
OR,41047001803,5293,1233,134135.547334046,71551.8785351825,4652,290
OR,41047002000,9208,3751,508394.22343155794,59867.089995438604,4652,290
OR,41047002101,2256,1210,136207.37976916,28229.424574018598,4652,290
OR,41047002102,6067,2609,298016.04173704697,61312.754595716506,4652,290
OR,41047002201,1977,884,136041.913593667,10644.6445459199,4652,290
OR,41047002202,6230,2595,365939.040597668,45576.837616413395,4652,290
OR,41047002301,3176,1225,186551.720244046,10651.8911335429,4652,290
OR,41047002303,7142,2852,419912.637227394,28354.565058085496,4652,290
OR,41047002304,5081,2353,338528.461734806,23067.8251822445,4652,290
OR,41047002400,3435,1490,240965.12227782398,26082.1572701102,4652,290
OR,41047002501,8868,3547,489655.232235861,36985.8146842227,4652,290
OR,41047002502,5033,1933,255040.67565337103,114293.96411829801,4652,290
OR,41047002600,2030,719,104733.777521032,34642.9868443652,4716,290
OR,41047002700,8510,3355,500055.81144973205,101781.969097332,4652,290
OR,41047002800,3852,1637,233574.582564068,18485.8466149167,4652,290
OR,41047010100,1477,535,77296.3524239666,19793.9218175998,4870,216
OR,41047010201,2632,1034,150916.80376104,26163.354032826002,4451,336
OR,41047010202,7205,2572,346862.789471382,86198.22619014481,4451,336
OR,41047010303,4834,1392,195224.12545796199,41825.2275224357,4716,290
OR,41047010304,6435,1635,189837.143379405,36345.806278977594,4451,336
OR,41047010305,4509,1172,139959.915391093,65200.5615840612,4451,336
OR,41047010306,9060,3185,347402.552715879,68360.1925140254,4451,336
OR,41047010307,5724,2754,377029.233968721,61770.2092687279,4451,336
OR,41047010400,4999,1779,213844.773450243,109165.810577155,4716,290
OR,41047010501,5436,2150,305934.542745536,36857.4230824258,6364,64
OR,41047010502,5953,2347,307616.355196511,36341.160743288,4716,290
OR,41047010503,3870,1487,194420.704375362,81151.5485890685,4716,290
OR,41047010600,2471,1667,211316.604057663,32747.856809807003,5190,281
OR,41047010701,7922,3166,389665.345920085,110909.319819007,4730,253
OR,41047010702,6375,2546,347940.931510913,74458.627642963,4730,253
OR,41047010801,5992,2153,297302.740393691,29037.959992196098,4730,253
OR,41047010802,6040,2275,305005.502775594,54195.174058157696,4652,290
OR,41049970100,7997,2757,330112.27893200604,55471.290862202804,4985,765
OR,41049970200,3176,1685,206872.12178979302,50357.6282025293,5549,468
OR,41051000100,5927,2973,358785.87907558103,91468.2471763785,4235,413
OR,41051000200,5777,3008,340698.214851085,64780.082634053,4235,413
OR,41051000301,5041,2261,227445.040703744,99925.3962556465,4235,413
OR,41051000302,6709,2678,452937.635835536,32884.5174427045,4235,413
OR,41051000401,3418,1519,219681.212356542,33758.084293967404,4235,413
OR,41051000402,3477,1546,217408.261235356,13630.826861233701,4235,413
OR,41051000501,3732,1607,230251.270669493,25865.4136435209,4374,370
OR,41051000502,4561,1949,238995.020291739,51189.9470692947,4374,370
OR,41051000601,5368,1953,236468.624923585,31850.692054978797,4374,370
OR,41051000602,5119,1946,252303.851056218,33997.0318158649,4374,370
OR,41051000701,4254,2000,244441.543585819,38673.7699854666,4374,370
OR,41051000702,4758,2068,254659.769254927,28793.0674672725,4374,370
OR,41051000801,4518,2037,267619.940557861,46024.35250584639,4235,413
OR,41051000802,4526,2131,255862.60019914398,51821.4089346265,4235,413
OR,41051000901,3890,1837,222844.290126786,45724.925934533,4235,413
OR,41051000902,4482,2108,218642.46960069,41303.4841018214,4235,413
OR,41051001000,5353,2676,299488.466712398,179998.152374278,4235,413
OR,41051001101,2120,1366,113430.89634177901,331942.37428744603,4235,413
OR,41051001102,1334,703,77948.342914254,114780.12922999199,4235,413
OR,41051001201,4865,2814,247182.475998653,47270.831678431394,4235,413
OR,41051001202,3232,1546,214291.644642383,27785.3486764173,4235,413
OR,41051001301,3802,1957,215535.512099623,85357.2700933765,4235,413
OR,41051001302,2946,1289,187318.082080093,31168.3195132492,4235,413
OR,41051001400,4679,2287,285433.62766197696,57921.422960948206,4235,413
OR,41051001500,3271,1418,212410.541394016,25124.605112857003,4235,413
OR,41051001601,5961,2726,372721.51661648205,66086.6693730292,4374,370
OR,41051001602,4376,1750,238165.49375218898,36824.9073157155,4374,370
OR,41051001701,6402,2928,363688.003702899,84392.1936009269,4374,370
OR,41051001702,3904,1560,186599.28581085,48785.616206430495,4374,370
OR,41051001801,4053,2066,232097.89951073102,59750.68328156861,4277,424
OR,41051001802,3364,1647,195209.44443184,30287.413209413702,4277,424
OR,41051001900,4859,1964,327290.81459197804,41532.304049651604,4235,413
OR,41051002000,5358,3164,317427.024348501,415601.93377078,4235,413
OR,41051002100,2577,1439,123536.145395241,249421.996499732,4235,413
OR,41051002203,3207,1555,180853.601147403,214036.057354539,4235,413
OR,41051002303,1996,1195,107324.65767799699,408197.286467485,4235,413
OR,41051002401,2765,1155,185810.536187217,16611.7137998866,4235,413
OR,41051002402,3310,2181,203054.827319727,173138.193171592,4235,413
OR,41051002501,4573,1752,312733.370995388,37454.789043407596,4235,413
OR,41051002502,3872,2096,224701.60988383,63407.6254379149,4235,413
OR,41051002600,2689,1101,190456.81162558898,34813.742438646805,4277,424
OR,41051002701,3068,1214,203513.872934072,21394.548535307702,4277,424
OR,41051002702,2578,1490,166481.13017813198,67477.1496047083,4277,424
OR,41051002801,2849,1264,183186.312724139,26399.2351124435,4277,424
OR,41051002802,2928,1332,188266.80844575897,21791.058445254,4277,424
OR,41051002901,4428,2060,297122.224661511,27432.967159555898,4277,424
OR,41051002902,5325,2531,318809.507888767,46376.3614174142,4374,370
OR,41051002903,5314,2163,273531.27284665697,71517.040184111,4374,370
OR,41051003000,4443,1989,320034.446116563,29576.3326965066,4277,424
OR,41051003100,4547,1932,297194.322385289,25750.8645222196,4277,424
OR,41051003200,3968,1725,255670.65684956,36664.4635343069,4277,424
OR,41051003301,2988,1284,152065.550360678,30736.6927512141,4235,413
OR,41051003302,2757,1281,173750.234261211,20864.722116356203,4235,413
OR,41051003401,3335,1501,167059.825968867,40134.485041733904,4235,413
OR,41051003402,3094,1468,166970.829978292,38294.4473209393,4235,413
OR,41051003501,3518,1650,209968.400361405,47774.1802906225,4235,413
OR,41051003502,2028,902,129616.552152287,41703.0594869271,4235,413
OR,41051003601,4422,1887,271362.632627043,49714.9262232132,4347,375
OR,41051003602,6085,2373,341504.325760047,64996.267368031105,4277,424
OR,41051003603,1516,674,101934.14088960699,15607.803481827399,4277,424
OR,41051003701,4356,1860,241842.30652727102,53705.3892665808,4347,375
OR,41051003702,2420,984,133438.489422049,19804.7911072418,4235,413
OR,41051003801,2907,1342,186768.368073665,40236.7709403875,4347,375
OR,41051003802,2965,1341,188876.79952667802,20851.6226074843,4347,375
OR,41051003803,3933,1754,221969.707240498,21127.8233491204,4235,413
OR,41051003901,7151,2902,400996.368159982,27301.8807248519,4347,375
OR,41051003902,3040,1333,188305.538364893,24261.0712380702,4235,413
OR,41051004001,7490,2750,299993.672000204,33931.4422352508,4347,375
OR,41051004002,5802,1731,255930.13160658398,94749.2067842526,4235,413
OR,41051004101,7215,2843,357001.385506201,70861.4228836321,4347,375
OR,41051004102,4966,2266,294356.30381049897,33404.4957139201,4235,413
OR,41051004200,3333,1692,182914.09580049603,45168.80789022941,4235,413
OR,41051004300,1069,501,82468.9160495025,385686.610835713,4235,413
OR,41051004500,1893,1197,123504.186584113,150736.762079628,4235,413
OR,41051004601,3219,1766,240111.62166937,37631.0268200668,4235,413
OR,41051004602,2011,875,160603.438399707,27827.6192641856,4235,413
OR,41051004700,4068,2698,242337.304828421,76402.1600443033,4235,413
OR,41051004800,2758,2174,178603.492418107,66695.3711585651,4235,413
OR,41051004900,3537,2605,203322.019424516,114442.329089594,4235,413
OR,41051005000,2291,1982,162139.964042314,253330.69816680302,4235,413
OR,41051005100,7926,5843,445349.312842509,629304.1872751471,4235,413
OR,41051005200,4525,3578,274120.544996317,210722.58469551,4235,413
OR,41051005500,2473,1818,146994.532986243,22363.9917177594,4235,413
OR,41051005600,5097,2818,213871.063504605,208135.13848760002,4235,413
OR,41051005700,3430,2504,194472.816146854,227475.13959601102,4235,413
OR,41051005800,4847,2605,336109.545221939,175731.582470584,4235,413
OR,41051005900,5800,4033,414951.701045958,200646.50558195397,4235,413
OR,41051006001,1390,725,91448.45820362099,19122.0465863852,4235,413
OR,41051006002,2118,988,148509.13616007598,20404.201834405,4235,413
OR,41051006100,2337,1032,173035.44772898,31058.3227096562,4235,413
OR,41051006200,2848,1303,203231.44512649,28053.5597166651,4235,413
OR,41051006300,4996,1650,287944.52024503396,72814.6164783468,4235,413
OR,41051006402,5609,2311,403108.986811537,35688.7961872713,4235,413
OR,41051006403,3915,1772,215932.774448942,144802.208780035,4235,413
OR,41051006404,3674,1961,240881.512235083,22859.25686524,4235,413
OR,41051006501,5898,2476,429149.51198581397,25739.71608031,4235,413
OR,41051006502,4086,2156,252387.737884057,72696.9993224074,4235,413
OR,41051006601,2513,1110,178465.99117713602,25239.804972572998,4235,413
OR,41051006602,4821,2455,286688.08786623896,55898.1799575326,4235,413
OR,41051006701,3053,1403,201977.62354608698,34091.0491386428,4235,413
OR,41051006702,3061,1437,189826.921686197,21342.5219977093,4235,413
OR,41051006801,2176,1058,128940.683013809,18331.1635001803,4235,413
OR,41051006802,3394,1480,228994.66866832698,14927.567715592,4235,413
OR,41051006900,2628,1127,194229.979266129,67149.75862284639,4235,413
OR,41051007000,8181,3314,607200.253925734,35083.8114709464,3844,346
OR,41051007100,2759,1313,197238.265742551,43791.6127477477,4932,251
OR,41051007201,2270,1539,158144.568589817,72266.76510076139,4347,375
OR,41051007202,2579,1276,139792.323721322,489639.239674298,4347,375
OR,41051007300,1948,247,32077.469217320402,641892.089387344,4277,424
OR,41051007400,3654,1427,160793.79954455802,27027.5379975643,4277,424
OR,41051007500,5080,2019,263109.863064589,40769.3844059455,4277,424
OR,41051007600,3562,1362,158186.932848934,27620.352676706698,4277,424
OR,41051007700,1977,834,110102.185209589,27915.5053486454,4374,370
OR,41051007800,1761,754,100701.41248363699,19764.2855155822,4374,370
OR,41051007900,4530,1864,229787.58883391603,59557.259195024,4374,370
OR,41051008001,3245,1417,177964.135825236,59806.238638948,4374,370
OR,41051008002,3050,1157,164212.345878135,25098.778300923597,4374,370
OR,41051008100,7108,3059,338911.40910527104,128925.82257240699,4374,370
OR,41051008201,3022,1336,156880.531604813,108244.583022659,4374,370
OR,41051008202,7583,3175,331203.80229341896,74674.16293359481,4374,370
OR,41051008301,4334,1724,170178.85436563598,44349.123396543604,4374,370
OR,41051008302,4158,1550,185900.75342913,56801.8485922046,4374,370
OR,41051008400,4555,1745,183775.67896506801,23327.48867551,4374,370
OR,41051008500,4275,1452,191521.56933225,39456.0143106265,4374,370
OR,41051008600,4333,1620,208711.50908247,19586.0978657646,4374,370
OR,41051008700,4539,1860,272445.228197693,31497.7536039023,4235,413
OR,41051008800,4070,1611,220638.30607909898,17386.0607293316,4235,413
OR,41051008901,9415,3143,469673.822180077,47410.743691974596,4374,370
OR,41051008902,3984,1579,184614.967988319,28388.0097204864,4374,370
OR,41051009000,9621,3392,368586.116641312,66520.52684203509,4374,370
OR,41051009101,5550,2082,239737.034702004,35569.6943720045,4374,370
OR,41051009102,6453,2265,296748.197906907,29922.396597616098,4374,370
OR,41051009201,8103,2994,355897.251106165,71449.4056487223,4374,370
OR,41051009202,4657,1666,211825.162031306,25602.127014379,4374,370
OR,41051009301,6045,2309,237124.88483253302,27591.0880593135,4374,370
OR,41051009302,4425,1708,195231.65200889602,53019.6711730391,4374,370
OR,41051009400,6659,3020,413670.949635336,70909.359260843,4374,370
OR,41051009501,4736,2058,242702.50382003398,21609.3399252853,4374,370
OR,41051009502,4359,1717,219145.82582442698,36658.7031091826,4374,370
OR,41051009603,3752,1337,165824.592818899,25121.3533448057,4641,339
OR,41051009604,5013,1900,204892.822517019,55160.0645810179,4641,339
OR,41051009605,5569,2300,277623.273723181,72072.1353956732,4374,370
OR,41051009606,5251,1893,189689.333438742,27159.7384772144,4374,370
OR,41051009701,5611,2046,242917.670626552,22592.811482570498,4374,370
OR,41051009702,8199,2826,339360.220887698,38012.6725343997,4374,370
OR,41051009801,4562,1542,153834.150732941,86986.5096374715,4641,339
OR,41051009803,6892,2692,323169.92061638896,67421.31399508941,4641,339
OR,41051009804,3183,1167,145080.457086093,20658.292013914,4374,370
OR,41051009903,6219,2130,367653.556004759,29251.079601259302,4641,339
OR,41051009904,3634,1537,185072.79403473,12895.406574038501,4641,339
OR,41051009905,3084,1213,167015.785942366,7749.971503896959,4641,339
OR,41051009906,3504,1314,213425.41245547,19692.007028500702,4641,339
OR,41051009907,5119,1996,292793.767202623,47664.0903052804,4641,339
OR,41051010001,5629,2591,244475.001584451,157300.26634201198,4641,339
OR,41051010002,4994,2060,272405.470437415,26778.372394528702,4641,339
OR,41051010100,8761,3747,426417.232706126,55065.9547723347,4641,339
OR,41051010200,6029,2560,319257.490203123,185695.060630297,4374,370
OR,41051010303,5728,2216,278202.802259605,50151.9409500078,4641,339
OR,41051010304,4661,1512,173246.519744822,28877.051317472204,4641,339
OR,41051010305,4077,1548,208111.35127551,34560.3027764433,4641,339
OR,41051010306,4676,1701,246451.411749197,13763.399581068401,4641,339
OR,41051010402,6135,2163,353468.660973213,50893.4008387496,4641,339
OR,41051010405,5892,2415,275618.331857769,82808.1955983485,4641,339
OR,41051010407,5524,1944,280523.895462055,31786.031698002997,4641,339
OR,41051010408,6110,2409,262639.492871602,40090.5419446912,4641,339
OR,41051010409,7436,2734,394387.615763681,21293.0978405579,4641,339
OR,41051010410,4477,1976,188803.40976223198,41784.257077409,4641,339
OR,41051010411,3002,1300,132678.454814431,14650.0664410214,4641,339
OR,41051010500,3926,1518,227256.63937546397,50258.8727039374,5087,203
OR,41051010600,3442,2042,154122.433355136,1053405.65775035,4235,413
OR,41051980000,8,0,0.0,274922.108073858,4235,413
OR,41053005100,2194,936,110380.79616266301,23009.0171909575,4652,290
OR,41053005201,8827,3592,510966.800447529,38939.4732242784,4652,290
OR,41053005202,9136,3808,516955.08295310795,45383.0420997988,4652,290
OR,41053005300,8580,3552,578260.105970172,64143.6969726334,4685,276
OR,41053020202,6142,2710,323311.781471866,55038.7329237075,4685,276
OR,41053020203,2924,1176,149586.251159286,58074.8973263085,4685,276
OR,41053020204,4510,1805,248875.08045787603,41089.2495355043,4685,276
OR,41053020302,9647,3398,434761.049421711,60691.6979907096,4685,276
OR,41053020303,4359,1481,162956.576885575,64623.4469129509,4685,276
OR,41053020304,6538,2708,336846.736464973,48519.0779625274,4685,276
OR,41053020400,5977,2502,311229.56204275397,40296.2288218844,7370,95
OR,41053020500,6569,2634,363088.591370371,68186.0938484428,4685,276
OR,41055950100,1765,918,112298.408179199,23788.1946279027,6168,413
OR,41057960100,3553,3829,499410.128339139,57882.1244343325,5097,13
OR,41057960200,2471,2928,368046.36349630397,40682.2413460643,5006,10
OR,41057960300,2352,1196,155571.24432775402,29358.568867261,5097,13
OR,41057960400,7664,3214,398412.55711331795,115004.58006305099,5097,13
OR,41057960500,2134,1110,128430.095765566,79294.60381842361,5006,10
OR,41057960600,2152,1930,238657.03367078397,30488.5479667821,5006,10
OR,41057960700,2440,1923,276592.332399777,35979.02512258,5097,13
OR,41057960800,2484,2229,286642.103795317,23904.8813719739,4450,27
OR,41059940000,3027,1178,149244.457428424,15068.315658611598,5627,464
OR,41059950100,4231,2286,302679.408146347,44904.9623768376,4782,861
OR,41059950200,7643,2974,362524.764568118,84925.9206812899,4782,861
OR,41059950300,2781,1153,154787.704871971,15414.565221801398,4782,861
OR,41059950400,6256,2029,279497.029880487,99700.01147482991,5275,636
OR,41059950500,4403,1923,248377.01447419,43344.470763685094,5226,661
OR,41059950600,6206,2797,327486.922284097,158926.99815342,5037,649
OR,41059950700,2474,1172,142143.041677013,38322.411280907996,5037,649
OR,41059950800,7881,2155,264795.869893653,48178.495174481504,4869,725
OR,41059950900,4206,1555,193426.633447998,54763.276125460994,5203,622
OR,41059951000,6259,2373,274659.842919216,127428.133234992,5203,622
OR,41059951100,5602,2205,264715.884003147,47693.2616173634,5203,622
OR,41059951200,8814,3206,404396.530151593,93104.26838133599,5117,699
OR,41059951300,3715,1406,178774.246195205,18728.8812248981,5226,661
OR,41059951400,2391,1281,173566.200255602,31673.5254197902,5316,547
OR,41061970100,3247,1580,205409.178021184,22823.8613188957,6582,230
OR,41061970200,3269,1495,189385.073096245,27423.5841884897,6313,334
OR,41061970300,2224,958,127667.353784059,23360.098005800897,6497,300
OR,41061970400,2940,1241,163093.149962003,44073.1100542746,6316,431
OR,41061970500,3370,1434,177026.187556517,38312.2848300384,6316,431
OR,41061970600,3786,1698,239940.85690463,69035.32032898,6316,431
OR,41061970700,3239,1447,142468.668880725,85535.1789012227,6316,431
OR,41061970800,3673,1636,178702.428535073,80376.17897738509,5797,449
OR,41063960100,1957,1277,158523.80205720698,42871.036931302995,7434,164
OR,41063960200,1874,1032,133084.628830262,38019.8254850486,6855,229
OR,41063960300,3177,1799,232408.10548242103,79995.2766100042,8433,50
OR,41065970100,3988,1675,232972.384494867,64048.0063239634,4733,780
OR,41065970200,2899,1279,149519.918057063,85472.0987645703,4878,725
OR,41065970300,2859,1177,173742.62225806,35806.8759631887,4878,725
OR,41065970400,2943,1322,144215.33491585,77375.5047512358,4878,725
OR,41065970500,3491,1428,154805.264353859,43806.292292995,4878,725
OR,41065970600,2859,1379,175002.20524836,15130.653742451299,4878,725
OR,41065970700,1722,768,102602.025551564,12248.4297709624,4878,725
OR,41065970800,4452,2459,292956.720658393,51518.2662259195,5694,496
OR,41067030101,7544,4120,477307.021930834,127581.610271314,3844,346
OR,41067030102,4713,2148,314601.46441976103,43955.0294886813,3844,346
OR,41067030200,6022,2755,384937.903296538,104414.56366222301,3844,346
OR,41067030300,4520,1970,290449.82367901,51938.7453450112,4235,413
OR,41067030401,4343,2223,253365.817888667,208563.514699543,4447,330
OR,41067030402,4417,2254,243194.329560407,48531.247513827,4447,330
OR,41067030501,5311,2389,294444.747471134,62658.7339562944,4447,330
OR,41067030502,3792,1763,209242.26107582802,24412.874745972204,4447,330
OR,41067030600,5236,2397,324982.351032914,75101.7965473839,4447,330
OR,41067030700,1435,692,63802.927084368,261166.522436491,4447,330
OR,41067030801,6774,2847,344277.107031402,78163.32277384179,4447,330
OR,41067030803,4852,2665,312984.11394154,29671.466009620297,4447,330
OR,41067030805,3656,1784,209167.48366977,27818.4217331614,4447,330
OR,41067030806,2604,974,153089.71295616802,104818.32002508301,4447,330
OR,41067030900,5261,2152,215472.809174397,221136.45151625102,4447,330
OR,41067031003,7390,3046,457182.269463206,35847.380935185094,4447,330
OR,41067031004,6967,3122,387023.203613154,21776.1011319945,4447,330
OR,41067031005,5800,2233,256901.058641036,103801.77213529199,4447,330
OR,41067031006,6241,2961,308422.21085437,87352.9201813457,4447,330
OR,41067031100,2629,1177,123201.321413019,35317.6476440989,4447,330
OR,41067031200,7137,3202,316325.284607933,106534.797816585,3844,346
OR,41067031300,7201,3164,321361.460153936,197709.46833284,4447,330
OR,41067031402,2911,1331,109784.730001611,221837.87631056,3844,346
OR,41067031403,4890,2012,269669.559477557,20365.2752581164,3844,346
OR,41067031404,4728,2036,276819.663172263,32774.3347141156,3844,346
OR,41067031504,6259,2760,390500.38102833397,27429.158301212403,5005,198
OR,41067031506,3795,1545,190243.87185079898,18504.6132175899,3844,346
OR,41067031507,5153,2295,330914.304885938,86253.97076407481,3844,346
OR,41067031508,7507,2746,467715.904362656,28474.596366409503,3844,346
OR,41067031509,3202,1357,169873.303883268,16088.762786539099,5005,198
OR,41067031511,3071,1087,191935.734645544,18476.9280354894,3844,346
OR,41067031512,7535,2795,413040.33132124704,13919.8480690998,3844,346
OR,41067031513,11399,3865,656558.152311366,33728.8204300178,3844,346
OR,41067031514,6634,2702,411542.076168085,21145.3818490227,3844,346
OR,41067031606,6174,2205,289788.168296878,33325.249416155,3844,346
OR,41067031609,8468,3890,406376.65483814897,87274.6946483003,3844,346
OR,41067031610,7458,3271,371348.398634466,43455.1178718356,3844,346
OR,41067031611,7147,3029,377454.929765379,129918.398876592,3844,346
OR,41067031612,3174,1183,198866.85290663398,6069.26263234078,3844,346
OR,41067031613,6902,2899,327190.57978899,80698.3667823501,3844,346
OR,41067031614,4901,1646,242238.730905105,14729.219929578601,3844,346
OR,41067031615,5430,1767,251373.69296567302,43380.7028378015,3844,346
OR,41067031616,3112,1786,156317.818230629,47907.3103553038,3844,346
OR,41067031617,4716,2516,199480.763265805,76067.801351164,5005,198
OR,41067031703,4681,1658,247096.077206393,42080.2462446037,3844,346
OR,41067031704,8379,3009,467890.909131097,22412.1149192676,3844,346
OR,41067031705,4891,1843,214021.84204949898,29718.3814827569,3844,346
OR,41067031706,5030,2034,226406.004154105,21716.271654131102,3844,346
OR,41067031804,5751,2067,276649.824448303,19133.566864351,4447,330
OR,41067031805,7002,2450,418801.326731775,28549.0111143023,3844,346
OR,41067031806,5505,2033,321603.19220198103,19653.545177373002,3844,346
OR,41067031807,3641,1638,231472.55825468,21401.7948024151,4447,330
OR,41067031812,5479,2798,327713.056612215,27953.0383709727,4447,330
OR,41067031813,5721,2272,333192.944254946,27230.4383047435,4447,330
OR,41067031814,3992,1310,225052.97560907103,19182.7125074789,4447,330
OR,41067031815,6422,2585,409366.37454262,18749.8775079635,4447,330
OR,41067031904,2880,1066,182360.11864543302,23426.151796893,4447,330
OR,41067031907,5486,3084,354122.231010276,37130.4647416575,4447,330
OR,41067031908,6896,2543,415616.89849212795,26846.2842677886,4447,330
OR,41067031909,4714,1585,284706.011249652,11274.3412841498,4447,330
OR,41067031910,7993,3060,470500.111657198,35734.1322985086,4447,330
OR,41067031911,4839,2026,305140.03550059197,33126.2515717773,4447,330
OR,41067031912,4446,1662,242472.85724046399,83106.78638975929,4447,330
OR,41067032001,5445,2314,283710.463639615,122192.769137896,4447,330
OR,41067032003,3756,1786,151121.009155261,178466.832974369,4447,330
OR,41067032004,1923,815,111119.374338458,20961.2485393546,4447,349
OR,41067032005,4169,1759,156722.783752567,653323.801601242,4447,330
OR,41067032103,10190,3790,544641.005580017,137828.535451849,4447,330
OR,41067032104,4822,1673,275341.021276908,30302.2780023938,4447,330
OR,41067032107,1919,739,127836.44291519599,14916.419376804799,4447,349
OR,41067032108,4203,1546,254419.989225172,14690.3861402012,4447,349
OR,41067032109,2937,938,175686.617148386,13621.536676149599,4447,349
OR,41067032110,3553,869,109099.47656541,191737.291645063,4447,349
OR,41067032200,7645,2801,466735.205719567,43568.739003251,4447,330
OR,41067032300,4495,1562,230988.086252581,63582.283250663095,3844,346
OR,41067032404,7260,2499,375390.25747997104,23009.0172346219,5005,198
OR,41067032406,8505,3071,445227.689648956,62696.5466056238,5005,198
OR,41067032407,5174,1822,266185.968364444,13912.787728846299,5005,198
OR,41067032408,6379,2502,351270.759700895,22424.8428642891,5005,198
OR,41067032409,5336,1544,144750.553728249,28506.369143844502,4102,442
OR,41067032410,4005,1333,190803.52349939,42331.549761195696,4102,442
OR,41067032501,3481,980,102464.89997146801,180299.62895336302,4102,442
OR,41067032502,2839,1097,154386.26790225302,12918.725162756102,4102,442
OR,41067032503,3490,1302,182045.834913125,22079.3362281296,4102,442
OR,41067032603,7144,2451,397355.30606612103,31847.998120444103,5005,198
OR,41067032604,6111,2277,319691.335183173,91070.8060565268,4102,442
OR,41067032606,6440,2273,291058.531178083,48559.0259668635,5005,198
OR,41067032607,3368,2082,226603.804446711,52031.3686641771,5005,198
OR,41067032608,2198,1043,131003.22333610001,75599.3842745807,5005,198
OR,41067032609,2153,934,126704.323203285,5704.7112232256995,5005,198
OR,41067032610,2875,931,156804.54083209802,15682.7764283457,5005,198
OR,41067032700,4800,1951,296745.212357162,102707.559965734,5005,198
OR,41067032800,1206,489,73441.5251647591,14809.3947700028,4996,353
OR,41067032901,5598,1848,230953.05056802,68974.7462546187,4996,353
OR,41067032902,7568,2213,293704.125134885,32188.116427664198,4102,442
OR,41067033000,5486,2107,317960.179331944,49574.1770473702,4102,442
OR,41067033101,2845,1180,138389.48282006802,40824.8477103477,4996,353
OR,41067033102,3277,1217,145386.754857289,41906.9823202677,4996,353
OR,41067033200,6452,2361,218439.109886119,131598.829312163,4996,353
OR,41067033301,5397,1961,273969.85061879,24285.134061892797,4996,353
OR,41067033302,4790,1719,288818.824531828,21846.2423186796,4996,353
OR,41067033400,2281,883,141791.410594676,15602.6011856513,6007,61
OR,41067033500,3867,1417,221102.085418274,32418.2368786998,6007,61
OR,41067033600,2169,887,132680.875168093,19486.1341501312,4996,353
OR,41069960100,1441,895,115022.32303587401,21563.0742197266,6222,306
OR,41071030101,5662,2147,342694.32301607303,51789.44943973269,4451,336
OR,41071030102,7594,2850,447358.32229844294,41053.760687566,4102,442
OR,41071030201,6060,2096,234125.329457205,157077.857967424,4451,336
OR,41071030202,6125,2465,289900.583015429,66920.3822016002,4870,216
OR,41071030301,9628,3577,485612.63199251,61693.1926485679,4870,216
OR,41071030302,2087,836,133717.66510669,18285.7336822918,4631,316
OR,41071030400,7603,2950,417310.805517004,54221.0940416208,4631,316
OR,41071030501,6249,1817,255700.295424915,98281.56771611019,4631,316
OR,41071030502,5065,1900,240530.891185307,94875.091942856,7370,95
OR,41071030601,3485,1416,161790.455176636,76818.9230882465,4631,316
OR,41071030602,5881,2160,334745.919320035,73155.196953107,4631,316
OR,41071030701,7712,3268,436080.376498974,37717.240939664,4631,316
OR,41071030702,7570,2961,347557.511553832,43585.274767031,4631,316
OR,41071030801,5383,2255,230744.955398766,150334.676519413,4631,316
OR,41071030802,4530,1282,133672.240983758,83132.5202717108,4631,316
OR,41071030900,4436,1596,227253.831931995,26108.6339573889,4870,216
OR,41071031000,4123,1534,210541.975470355,42295.5027824511,4870,216
