Area Name,State,UA,MDV Truck,HDV Truck,LDV Car - 100 mi,LDV Car - 200 mi,LDV Car - 300 mi,LDV Truck - 100 mi,LDV Truck - 200 mi,LDV Truck - 300 mi
"Fairbanks, AK",AK,Fairbanks,361963.94720978726,82409.3052138033,3466182.747476297,2600709.4219093234,1864222.2304993318,386350.2319000997,36793.72270889155,0.0
"Anchorage, AK",AK,Anchorage,1002236.3148689386,228181.83690687342,9597459.222864293,7201063.661593447,5161815.790757527,1069759.1173186484,101877.5636146338,0.0
"Huntsville, AL",AL,Huntsville,943073.0792917517,1018803.2160828378,22571906.229947012,14182139.290197765,12139883.26571335,2515925.641684683,239601.95380514875,0.0
"Anniston-Oxford, AL",AL,Anniston-Oxford,323744.2789315554,349741.41432559147,7748631.2216788465,4868537.294755662,4167458.3237210205,863683.3672787276,82252.12177988864,0.0
"Florence, AL",AL,Florence,241438.78544903148,260826.67028024755,5778697.054443103,3630809.277119703,3107965.58138216,644109.1836325285,61341.168556497054,0.0
"Daphne-Fairhope, AL",AL,Daphne-Fairhope,247754.5598025519,267649.6104793809,5929861.444146846,3725787.273601538,3189266.559077235,660958.3748479643,62945.7863831796,0.0
"Decatur, AL",AL,Decatur,144776.5943237078,156402.36493791713,3465143.670329337,2177182.099399194,1863663.5837567193,386234.2738574908,36782.67954723834,0.0
"Montgomery, AL",AL,Montgomery,1029243.9436014397,1111893.725841932,24634355.802160956,15477995.599991394,13249133.711512165,2745811.842280815,261494.96284447503,0.0
"Dothan, AL",AL,Dothan,299835.9409172218,323913.2020745414,7176399.041985308,4508998.477073522,3859693.8047834197,799900.8227642552,76177.84755209458,0.0
"Mobile, AL",AL,Mobile,1264360.9173182414,1365890.9337340654,30261743.965748608,19013736.089207385,16275720.597921161,3373055.7282091985,321229.9796870793,0.0
"Pensacola, FL-AL",AL,Pensacola,25350.24334605367,27385.90467330279,606743.3460651708,381222.505517963,326325.71296557185,67629.25234296928,6440.612046430148,0.0
"Tuscaloosa, AL",AL,Tuscaloosa,456775.0369146425,493454.7352199716,10932645.123494482,6869082.937531947,5879921.44892961,1218582.1577242725,116050.59427246074,0.0
"Gadsden, AL",AL,Gadsden,281850.3371315417,304483.3282053778,6745924.06496207,4238527.03248687,3628170.7815777278,751918.9189869184,71608.33337335187,0.0
"Birmingham, AL",AL,Birmingham,3024125.6726678577,3266967.352590016,72380690.96649201,45477463.4782788,38928619.05739668,8067747.336458773,768324.7837672273,0.0
"Auburn, AL",AL,Auburn,279114.95637438307,301528.29240401956,6680454.315788279,4197391.778219106,3592959.0850418424,744621.4838911413,70913.36859468548,0.0
"Columbus, GA-AL",AL,Columbus,174932.22475506013,188979.53625272124,4186901.164364269,2630669.0672197016,2251847.533950209,466683.31381989137,44444.17273184314,0.0
"Memphis, TN-MS-AR",AR,Memphis,110223.92470154994,202377.15710665187,2682313.5766175026,1707813.0409191975,1442632.8520097365,298977.9243960873,28472.898261787563,0.0
"Fort Smith, AR-OK",AR,Fort Smith,324839.2922526216,596422.7154914398,7905006.52364972,5033070.461010256,4251561.862781631,881113.4027657894,83912.05579717408,0.0
"Fayetteville-Springdale-Rogers, AR-MO",AR,Fayetteville-Springdale-Rogers,723986.7090294276,1329279.2136834157,17618310.944547158,11217473.397726351,9475683.375385921,1963784.578911193,187019.2879168221,0.0
"Texarkana-Texarkana, TX-AR",AR,Texarkana-Texarkana,79183.843646203,145385.8698035531,1926949.157690274,1226877.0248859648,1036374.0404065702,214782.96370908644,20454.665629266306,0.0
"Jonesboro, AR",AR,Jonesboro,179135.03960044694,328901.7348156192,4359274.541069179,2775524.0755904443,2344555.356501799,485896.528102845,46273.92620499831,0.0
"Conway, AR",AR,Conway,218675.16084191852,401499.5610150417,5321488.546007527,3388159.9881525543,2862064.4002946555,593147.5029810657,56487.87796198319,0.0
"Pine Bluff, AR",AR,Pine Bluff,152038.90573906363,279151.75036990177,3699886.5912476853,2355695.7044608514,1989915.7174513186,412399.3641888386,39274.488788739305,0.0
"Little Rock, AR",AR,Little Rock,1487321.9499513025,2730804.485037848,36194173.5422482,23044614.216467712,19466368.234706476,4034300.4543634146,384203.0364837067,0.0
"Hot Springs, AR",AR,Hot Springs,152937.67812546337,280801.94565135305,3721758.3344364394,2369621.3127756305,2001679.0308572801,414837.2478272401,39506.658481369595,0.0
"Avondale-Goodyear, AZ",AZ,Avondale-Goodyear,370265.3059570826,431324.7121467364,8628398.998401988,5474117.510358577,4640625.163614315,961744.6776432109,91590.90396277147,0.0
"Sierra Vista, AZ",AZ,Sierra Vista,156404.122471662,182196.2847134047,3644730.283849097,2312327.2198060905,1960250.9194289427,406251.49029224226,38689.001454389494,0.0
"Flagstaff, AZ",AZ,Flagstaff,165361.62783124138,192630.94699100207,3853469.609487491,2444757.7666305015,2072517.513425444,429518.1398160692,40904.7802485019,0.0
"Tucson, AZ",AZ,Tucson,2147172.922504645,2501257.1467766147,50036188.63519006,31744472.689571586,26911040.636254746,5577168.848862709,531136.743768754,0.0
"Lake Havasu City, AZ",AZ,Lake Havasu City,158426.44897703076,184552.10737288982,3691857.1404911503,2342225.9242123426,1985597.2295446037,411504.37713230884,39189.255487793496,0.0
"Phoenix-Mesa, AZ",AZ,Phoenix-Mesa,9111619.482086653,10614190.924917914,212330691.3939412,134709017.9720923,114198143.78922892,23666952.859533515,2253901.3283244194,0.0
"Prescott Valley-Prescott, AZ",AZ,Prescott Valley-Prescott,251290.377376785,292729.9640108592,5855891.993070583,3715155.1410607137,3149483.437597617,652713.5518689123,62160.59795716719,0.0
"Casa Grande, AZ",AZ,Casa Grande,152211.2050543726,177311.92512321123,3547021.5224240776,2250337.8238670286,1907700.0653181733,395360.6076062392,37651.81787193605,0.0
"Yuma, AZ-CA",AZ,Yuma,209565.7880177299,244124.6904267842,4883571.877623053,3098285.827224977,2626539.007736428,544336.1233134778,51839.36938028764,0.0
"Lodi, CA",CA,Lodi,159465.68319175392,144805.71141244113,3598062.237271143,2699659.839891692,1935151.172950928,401049.8813926728,38193.630830306756,0.0
"Santa Barbara, CA",CA,Santa Barbara,537575.5633846016,488155.2590863414,12129445.631057978,9100836.809079723,6523597.812468169,1351981.2640550758,128754.74020712294,0.0
"Porterville, CA",CA,Porterville,87579.46495690636,79528.12463704779,1976076.3526967478,1482668.6194236183,1062796.0884472977,220258.88787097554,20976.16042479565,0.0
"Salinas, CA",CA,Salinas,348689.1089584787,316633.4817240083,7867555.516521951,5903100.6873803735,4231419.103411879,876939.3075158253,83514.53952694328,0.0
"Seaside-Monterey, CA",CA,Seaside-Monterey,344900.3366244317,313193.01815698657,7782068.542849002,5838959.009321528,4185441.5170150697,867410.6950596502,82607.09054525444,0.0
"Stockton, CA",CA,Stockton,905425.6642030234,822188.2276598848,20429335.17619359,15328321.772634288,10987539.770518841,2277109.7076846296,216858.5295011222,0.0
"Santa Cruz, CA",CA,Santa Cruz,437034.0178809634,396856.68166355015,9860902.763947709,7398727.821088688,5303504.022898993,1099123.2566630803,104674.0314601703,0.0
"Chico, CA",CA,Chico,183896.13976932748,166990.23145486505,4149292.454905863,3113253.041717975,2231620.142045483,462491.5126997863,44044.97025872576,0.0
"Woodland, CA",CA,Woodland,161941.033464289,147053.49820916782,3653914.155761453,2741566.0581241897,1965190.093472785,407275.2893508965,38786.50205245692,0.0
"Delano, CA",CA,Delano,158612.53889215717,144030.9982279623,3578812.538991978,2685216.610745743,1924798.0790499928,398904.2572476166,37989.29421209783,0.0
"Redding, CA",CA,Redding,364990.65379843017,331436.39574553136,8235371.160137772,6179076.214225803,4429241.938937005,917937.0475544664,87418.92304770439,0.0
"Merced, CA",CA,Merced,270122.4617471884,245289.61002064808,6094837.519885507,4573013.749639608,3277995.542538738,679347.2995374133,64697.039365766635,0.0
"Camarillo, CA",CA,Camarillo,207829.30958473074,188723.18121626828,4689302.272738902,3518427.4723461526,2522054.42680015,522682.4874832218,49777.20451899213,0.0
"El Centro-Calexico, CA",CA,El Centro-Calexico,47785.038497807036,43392.072551592406,1078185.2188145148,808972.481089141,579881.9623614061,120177.48043536936,11444.996083593831,0.0
"Bakersfield, CA",CA,Bakersfield,1015864.5448691982,922474.2601301366,22921193.97677098,17197986.799802218,12327739.901248831,2554859.1212625303,243309.74930622632,0.0
"Modesto, CA",CA,Modesto,717118.870450923,651192.821706118,16180524.083675884,12140398.963812677,8702395.371357923,1803525.574796911,171757.16336733103,0.0
"Manteca, CA",CA,Manteca,97239.72099431111,88300.29567676062,2194043.0133278044,1646211.049025183,1180025.4222301086,244554.04944103782,23289.88865418035,0.0
"San Diego, CA",CA,San Diego,8231717.935537853,7474961.0570993945,185734214.7784302,139358123.19673336,99893709.41459712,20702444.787043106,1971579.023375767,0.0
"Santa Clarita, CA",CA,Santa Clarita,318718.11720260954,289417.7780310305,7191312.882420636,5395709.497090544,3867714.520143446,801563.4495360334,76336.1863425446,0.0
"Oxnard, CA",CA,Oxnard,966372.3151128523,877531.9415333649,21804488.994480066,16360112.578931548,11727140.79711567,2430388.122384523,231455.86379024622,0.0
"Santa Maria, CA",CA,Santa Maria,276366.62232226063,250959.73349893637,6235726.003971508,4678723.700526578,3353769.8058102587,695051.1162326846,66192.57846280665,0.0
"San Luis Obispo, CA",CA,San Luis Obispo,123990.43318722819,112591.765994088,2797625.7117175534,2099084.808132834,1504651.2040363918,311831.0317823626,29696.95257849491,0.0
"Sacramento, CA",CA,Sacramento,4371209.462266716,3969356.185275214,98628641.48941527,74001994.66643767,53045589.1751201,10993418.78011813,1046948.5167100322,0.0
"Lancaster-Palmdale, CA",CA,Lancaster-Palmdale,717278.4769382145,651337.7552772519,16184125.322909638,12143101.007382823,8704332.231219625,1803926.9787950418,171795.39072215575,0.0
"Livermore, CA",CA,Livermore,325029.3514624713,295148.8089876464,7333714.76605145,5502554.965848918,3944302.737346601,817435.9538936971,77847.79025995228,0.0
"Tracy, CA",CA,Tracy,36752.06814408385,33373.383332156176,829245.6777163319,622190.8088039133,445994.43813798565,92429.99669337284,8802.48900484441,0.0
"San Jose, CA",CA,San Jose,4499333.188590962,4085701.2632120494,101519527.6798403,76171053.68635806,54600398.80134587,11315644.880539611,1077635.434458644,0.0
"Petaluma, CA",CA,Petaluma,63958.09994044321,58078.314889399386,1443101.8608975701,1082772.8598971844,776145.6235736463,160852.08981528296,15318.60654179589,0.0
"Fairfield, CA",CA,Fairfield,477228.337036119,433355.8635784588,10767816.772092555,8079193.906600522,5791270.934890536,1200210.3784010566,114300.97411366607,0.0
"Watsonville, CA",CA,Watsonville,116789.90526893422,106053.1957708011,2635158.4832037147,1977184.1229323556,1417271.2125043138,293721.9890730046,27972.35390879907,0.0
"Lompoc, CA",CA,Lompoc,57652.003266019026,52351.94921059958,1300815.897832132,976014.3674261356,699619.7521008494,144992.50628164326,13808.233127639052,0.0
"Turlock, CA",CA,Turlock,72828.29186263429,66133.05385234754,1643242.1164922838,1232939.9706207863,883787.3553805278,183160.27140722642,17443.106489930524,0.0
"Hanford, CA",CA,Hanford,256539.1245993378,232955.01388886254,5788353.444631309,4343055.873714253,3113158.755788557,645185.7442546283,61443.69385540528,0.0
"Antioch, CA",CA,Antioch,488883.82545399474,443939.84163836803,11030802.336722665,8276514.442067861,5932712.8528738925,1229523.4704344182,117092.58051367103,0.0
"San Francisco-Oakland, CA",CA,San Francisco-Oakland,8368382.695724632,7599061.976041687,188817814.35265628,141671776.87582004,101552166.3671095,21046151.249564942,2004311.6044152225,0.0
"Murrieta-Temecula-Menifee, CA",CA,Murrieta-Temecula-Menifee,1288066.1387787177,1169651.8638925154,29062943.45144104,21806199.029065326,15630966.170312077,3239435.355893771,308504.76168202295,0.0
"Fresno, CA",CA,Fresno,1525262.9702830825,1385042.757050791,34414872.124458216,25821801.303768422,18509401.941060096,3835975.998604682,365315.78230582987,0.0
"Vallejo, CA",CA,Vallejo,415516.3571906124,377317.17885747604,9375394.654524144,7034446.533406847,5042382.473167056,1045007.1917205305,99520.33586692577,0.0
"Hemet, CA",CA,Hemet,170865.6414384276,155157.6506569285,3855282.2137127295,2892654.4004704696,2073492.1760501016,429720.32515963825,40924.03519091644,0.0
"Victorville-Hesperia, CA",CA,Victorville-Hesperia,653053.2700673658,593016.8890858646,14734996.664644951,11055806.184900714,7924945.20624016,1642403.1256221875,156412.8093910012,0.0
"Napa, CA",CA,Napa,149294.40807267016,135569.50020943576,3368565.331238616,2527466.1590327127,1811720.510107731,375469.52705890907,35757.50840448908,0.0
"El Paso de Robles (Paso Robles)-Atascadero, CA",CA,El Paso de Robles (Paso Robles)-Atascadero,189872.96644252056,172417.59752559426,4284149.020413263,3214437.1875270163,2304150.249562384,477522.995213214,45476.4802044623,0.0
"Gilroy-Morgan Hill, CA",CA,Gilroy-Morgan Hill,297012.94277089846,269707.99996463844,6701573.855734791,5028253.712508519,3604317.449877721,746975.7949559718,71137.5793271698,0.0
"Arroyo Grande-Grover Beach, CA",CA,Arroyo Grande-Grover Beach,151693.00416376395,137747.5889769374,3422685.426829671,2568072.9743025573,1840828.0017398596,381501.9012888263,36331.99623021201,0.0
"Davis, CA",CA,Davis,124055.33880846249,112650.70472290652,2799090.1927273576,2100183.621968653,1505438.8480394694,311994.26685072796,29712.498125891798,0.0
"Yuba City, CA",CA,Yuba City,225048.99433126012,204359.82886428144,5077834.126013557,3809946.5655789017,2731019.092226139,565989.3130458764,53901.49175784815,0.0
"Yuma, AZ-CA",CA,Yuma,1678.9496683302332,1524.60075598769,37882.541741810346,28423.626338089714,20374.423856999674,4222.491961097536,402.12528822117673,0.0
"Visalia, CA",CA,Visalia,287497.85196699994,261067.6488531352,6486882.592884556,4867168.844579168,3488849.7281625895,723045.7182023714,68858.61962745845,0.0
"Simi Valley, CA",CA,Simi Valley,319640.0205874468,290254.92915234336,7212114.0083369035,5411316.776942176,3878902.02068154,803882.0000589062,76556.99145143657,0.0
"Thousand Oaks, CA",CA,Thousand Oaks,781530.054413703,709682.5677753857,17633848.987415347,13230842.268627645,9484039.269292055,1965517.1529947862,187184.2880776625,0.0
"Indio-Cathedral City, CA",CA,Indio-Cathedral City,881083.6068534919,800083.9801428639,19880099.531421542,14916225.117532328,10692143.545518247,2215890.396937099,211028.36257461045,0.0
"Los Angeles-Long Beach-Anaheim, CA",CA,Los Angeles-Long Beach-Anaheim,33859697.748658866,30746913.83480255,763984434.7474259,573224686.1728076,410894886.61513716,85155799.63221574,8109737.279857082,0.0
"Vacaville, CA",CA,Vacaville,245632.61848294415,223051.16281822545,5542267.34627763,4158415.1662803194,2980805.9029270643,617756.313063916,58831.476230142805,0.0
"Mission Viejo-Lake Forest-San Clemente, CA",CA,Mission Viejo-Lake Forest-San Clemente,1571902.4185020283,1427394.5555321423,35467209.116624504,26611379.617994133,19075381.913178284,3953272.364832492,376486.39802546165,0.0
"Riverside-San Bernardino, CA",CA,Riverside-San Bernardino,5571082.7636782685,5058922.94056742,125701668.92019738,94315141.04341649,67606315.84774841,14011052.640807107,1334330.2091218578,0.0
"Madera, CA",CA,Madera,28104.846679689912,25521.116745201583,634136.3577321486,475798.4562499005,341058.5019248852,70682.57697736278,6731.392718116526,0.0
"Reno, NV-CA",CA,Reno,20.237040603296897,18.376612464758807,456.61317301282963,342.6011459110175,245.58094303860003,50.895356112020295,4.846974235646825,0.0
"Concord, CA",CA,Concord,1816535.8297561707,1649538.3700687871,40986931.11192002,30752878.795998264,22044062.216401797,4568515.711265739,435078.5541005969,0.0
"Santa Rosa, CA",CA,Santa Rosa,735295.9315529517,667698.832351064,16590657.447963014,12448125.873340894,8922978.009630598,1849240.1639995927,176110.75184740542,0.0
"Longmont, CO",CO,Longmont,83217.2445451017,114887.16096765005,3483224.646990525,2209863.1549299927,1873388.093241808,388249.6354073588,36974.61072237783,0.0
"Fort Collins, CO",CO,Fort Collins,355853.1826047161,491279.9275467602,14894948.554646984,9449806.24029836,8010973.192852709,1660231.231640337,158110.6533033253,0.0
"Lafayette-Louisville-Erie, CO",CO,Lafayette-Louisville-Erie,94590.90098282014,130589.28022302523,3959291.844923183,2511894.5960806804,2129432.049798153,441313.372248579,42028.08877940224,0.0
"Greeley, CO",CO,Greeley,133136.84222071807,183804.61773937207,5572709.51208142,3535495.6030517905,2997178.9663490793,621149.267006383,59154.60119867,0.0
"Denver-Aurora, CO",CO,Denver-Aurora,3413256.2323070723,4712236.271802625,142868684.2475587,90640217.99018517,76839285.1714993,15924529.765304746,1516558.5111014422,0.0
"Colorado Springs, CO",CO,Colorado Springs,736254.0476493527,1016449.6282922643,30817389.58358379,19551484.80897575,16574564.25056039,3434989.5521009415,327128.19264107937,0.0
"Pueblo, CO",CO,Pueblo,194919.10713973403,269099.30700116383,8158730.10299609,5176145.346010549,4388022.415990892,909394.112898252,86605.3442197197,0.0
"Boulder, CO",CO,Boulder,136734.56891181125,188771.52823654935,5723299.577302332,3631034.4988613734,3078171.0537784984,637934.4427683036,60753.12257024201,0.0
"Grand Junction, CO",CO,Grand Junction,135675.56734275405,187309.5033354085,5678972.943000684,3602912.3402719456,3054330.791570334,632993.6762801817,60282.59304256635,0.0
"Hartford, CT",CT,Hartford,1532254.3396756744,998598.9184759703,68515168.82531556,43904284.63408764,36849618.8924727,7636886.0795637565,727292.092951349,0.0
"Springfield, MA-CT",CT,Springfield,141029.16323055077,91911.35324531584,6306157.325081827,4040963.93389357,3391650.31757725,702901.356256486,66940.18912998159,0.0
"New Haven, CT",CT,New Haven,929975.2643777459,606082.338401854,41584096.44687025,26646946.04065781,22365238.710304517,4635075.892405895,441417.35409634263,0.0
"Waterbury, CT",CT,Waterbury,233450.67646446743,152144.1884669389,10438810.382963367,6689153.805683295,5614321.483812171,1163538.0466493564,110808.51702641533,0.0
"Norwich-New London, CT-RI",CT,Norwich-New London,369913.4796747011,241079.5591618475,16540781.679911366,10599276.034722464,8896154.115044916,1843680.2758011231,175581.2608110969,0.0
"Bridgeport-Stamford, CT-NY",CT,Bridgeport-Stamford,1308283.5104203783,852632.9244022674,58500252.38421047,37486760.60903672,31463280.941009846,6520596.398484984,620983.2322411797,0.0
"New York-Newark, NY-NJ-CT",CT,New York-Newark,122.45545601712773,79.80651956650277,5475.628964033737,3508.764215418021,2944.9659685677493,610.3284182061966,58.124087231405596,0.0
"Worcester, MA-CT",CT,Worcester,56653.906745213084,36922.414600687734,2533294.822374966,1623326.6129312313,1362485.8603909581,282367.89452787593,26891.056754532037,0.0
"Danbury, CT-NY",CT,Danbury,239006.2267676336,155764.84489494085,10687228.32317265,6848339.167730192,5747928.487629154,1191227.3823398962,113445.48642690106,0.0
"Dover, DE",DE,Dover,193880.61778235898,54359.248182077965,4225721.604030596,2710608.819535637,2272726.364584587,471010.36325546226,44856.2554586919,0.0
"Philadelphia, PA-NJ-DE-MD",DE,Philadelphia,819786.5088505019,229847.51544864546,17867642.473839838,11461282.548217094,9609781.696109377,1991575.773495062,189665.95775894623,0.0
"Salisbury, MD-DE",DE,Salisbury,40035.535144886235,11224.95696545689,872593.8039901654,559729.3628410945,469308.47077337315,97261.66631513325,9262.628788919903,0.0
"Port St. Lucie, FL",FL,Port St. Lucie,1238925.243242119,1171996.1482073762,30913955.21211048,19829900.66471724,16626500.188071042,3445753.089893762,328153.24864523375,0.0
"Spring Hill, FL",FL,Spring Hill,459506.5314897536,434683.1158051379,11465715.47527215,7354736.634783263,6166623.429385726,1277999.668941894,121709.16841396372,0.0
"Orlando, FL",FL,Orlando,4659090.34481244,4407397.434231825,116254722.4171464,74572133.57264571,62525456.57359361,12958065.903734485,1234049.948309155,0.0
"Tampa-St. Petersburg, FL",FL,Tampa-St. Petersburg,6851406.281607293,6481280.299717267,170957907.33532426,109661746.51696974,91946554.84748466,19055430.90169499,1814727.112359284,0.0
"Sebastian-Vero Beach South-Florida Ridge, FL",FL,Sebastian-Vero Beach South-Florida Ridge,463232.9304295099,438208.2075957045,11558697.461517442,7414380.363261266,6216632.074387222,1288363.6927043293,122696.17705270063,0.0
"Panama City, FL",FL,Panama City,478387.0060238631,452543.63124059536,11936825.534022313,7656932.377872944,6420001.278537271,1330510.8707431592,126710.02628503129,0.0
"Palm Bay-Melbourne, FL",FL,Palm Bay-Melbourne,1514396.712533535,1432586.125457095,37787584.35990634,24239022.120437674,20323354.748880774,4211906.3922548555,401117.1809326219,0.0
"Sarasota-Bradenton, FL",FL,Sarasota-Bradenton,1850285.1125589006,1750329.19607781,46168751.029397115,29615160.546274997,24831010.5389737,5146093.905633895,490083.70272382663,0.0
"Jacksonville, FL",FL,Jacksonville,3541864.5408881656,3350526.2904567285,88377440.35132323,56690121.05193736,47532174.985065505,9850788.618862199,938131.1436614837,0.0
"Zephyrhills, FL",FL,Zephyrhills,135495.9380018998,128176.19005034522,3380926.639166914,2168711.151626178,1818368.9863127503,376847.2307629444,35888.71279852295,0.0
"Bonita Springs, FL",FL,Bonita Springs,914724.3309535077,865309.1850349621,22824417.496349484,14640828.990569832,12275691.64773203,2544071.328739635,242282.3834243002,0.0
"Ocala, FL",FL,Ocala,522104.5935676098,493899.5116616846,13027677.101282524,8356664.200291028,7006695.658592022,1452100.1378787286,138289.47262666118,0.0
"Gainesville, FL",FL,Gainesville,471105.8431849635,445655.8106491529,11755144.23959264,7540392.064721222,6322287.347877871,1310260.1821023314,124781.46985877973,0.0
"Palm Coast-Daytona Beach-Port Orange, FL",FL,Palm Coast-Daytona Beach-Port Orange,1082156.1726348626,1023696.040584298,27002216.345030345,17320697.535312273,14522643.642930098,3009740.092022219,286629.9363328285,0.0
"Lady Lake-The Villages, FL",FL,Lady Lake-The Villages,211746.49304548666,200307.54526908294,5283548.493369741,3389156.8083689944,2841659.03120286,588918.6104371474,56085.143119916684,0.0
"Cape Coral, FL",FL,Cape Coral,1458217.8451245066,1379442.147179814,36385795.99501272,23339838.43986136,19569428.751620837,4055659.2683728538,386237.12424958945,0.0
"Homosassa Springs-Beverly Hills-Citrus Springs, FL",FL,Homosassa Springs-Beverly Hills-Citrus Springs,250995.59980079226,237436.34072200497,6262901.472871298,4017367.3419600767,3368385.9539193576,698079.9433063933,66481.02613096297,0.0
"Fort Walton Beach-Navarre-Wright, FL",FL,Fort Walton Beach-Navarre-Wright,572857.5459260213,541910.6931261552,14294076.752632344,9169002.15950052,7687805.33533414,1593256.469436379,151732.3710465578,0.0
"Tallahassee, FL",FL,Tallahassee,714874.5913358305,676255.7079750947,17837719.60364585,11442088.38365682,9593688.232704435,1988240.489422805,189348.32492951458,0.0
"St. Augustine, FL",FL,St. Augustine,170213.40587409667,161018.15436067802,4247205.095218387,2724389.505095352,2284280.863768641,473404.9713097897,45084.303839338885,0.0
"Winter Haven, FL",FL,Winter Haven,597510.6679515194,565232.0066701102,14909227.274661059,9563593.329151297,8018652.688900717,1661822.8109959292,158262.22595591776,0.0
"Leesburg-Eustis-Tavares, FL",FL,Leesburg-Eustis-Tavares,356764.52372744627,337491.42646526336,8902072.637505248,5710275.987029712,4787815.449888481,992249.1019565754,94495.96583903958,0.0
"Deltona, FL",FL,Deltona,424191.5938167748,401275.9581475824,10584528.811673282,6789495.342093746,5692693.447682423,1179780.2192456129,112355.32597165003,0.0
"Titusville, FL",FL,Titusville,160814.86130718017,152127.33702422888,4012690.391941895,2573958.955575545,2158151.459382219,447265.3279708511,42594.91801965878,0.0
"Sebring-Avon Park, FL",FL,Sebring-Avon Park,191047.69938642601,180726.939761784,4767067.306460978,3057857.5436413344,2563879.1582505424,531350.2199335058,50602.66835454402,0.0
"Lakeland, FL",FL,Lakeland,742726.6055630769,702603.1034876185,18532689.639234908,11887880.152329868,9967465.038297353,2065703.7299264485,196725.4681428263,0.0
"Miami, FL",FL,Miami,14170519.708363503,13405001.31617153,353586153.79432404,226809486.46176815,190169786.17661962,39411669.3778203,3753335.483844072,0.0
"Pensacola, FL-AL",FL,Pensacola,1303950.6276266482,1233508.7378087805,32536483.9574714,20870679.29124352,17499147.324446715,3626604.5338260685,345376.4759921466,0.0
"North Port-Port Charlotte, FL",FL,North Port-Port Charlotte,516540.7200684355,488636.2091777662,12888846.015954714,8267610.353498016,6932027.921950912,1436625.6494815208,136815.77340730611,0.0
"Kissimmee, FL",FL,Kissimmee,759338.3867469808,718317.4846971346,18947190.72581276,12153763.806357939,10190396.796678193,2111905.142526038,201125.4188186368,0.0
"Cartersville, GA",GA,Cartersville,147103.99794294336,183930.44977493084,4468602.244060616,2866405.7381806974,2403355.233631921,498082.49654014077,47434.4461338102,0.0
"Savannah, GA",GA,Savannah,666605.518004902,833485.5235997614,20249585.02361892,12989190.699312516,10890865.529612562,2257073.5347661753,214950.40229000789,0.0
"Augusta-Richmond County, GA-SC",GA,Augusta-Richmond County,666394.1886565556,833221.2894345752,20243165.437384266,12985072.825799782,10887412.87365167,2256357.9903153884,214882.25804694984,0.0
"Warner Robins, GA",GA,Warner Robins,221164.38114723813,276531.3293142698,6718346.637214795,4309514.7655165205,3613338.728763474,748845.093593569,71315.60033001388,0.0
"Atlanta, GA",GA,Atlanta,11998393.64316277,15002107.150205182,364477169.2728271,233795579.1048735,196027317.8207969,40625611.43019259,3868944.1817863034,0.0
"Chattanooga, TN-GA",GA,Chattanooga,221284.1521247613,276681.08411409764,6721984.939819874,4311848.571681143,3615295.522662299,749250.6286458585,71354.22110212859,0.0
"Brunswick, GA",GA,Brunswick,168151.64275572923,210247.22451425667,5107969.998559619,3276531.1644791653,2747227.378670799,569348.1563538781,54221.36823026402,0.0
"Hinesville, GA",GA,Hinesville,77952.07793947404,97466.83269518653,2367963.0416613813,1518940.930453046,1273565.2131017111,263939.56747283216,25136.051322498617,0.0
"Macon, GA",GA,Macon,467436.2950314044,584455.6856952355,14199388.9094903,9108264.201164879,7636879.226688149,1582702.3062488034,150727.25464779654,0.0
"Valdosta, GA",GA,Valdosta,210684.08427139127,263427.36378576676,6399984.942137036,4105300.1722842106,3442113.767519713,713359.6376889081,67936.17431457333,0.0
"Athens-Clarke County, GA",GA,Athens-Clarke County,323734.2759700333,404778.87630100397,9834129.135226712,6308147.971927987,5289104.832897871,1096138.6409994857,104389.7942265629,0.0
"Rome, GA",GA,Rome,193237.9627710868,241613.72840364953,5870021.251302116,3765352.4925694377,3157082.578696429,654288.4508188907,62310.582066080686,0.0
"Dalton, GA",GA,Dalton,210962.83905367146,263775.90286831156,6408452.721823914,4110731.8690337655,3446668.0065224683,714303.4793235486,68026.06023806632,0.0
"Albany, GA",GA,Albany,260905.83193764466,326221.7729514504,7925579.198311577,5083899.7188978065,4262626.478143985,883406.5011869266,84130.43699766298,0.0
"Gainesville, GA",GA,Gainesville,310927.4747814377,388765.9824589878,9445094.837513108,6058600.108320852,5079869.916830987,1052775.8255906,100260.17484420948,0.0
"Columbus, GA-AL",GA,Columbus,436044.45963955036,545205.124978838,13245793.983187689,8496576.290859848,7124005.7974317465,1476412.0356810626,140604.79471632757,0.0
"Kahului, HI",HI,Kahului,105948.58445882185,7544.206914259331,3391288.079180258,2544515.2499112966,1823941.5194822906,378002.2668410377,35998.71163809176,0.0
"Urban Honolulu, HI",HI,Urban Honolulu,1227191.2104108704,87383.74808866151,39280929.934072815,29472850.113077257,21126521.06156327,4378360.142820017,416969.2566827237,0.0
"Kailua (Honolulu County)-Kaneohe, HI",HI,Kailua (Honolulu County)-Kaneohe,194907.1525347695,13878.617588920239,6238745.95696021,4680989.599575658,3355394.031624868,695387.7284722909,66224.63543179986,0.0
"Ames, IA",IA,Ames,63405.96190695129,112962.91408465491,1999641.2238655088,1258239.2021374258,1075470.13370692,222885.41303592082,21226.295226402057,0.0
"Dubuque, IA-IL",IA,Dubuque,94981.12261509831,169216.64889145308,2995430.753797192,1884822.3154901203,1611037.1574899862,333878.80426368455,31796.652695243505,0.0
"Iowa City, IA",IA,Iowa City,161459.31023093272,287652.9846917272,5091961.118553231,3204027.311828476,2738617.327769794,567563.7426986344,54051.43117365575,0.0
"Omaha, NE-IA",IA,Omaha,109526.23360487055,195129.95536412532,3454141.6173517937,2173458.088788986,1857746.3310517452,385007.9563671759,36665.892285406444,0.0
"Des Moines, IA",IA,Des Moines,869392.580411617,1548894.0852438533,27418135.31770247,17252381.2244442,14746338.145160759,3056099.4352514413,291044.92739250336,0.0
"Waterloo, IA",IA,Waterloo,200147.88055020495,356579.8413088957,6312087.077944359,3971770.19256572,3394839.5605506464,703562.2784204761,67003.13146785564,0.0
"Davenport, IA-IL",IA,Davenport,268131.9125576499,477698.9622214592,8456107.433099248,5320857.433236614,4547961.345853404,942540.5794840772,89762.01865560745,0.0
"Cedar Rapids, IA",IA,Cedar Rapids,314239.770749657,559843.8878234812,9910216.340400197,6235829.984065725,5330026.989577378,1104619.486707477,105197.46006846499,0.0
"Sioux City, IA-NE-SD",IA,Sioux City,146496.12683330782,260994.8479843409,4620065.456658533,2907095.235199898,2484816.9537144233,514964.97735214996,49042.23426578637,0.0
"Idaho Falls, ID",ID,Idaho Falls,196018.77511246456,169032.74575224478,3474677.73836058,2204440.737376135,1868791.2961689571,387296.97386647714,36883.88484291285,0.0
"Nampa, ID",ID,Nampa,410799.5038572314,354244.4750550438,7281934.550215068,4619879.70630473,3916454.1092477376,811664.1103306175,77298.11384191416,0.0
"Boise City, ID",ID,Boise City,1035463.7470388198,892910.794838192,18354888.855166778,11644897.10099899,9871838.230059387,2045885.5308451382,194838.09947735103,0.0
"Coeur d'Alene, ID",ID,Coeur d'Alene,329641.7200964718,284259.73496891005,5843311.416454543,3707173.642435415,3142717.206640057,651311.286790025,62027.05448231747,0.0
"Lewiston, ID-WA",ID,Lewiston,65428.63910053272,56421.03676880117,1159804.3891632971,735815.0123198263,623779.3864444995,129274.93253286243,12311.383889772596,0.0
"Pocatello, ID",ID,Pocatello,185235.5909423212,159734.08940064936,3283532.3240341092,2083172.3004641344,1765987.2626747729,365991.3892593634,34854.86633209267,0.0
"Dubuque, IA-IL",IL,Dubuque,4895.437797132156,8721.859173014069,143566.7611785652,93232.28125554048,77214.73193983357,16002.340017630902,1523.9687016788298,0.0
"Rockford, IL",IL,Rockford,621902.4348517883,1108000.076991975,18238311.26871626,11843962.71025525,9809138.996300131,2032891.5681700385,193600.63093176248,0.0
"Beloit, WI-IL",IL,Beloit,32000.156756366843,57012.44144229737,938457.203032856,609434.2811747583,504731.8806548849,104602.98143975114,9961.77244333249,0.0
"Springfield, IL",IL,Springfield,375582.64999505866,669149.3420677005,11014578.644271884,7152869.4082383895,5923987.770329727,1227714.7660756067,116920.33015338755,0.0
"Decatur, IL",IL,Decatur,172295.6694332538,306967.14516469964,5052853.748875282,3281324.158816413,2717584.101972754,563204.7633107392,53636.30762603116,0.0
"Kenosha, WI-IL",IL,Kenosha,6.107291042660361,10.880933352661277,179.10634981068694,116.3116966846801,96.32904354618154,19.963678817149994,1.9012232994790106,0.0
"Chicago, IL-IN",IL,Chicago,15091342.920865644,26887190.306975447,442578440.3292786,287410520.9847021,238032643.15387404,49330991.578288,4697993.3625496635,0.0
"Davenport, IA-IL",IL,Davenport,281562.5317959268,501640.2725329276,8257284.115193661,5362281.831218056,4441027.81362262,920379.2503834768,87651.50407463325,0.0
"St. Louis, MO-IL",IL,St. Louis,1070811.9166645093,1907790.7073815486,31403319.800528385,20393321.685087036,16889695.779949754,3500299.073442387,333347.88715677714,0.0
"Alton, IL-MO",IL,Alton,172961.46868248138,308153.35312605166,5072379.406389044,3294004.124416237,2728085.616379692,565381.1459778553,53843.573504890555,0.0
"Champaign, IL",IL,Champaign,221684.94252258967,394960.55911330966,6501275.374935666,4221929.430600107,3496590.9324814323,724649.7604593456,69011.37917344407,0.0
"DeKalb, IL",IL,DeKalb,99615.45781833304,177477.8948382927,2921387.0617815102,1897149.2980993413,1571214.0959103557,325625.71379311115,31010.676921986636,0.0
"Danville, IL",IL,Danville,103524.75731036835,184442.82035621916,3036033.6960166157,1971600.8435703292,1632874.6715031797,338404.53813829,32227.6569589592,0.0
"Round Lake Beach-McHenry-Grayslake, IL-WI",IL,Round Lake Beach-McHenry-Grayslake,30450.908934842908,54252.25494144011,893022.963805174,579929.2778192936,480295.91390285705,99538.75808752645,9479.485610369416,0.0
"Kankakee, IL",IL,Kankakee,129161.7627512509,230118.48009070984,3787881.0261207675,2459850.63876013,2037241.877234496,422207.4777526366,40208.55581126672,0.0
"Peoria, IL",IL,Peoria,514387.1340547206,916447.584374131,15085248.324761234,9796363.05143445,8113322.304412127,1681442.633110453,160130.70236637397,0.0
"Carbondale, IL",IL,Carbondale,139962.77060904383,249361.8804496063,4104638.337696858,2665552.895467584,2207603.9492248883,457514.1055632809,43570.951291300466,0.0
"Bloomington-Normal, IL",IL,Bloomington-Normal,258709.6338115141,460924.86235407286,7587085.313139977,4927054.605241433,4080573.76129077,845677.0768313917,80537.30863100887,0.0
"Cape Girardeau, MO-IL",IL,Cape Girardeau,637.6859102371616,1136.1203913084196,18701.18763138746,12144.554705761979,10058.088502241051,2084.485021144686,198.51408780483686,0.0
"Lafayette, IN",IN,Lafayette,292538.859827758,348119.0334408223,6405911.464265899,4160000.0893779173,3445301.2137564863,714020.2407054619,67999.08625872362,0.0
"Michigan City-La Porte, IN-MI",IN,Michigan City-La Porte,280054.6367361224,333262.90226399805,6132536.406086456,3982470.276047832,3298271.485823098,683549.1163489962,65097.19567440567,0.0
"South Bend, IN-MI",IN,South Bend,812500.5884186215,966869.5628229544,17791847.678418312,11554029.172162512,9569016.796964077,1983127.5272542303,188861.39649847342,0.0
"Elkhart, IN-MI",IN,Elkhart,447007.24525096756,531935.2452847906,9788404.995661315,6356592.014105319,5264512.91130304,1091042.1303997173,103904.43254612968,0.0
"Evansville, IN-KY",IN,Evansville,682827.682943264,812559.784819023,14952316.710538194,9710037.236578317,8041827.489913981,1666625.7153752677,158719.62630756674,0.0
"Fort Wayne, IN",IN,Fort Wayne,1138680.0437988075,1355020.6508598058,24934408.888433937,16192409.74264036,13410511.476287883,2779256.7436628263,264680.0584542899,0.0
"Indianapolis, IN",IN,Indianapolis,5862559.511213235,6976401.534259347,128376234.20332508,83367550.2290185,69044787.4569382,14309162.7410157,1362720.460914516,0.0
"Kokomo, IN",IN,Kokomo,175529.95877851942,208879.3250437339,3843692.342013925,2496094.517620925,2067258.9630872556,428428.3581738564,40800.99585743374,0.0
"Anderson, IN",IN,Anderson,355942.1955375561,423568.524004963,7794295.063406312,5061616.655378464,4192017.699921071,868773.2367747508,82736.85100067905,0.0
"Louisville/Jefferson County, KY-IN",IN,Louisville/Jefferson County,569261.1287706939,677416.4432026742,12465476.870663315,8095082.984735,6704326.59460294,1389435.811804398,132321.69094324135,0.0
"Muncie, IN",IN,Muncie,249691.50804232713,297131.0084727023,5467655.458970286,3550696.466050927,2940677.543590022,609439.6853104006,58039.44953992716,0.0
"Columbus, IN",IN,Columbus,245264.8358433744,291863.30199375417,5370721.772264478,3487747.711980673,2888543.5498056286,598635.1940681725,57010.493370230906,0.0
"Terre Haute, IN",IN,Terre Haute,321892.1486212186,383049.2253787594,7048679.297936438,4577413.639414409,3791002.02617983,785664.884231262,74822.1005338834,0.0
"Chicago, IL-IN",IN,Chicago,1493558.0450939396,1777322.7917549007,32705400.60642568,21238893.201197702,17589995.902109046,3645432.5264460617,347169.54322085826,0.0
"Cincinnati, OH-KY-IN",IN,Cincinnati,34617.42412464872,41194.47321829017,758039.9889232101,492271.3089719491,407697.8129469637,84493.19013767273,8046.634250549746,0.0
"Bloomington, IN",IN,Bloomington,224282.417980263,266894.383231787,4911256.280341585,3189370.736568582,2641428.5177244646,547421.9259846691,52133.24306909019,0.0
"Lawrence, KS",KS,Lawrence,160105.82779366506,274202.7699056725,4143553.896462178,2607258.685445387,2228534.0039327596,461851.7115106679,43984.03935821755,0.0
"St. Joseph, MO-KS",KS,St. Joseph,4700.127732353398,8049.60107250239,121639.74820680103,76539.68017125485,65421.69400526571,13558.294956656553,1291.2122314179837,0.0
"Wichita, KS",KS,Wichita,1152865.9245800644,1974437.9964551532,29836278.664687112,18773955.55450438,16046891.923341408,3325632.225554122,316713.6443454545,0.0
"Manhattan, KS",KS,Manhattan,162971.79481380383,279111.1240000227,4217725.392759817,2653929.7998478357,2268425.774560624,470119.0668694627,44771.373635490665,0.0
"Topeka, KS",KS,Topeka,359855.9402308339,616301.7108001176,9313105.611809157,5860108.520753554,5008882.002441008,1038063.9117464239,98859.09873811383,0.0
"Kansas City, MO-KS",KS,Kansas City,1999916.402812345,3425125.89821313,51758024.78690035,32567830.18615077,27837098.562295705,5769089.272050139,549414.1155674007,0.0
"Elizabethtown-Radcliff, KY",KY,Elizabethtown-Radcliff,278204.0808662643,261065.99927709813,6063592.412581948,3809811.688838713,3261191.292826969,675864.3898360478,64365.3475400833,0.0
"Evansville, IN-KY",KY,Evansville,96675.99388325754,90720.50586264343,2107100.0150825744,1323910.5996564752,1133264.8625993044,234863.0595721237,22366.975803169837,0.0
"Owensboro, KY",KY,Owensboro,171337.47249914863,160782.64679771155,3734383.0291843424,2346347.700690733,2008469.0048734683,416244.4200894179,39640.669287480865,0.0
"Lexington-Fayette, KY",KY,Lexington-Fayette,708129.873433633,664507.2654947314,15434032.866465656,9697346.856389984,8300909.786231912,1720318.9951155612,163833.05832591763,0.0
"Louisville/Jefferson County, KY-IN",KY,Louisville/Jefferson County,3151995.017822001,2957824.078215812,68699254.93202643,43164382.868388854,36948626.61664711,7657404.531425971,729246.1495712221,0.0
"Huntington, WV-KY-OH",KY,Huntington,164334.27915541214,154210.86804191332,3581745.0452600946,2250443.831210865,1926375.4817178678,399230.9780815574,38020.40918181877,0.0
"Clarksville, TN-KY",KY,Clarksville,53012.03756806832,49746.360723140104,1155422.9821947492,725963.0403231606,621422.9309422208,128786.56672952078,12264.87480432367,0.0
"Cincinnati, OH-KY-IN",KY,Cincinnati,1104533.5753484822,1036491.4874202488,24073843.151655998,15125820.271846855,12947672.325098196,2683335.5881475657,255545.09202606318,0.0
"Bowling Green, KY",KY,Bowling Green,253591.6378914977,237969.7456209671,5527152.321508511,3472761.374392687,2972676.888312918,616071.328204031,58671.00818694178,0.0
"New Orleans, LA",LA,New Orleans,2718481.126979409,2243027.266852819,39414535.41926535,25094999.398122847,21198380.434787564,4393250.697238828,418387.34546598356,0.0
"Baton Rouge, LA",LA,Baton Rouge,2796274.8128753784,2307215.0800113855,40542445.397271655,25813132.947538476,21805005.999585766,4518970.59332764,430360.1686035104,0.0
"Lafayette, LA",LA,Lafayette,1082551.340889679,893216.4918436174,15695624.201768696,9993310.22696828,8441601.796171911,1749476.7154940173,166609.86804375358,0.0
"Monroe, LA",LA,Monroe,571244.8419141151,471335.90288563137,8282327.153661005,5273308.25354819,4454496.79974814,923170.5804857992,87917.33392872379,0.0
"Mandeville-Covington, LA",LA,Mandeville-Covington,382201.0792031153,315355.3039471423,5541431.876803585,3528196.593816828,2980356.861456843,617662.9813723321,58822.587869022485,0.0
"Alexandria, LA",LA,Alexandria,369472.5944830803,304852.9914574908,5356884.959463446,3410696.6732846545,2881101.707990506,597092.8829390127,56863.61273361772,0.0
"Lake Charles, LA",LA,Lake Charles,707199.611852294,583512.6081066373,10253499.232792018,6528341.748506263,5514655.322266867,1142882.750600259,108841.42817140711,0.0
"Slidell, LA",LA,Slidell,491656.44839992956,405667.27086695394,7128396.186844675,4538607.295901564,3833876.3263656655,794550.3146218155,75668.29664027973,0.0
"Houma, LA",LA,Houma,658228.9720791841,543106.7803095682,9543486.940749375,6076281.16090992,5132788.315083049,1063742.8606108462,101304.61072687773,0.0
"Hammond, LA",LA,Hammond,347134.801214481,286422.0084774978,5033015.231167149,3204490.75076874,2706914.352013695,560993.4872587888,53425.718706521184,0.0
"Shreveport, LA",LA,Shreveport,1604391.400062622,1323788.3542135363,23261644.53986733,14810550.207373187,12510846.1954338,2592805.801378103,246923.56783308202,0.0
"New Bedford, MA",MA,New Bedford,229268.13127391748,121131.51340507795,8438361.981014522,5407273.347081604,4538417.235311892,940562.6557154286,89573.65283445844,0.0
"Springfield, MA-CT",MA,Springfield,1026729.5628457831,542462.2476494734,37789446.18146831,24215347.196264897,20324356.107113507,4212113.90770224,401136.94348276005,0.0
"Providence, RI-MA",MA,Providence,471572.31972080865,249150.49662736667,17356524.4847599,11122001.219616793,9334886.325565848,1934605.1757562712,184240.41325894214,0.0
"Boston, MA-NH-RI",MA,Boston,7756422.364934275,4098027.817703809,285480146.01625603,182934696.11137432,153540227.11215362,31820389.418610327,3030386.6494378843,0.0
"Leominster-Fitchburg, MA",MA,Leominster-Fitchburg,223533.9694999644,118101.9266503509,8227312.445095802,5272033.530034786,4424908.137992635,917038.5034643358,87333.35099580893,0.0
"Nashua, NH-MA",MA,Nashua,13389.018870239048,7073.9535832981655,492791.5064773087,315779.10317644116,265038.8157611416,54927.8745198578,5231.0075605053935,0.0
"Worcester, MA-CT",MA,Worcester,958828.6485611448,506587.4818755072,35290309.077711575,22613908.731992967,18980241.345194586,3933553.3249025214,374608.4726940838,0.0
"Pittsfield, MA",MA,Pittsfield,85010.37846758486,44914.3792541065,3128862.008280922,2004964.0181517284,1682800.6782884514,348751.4243282081,33213.0335161311,0.0
"Barnstable Town, MA",MA,Barnstable Town,742813.6802878527,392458.1439701367,27339738.33995122,17519210.33660489,14704173.626364658,3047361.2008402883,290212.7493650488,0.0
"Washington, DC-VA-MD",MD,Washington,4404677.479011686,2218966.9585093283,107675887.18100095,69069199.72336918,57911488.39357488,12001845.717096671,1142985.1643623093,0.0
"Aberdeen-Bel Air South-Bel Air North, MD",MD,Aberdeen-Bel Air South-Bel Air North,479833.9060845027,241728.38720824645,11729926.148592103,7524215.802704169,6308724.2631193455,1307449.3054484038,124513.77850613093,0.0
"Westminster-Eldersburg, MD",MD,Westminster-Eldersburg,188734.9719304799,95079.98454472297,4613778.339397416,2959529.6212188816,2481435.5167875094,514264.2169202466,48975.49796569409,0.0
"Frederick, MD",MD,Frederick,450958.6252413867,227181.73892040667,11024046.660888793,7071426.115122083,5929080.010078024,1228770.0678950846,117020.8308890259,0.0
"Baltimore, MD",MD,Baltimore,6232856.20050686,3139957.9269917356,152367187.89493883,97736642.87820747,81947879.55177698,16983259.013124723,1617385.6548474142,0.0
"Hagerstown, MD-WV-PA",MD,Hagerstown,273514.2490040813,137789.6756603684,6686276.02327147,4288942.920717329,3596090.1410269137,745270.4161919948,70975.16908854566,0.0
"Salisbury, MD-DE",MD,Salisbury,151445.69921490806,76294.57642869827,3702212.046265688,2374801.173562163,1991166.4120999111,412658.5715199723,39299.17416971843,0.0
"Lexington Park-California-Chesapeake Ranch Estates, MD",MD,Lexington Park-California-Chesapeake Ranch Estates,183501.05053611478,92443.2651270422,4485830.917081188,2877457.1507947966,2412621.357401958,500002.8510495549,47617.329397461006,0.0
"Philadelphia, PA-NJ-DE-MD",MD,Philadelphia,104886.61140993395,52839.26603426881,2564037.6601438727,1644713.9084075766,1379020.3274249025,285794.5749557022,27217.393635070046,0.0
"Cumberland, MD-WV-PA",MD,Cumberland,150126.71462004536,75630.10479627359,3669968.405929555,2354118.340176809,1973824.765311771,409064.6081285093,38956.90624405665,0.0
"Waldorf, MD",MD,Waldorf,342594.5133567593,172590.59464117797,8374998.701904836,5372181.954279631,4504338.462577764,933500.0150236269,88901.0484932402,0.0
"Portland, ME",ME,Portland,514285.7629778827,303366.65449135937,13557259.102650248,8687445.024303937,7291521.567039897,1511128.7776585545,143911.0129406414,0.0
"Dover-Rochester, NH-ME",ME,Dover-Rochester,18507.50732333635,10917.200093474765,487882.5940539569,312633.48897197,262398.64782346576,54380.713860482196,5178.8991989308015,0.0
"Lewiston, ME",ME,Lewiston,167479.14318404428,98792.52163355704,4414973.740063646,2829099.9943381366,2374512.1340415943,492104.9174248498,46865.176672376714,0.0
"Bangor, ME",ME,Bangor,180982.76262656943,106758.0305951176,4770947.171149609,3057206.545172413,2565965.873355988,531782.6791112586,50643.8532219399,0.0
"Portsmouth, NH-ME",ME,Portsmouth,48251.020705681265,28462.29038602678,1271961.303938323,815068.4306716538,684100.9093271246,141776.2481262571,13501.935626153196,0.0
"Port Huron, MI",MI,Port Huron,130186.69362568662,175335.5176357362,5320278.25044169,3454989.6795817064,2861413.432892262,593012.6225114387,56475.032739724986,0.0
"Lansing, MI",MI,Lansing,488030.8692664378,657280.2696032667,19944127.521724567,12951720.100372422,10726580.774838444,2223026.467530821,211707.9599476091,0.0
"Detroit, MI",MI,Detroit,6632209.216338526,8932263.379840352,271035368.23445994,176010418.24719307,145771368.89233163,30210336.17870023,2877054.6528076376,0.0
"Kalamazoo, MI",MI,Kalamazoo,371353.16509698244,500138.6671295073,15175914.77650324,9855241.86196037,8162085.581578263,1691548.5613702894,161093.13150813937,0.0
"Benton Harbor-St. Joseph-Fair Plain, MI",MI,Benton Harbor-St. Joseph-Fair Plain,142884.07015563938,192436.35201821305,5839175.952723053,3791961.9433898884,3140492.9820646304,650850.3657196035,61983.159071740636,0.0
"Monroe, MI",MI,Monroe,120413.20983562783,162172.5837620064,4920869.894709129,3195613.819516468,2646599.022723456,548493.48547828,52235.292089949115,0.0
"South Bend, IN-MI",MI,South Bend,70828.03001395689,95391.23361810544,2894495.720801809,1879686.0562947856,1556751.0846380761,322628.3320986672,30725.223926719435,0.0
"Battle Creek, MI",MI,Battle Creek,160620.47185402908,216323.74854219175,6564001.1216327995,4262663.542103515,3530326.8172864188,731641.3420640796,69677.21626533878,0.0
"Midland, MI",MI,Midland,113815.91532891581,153287.343534187,4651261.3694574125,3020529.9933660985,2501595.0549867144,518442.18908270355,49373.38345025803,0.0
"Michigan City-La Porte, IN-MI",MI,Michigan City-La Porte,1479.4472852412778,1992.5204976661535,60459.87493142052,39262.653959784286,32517.227508803753,6739.021401149219,641.784744229906,0.0
"Flint, MI",MI,Flint,738028.8181587067,993977.6582237091,30160675.87320788,19586348.488914296,16221362.68559671,3361790.615895627,320157.15667695354,0.0
"Saginaw, MI",MI,Saginaw,246835.73057403,332438.51107878087,10087319.46584891,6550707.126315855,5425278.540470957,1124359.946786078,107077.42532875744,0.0
"Grand Rapids, MI",MI,Grand Rapids,1104629.2634235555,1487715.3594116378,45142363.48832361,29315459.196356084,24278986.774285834,5031690.091839267,479188.55667746114,0.0
"Muskegon, MI",MI,Muskegon,267288.5706916727,359984.4085071204,10923156.04336059,7093499.554302119,5874817.812293076,1217524.5553815095,115949.8744485216,0.0
"Ann Arbor, MI",MI,Ann Arbor,619189.6210110995,833924.95570097,25304130.41317618,16432506.969171247,13609359.372493125,2820466.906114034,268604.6718356799,0.0
"Bay City, MI",MI,Bay City,132758.56876842666,178799.32063194225,5425381.85975612,3523243.982904657,2917941.468716855,604727.7554539297,57590.71306652047,0.0
"Elkhart, IN-MI",MI,Elkhart,1637.850014970045,2205.857389774051,66933.24463085865,43466.4614395564,35998.80988891934,7460.560719441676,710.4999031939623,0.0
"Jackson, MI",MI,Jackson,157507.68949553088,212131.45138097875,6436792.512065585,4180054.247529086,3461910.015183078,717462.3259272403,68326.89020119225,0.0
"Holland, MI",MI,Holland,127662.70184548214,171936.2039811249,5217131.467936216,3388006.1399503187,2805937.840239514,581515.6027846772,55380.124232165195,0.0
"South Lyon-Howell, MI",MI,South Lyon-Howell,332927.9078181781,448387.5074093238,13605607.89740056,8835484.284313843,7317525.017992232,1516517.9038201652,144424.24160536466,0.0
"Toledo, OH-MI",MI,Toledo,50322.51950152488,67774.39967023942,2056506.687090223,1335495.822854305,1106054.1539879413,229223.80490577497,21829.926371471578,0.0
"Mankato, MN",MN,Mankato,132038.86136377614,112824.00187370599,4933458.517273644,3104292.327276994,2653369.6284542507,549896.614549928,52368.917846385375,0.0
"Rochester, MN",MN,Rochester,178675.57738286006,152673.94363459529,6675978.117076422,4200742.252792301,3590551.641217589,744122.5567289194,70865.85370756238,0.0
"St. Cloud, MN",MN,St. Cloud,198162.571690271,169325.10723555164,7404084.047777323,4658890.151716716,3982149.980608679,825279.2108133266,78594.73589737617,0.0
"Fargo, ND-MN",MN,Fargo,61383.54990149493,52450.75334314385,2293515.6661772146,1443154.5456549341,1233525.0797612194,255641.4523061689,24345.787662122202,0.0
"Duluth, MN-WI",MN,Duluth,170405.73402315343,145607.56322905535,6366986.28892774,4006314.559125724,3424366.088145715,709681.4927922044,67585.88943769658,0.0
"Grand Forks, ND-MN",MN,Grand Forks,8530.844682523173,7289.399700241125,318743.79954384133,200563.9507916389,171430.47093768188,35528.04501431206,3383.481951639219,0.0
"Minneapolis-St. Paul, MN-WI",MN,Minneapolis-St. Paul,5115913.228325637,4371423.6679768795,191149373.97392756,120277394.22829545,102806163.59185463,21306025.63162702,2029060.5113997287,0.0
"La Crosse, WI-MN",MN,La Crosse,8470.539014928308,7237.86997116407,316490.55753339955,199146.1377381751,170218.6063005049,35276.892572477336,3359.5636709199844,0.0
"St. Louis, MO-IL",MO,St. Louis,6159605.717418159,10115276.996848369,146574192.74628112,92229242.49306342,78832224.89587414,16337555.50783686,1555892.6524778344,0.0
"Alton, IL-MO",MO,Alton,280.3749512106673,460.4304925644664,6671.812129755453,4198.1208782675685,3588.3110418102397,743.6582045273078,70.8216315362404,0.0
"Springfield, MO",MO,Springfield,754673.4179317724,1239321.3161276698,17958235.00644318,11299904.71121794,9658505.322362129,2001673.3897242527,190627.59531182275,0.0
"St. Joseph, MO-KS",MO,St. Joseph,170074.69751433912,279295.908607903,4047103.441091871,2546568.926421353,2176659.9062720425,451101.0831848746,42960.21277574027,0.0
"Jefferson City, MO",MO,Jefferson City,196984.8110856388,323487.57691884815,4687457.443340782,2949500.4619683363,2521062.490195126,522476.6702537144,49757.60369713175,0.0
"Fayetteville-Springdale-Rogers, AR-MO",MO,Fayetteville-Springdale-Rogers,5.093529676527628,8.364571684198712,121.20581004967269,76.2666321894041,65.18830837473487,13.509927037337206,1.2866059553904283,0.0
"Joplin, MO",MO,Joplin,233687.55209267783,383760.6542653314,5560837.150010952,3499059.3389149564,2990793.6493146243,619825.9318787913,59028.574547938915,0.0
"Columbia, MO",MO,Columbia,299668.273385388,492113.9000648638,7130916.697951571,4487004.383313564,3835231.962148571,794831.2400137739,75695.05032157752,0.0
"Kansas City, MO-KS",MO,Kansas City,2805011.9154903106,4606378.038842664,66748161.49255493,42000111.04901139,35899266.98266412,7439930.406564311,708535.1935892215,0.0
"Cape Girardeau, MO-IL",MO,Cape Girardeau,186648.089355952,306512.6586640235,4441484.452100874,2794726.267202148,2388770.455694207,495059.8561303247,47146.58764711923,0.0
"Lee's Summit, MO",MO,Lee's Summit,301956.72435385804,495871.9840237642,7185372.757110426,4521269.904352949,3864520.1487121144,800901.0594859226,76273.1042118338,0.0
"Pascagoula, MS",MS,Pascagoula,200637.78423850136,291820.89270608977,5158318.407246203,3241019.5846772483,2774306.3733034264,574960.1037924961,54755.81708227557,0.0
"Jackson, MS",MS,Jackson,1619438.736287206,2355419.042827864,41635132.05901332,26159741.94697383,22392687.520488944,4640764.28791923,441959.08341315173,0.0
"Memphis, TN-MS-AR",MS,Memphis,345948.8751666239,503170.97532229946,8894209.321095942,5588314.703372482,4783586.3661204735,991372.596779955,94412.49264358472,0.0
"Hattiesburg, MS",MS,Hattiesburg,222018.637447575,322918.6228468537,5708011.721940563,3586397.02318277,3069948.7795916004,636230.4055301193,60590.84009064053,0.0
"Gulfport, MS",MS,Gulfport,747751.7832558114,1087579.7584212362,19224403.82931352,12078872.298193814,10339490.868128892,2142803.981530836,204068.04242928675,0.0
"Missoula, MT",MT,Missoula,97325.8177145042,207454.4004819582,3945790.1390144387,2503328.7051490652,2122170.406450013,439808.4356086246,41884.76746922053,0.0
"Billings, MT",MT,Billings,152352.06749776736,324745.35089599347,6176668.223374866,3918665.291615956,3322007.013120156,688468.1376578558,65565.65431916222,0.0
"Great Falls, MT",MT,Great Falls,71429.33906749771,152254.88016487448,2895893.2824547817,1837242.358466667,1557502.7580655725,322784.09377445653,30740.05775218256,0.0
"Charlotte, NC-SC",NC,Charlotte,2881218.9839471485,2335016.4016563017,92073855.1673589,59061203.565146826,49520223.463893905,10262801.015415533,977368.7799296288,0.0
"Winston-Salem, NC",NC,Winston-Salem,1050143.820093615,851064.4479571343,33558986.850674644,21526568.538105823,18049081.631768443,3740575.472824523,356230.3975900651,0.0
"Fayetteville, NC",NC,Fayetteville,774542.8296002739,627710.0841617588,24751726.51258643,15877110.342469456,13312259.22703619,2758894.406288669,262740.869259644,0.0
"Goldsboro, NC",NC,Goldsboro,157928.70550187398,127989.61817682789,5046858.582483488,3237330.961788984,2714359.731554423,562536.512572702,53572.667357887854,0.0
"Rocky Mount, NC",NC,Rocky Mount,144761.84663702437,117318.84598664942,4626091.031358171,2967427.6548681436,2488057.6708857627,515636.62287987117,49106.19783372352,0.0
"Myrtle Beach-Socastee, SC-NC",NC,Myrtle Beach-Socastee,46180.76895389106,37426.121912021175,1475778.6394815133,946645.0870888765,793720.3007034917,164494.28007842012,15665.46731093749,0.0
"Hickory, NC",NC,Hickory,645878.1431444464,523436.80439295043,20640045.39015467,13239653.321412701,11100867.430472456,2300595.3036644,219095.15946736565,0.0
"Concord, NC",NC,Concord,440336.51727339934,356860.4107533055,14071641.531664265,9026320.050211458,7568172.657539141,1568463.2378782346,149371.20956227143,0.0
"Raleigh, NC",NC,Raleigh,2369726.6305769323,1920489.4111375052,75728317.69665177,48576282.36591579,40729077.84806635,8440883.183833791,803860.0462505531,0.0
"Greenville, NC",NC,Greenville,229639.8957190312,186106.27167393971,7338501.730304209,4707316.1406011265,3946877.6984985727,817969.2581840983,77898.57902248007,0.0
"Jacksonville, NC",NC,Jacksonville,209002.3726167875,169381.07473410733,6678997.42892485,4284274.032447228,3592175.483408931,744459.1243728831,70897.9064295289,0.0
"New Bern, NC",NC,New Bern,137615.23140665924,111527.03916037056,4397709.7735212445,2820931.4325143215,2365227.0269153,490180.62996450556,46681.91885762171,0.0
"High Point, NC",NC,High Point,460107.244667323,372883.1334254445,14703446.021626232,9431593.985219298,7907977.040352685,1638885.8757632228,156077.84721077405,0.0
"Gastonia, NC-SC",NC,Gastonia,388607.9724382782,314938.2238953152,12418575.044283886,7965952.846726463,6679101.360296764,1384207.9745963837,131823.822489396,0.0
"Asheville, NC",NC,Asheville,952564.8823685789,771983.8847255207,30440699.40722203,19526328.522765547,16371968.288966099,3393002.7174223126,323129.6135668757,0.0
"Greensboro, NC",NC,Greensboro,936472.1789222354,758941.9303639941,29926431.92022248,19196449.246162996,16095379.013648551,3335681.071900021,317670.6373416203,0.0
"Wilmington, NC",NC,Wilmington,486287.53897592344,394100.3393897838,15540078.238697978,9968255.620510004,8357944.235396054,1732139.1663014162,164958.7418769411,0.0
"Burlington, NC",NC,Burlington,302562.1513692173,245204.4047688735,9668846.366592193,6202126.569583196,5200210.5466465205,1077715.7764122486,102635.30900782098,0.0
"Durham, NC",NC,Durham,937918.5364600987,760114.0969339029,29972652.535595145,19226097.675334003,16120237.918467216,3340832.9467456816,318161.2715870558,0.0
"Grand Forks, ND-MN",ND,Grand Forks,147001.14746476564,182026.4747101294,1643299.1054866856,1034017.1680216269,883818.1007700079,183166.55782877264,17443.70517172779,0.0
"Bismarck, ND",ND,Bismarck,293169.63562431507,363021.8959857989,3277290.0639620367,2062177.3476349632,1762629.986429341,365295.60444480384,34788.60388051849,0.0
"Fargo, ND-MN",ND,Fargo,524131.1011855359,649013.5504391814,5859166.303054789,3686777.7311046217,3151244.4793352736,653078.5052420733,62195.35396895406,0.0
"Grand Island, NE",NE,Grand Island,111748.11102451888,276227.4962886602,3812249.8471594867,2398791.4175753626,2050348.234431354,424923.6671255068,40467.22970443025,0.0
"Lincoln, NE",NE,Lincoln,385805.96372324397,953664.5804162413,13161642.847944397,8281733.142009447,7078746.739436852,1467032.269281054,139711.52095718225,0.0
"Sioux City, IA-NE-SD",NE,Sioux City,26189.309023364374,64736.72972840397,893439.6152757095,562181.2229442645,480520.0108058244,99585.19323203055,9483.907820296481,0.0
"Omaha, NE-IA",NE,Omaha,954322.6041994579,2358967.3345963857,32556400.00216183,20485544.243781865,17509858.99143269,3628824.2984995292,345587.87331802066,0.0
"Dover-Rochester, NH-ME",NH,Dover-Rochester,200270.32649654214,59588.564388641666,5097005.077616742,3266143.3306779084,2741330.0999380574,568125.9754896,54104.974916355,0.0
"Boston, MA-NH-RI",NH,Boston,247324.06454453207,73588.96449008824,6294552.142861047,4033527.373024098,3385408.684529483,701607.8112492674,66816.9995150226,0.0
"Manchester, NH",NH,Manchester,429508.6584290414,127796.28812718761,10931264.012948906,7004716.398765399,5879178.578938775,1218428.2605413424,116035.93801032631,0.0
"Nashua, NH-MA",NH,Nashua,561548.8935722737,167083.62635330134,14291770.58797755,9158117.45891525,7686565.011732608,1592999.4149750485,151707.89069223072,0.0
"Portsmouth, NH-ME",NH,Portsmouth,233416.99075113202,69451.04462600933,5940608.416000568,3806721.4496795656,3195046.584168271,662156.2858870331,63059.8683817451,0.0
"East Stroudsburg, PA-NJ",NJ,East Stroudsburg,507.02070850806876,239.65659266262503,17647.23974180623,11314.987362472544,9491.2421573184,1967.0090870273214,187.32637109602427,0.0
"Trenton, NJ",NJ,Trenton,633566.7150591359,299471.8708873178,22051769.33695061,14139066.223294666,11860137.099996397,2457949.8723562243,234080.682677615,0.0
"Poughkeepsie-Newburgh, NY-NJ",NJ,Poughkeepsie-Newburgh,31223.138254833713,14758.43254687974,1086744.973190465,696794.8425809795,584485.7243801167,121131.53494950573,11535.85462163499,0.0
"Villas, NJ",NJ,Villas,104440.15726942715,49366.3706596735,3635118.769465796,2330751.071520399,1955081.532092442,405180.17302296526,38586.97550155093,0.0
"New York-Newark, NY-NJ-CT",NJ,New York-Newark,8628230.1999866,4078358.567487664,300312086.53133947,192552915.56163064,161517312.49426338,33473597.67272131,3187828.4756861986,0.0
"Philadelphia, PA-NJ-DE-MD",NJ,Philadelphia,1884925.1469076765,890959.147331953,65606247.24918849,42065154.062889025,35285109.10404956,7312649.819064942,696413.7393852351,0.0
"Atlantic City, NJ",NJ,Atlantic City,538220.6301362448,254404.05126397446,18733176.642723214,12011264.088470072,10075293.274941856,2088050.5520549489,198853.6479882926,0.0
"Allentown, PA-NJ",NJ,Allentown,59605.23863549346,28173.974270713017,2074605.471566029,1330187.3288022429,1115788.2592190332,231241.13879972175,22022.04538105536,0.0
"Vineland, NJ",NJ,Vineland,216890.36591769906,102518.9015062853,7549033.443427493,4840259.398126251,4060108.295323245,841435.6918559776,80133.38408327519,0.0
"Twin Rivers-Hightstown, NJ",NJ,Twin Rivers-Hightstown,130393.91610735423,61634.09327042779,4538459.001389741,2909951.1876733103,2440926.401719672,505868.91930107865,48175.979220385976,0.0
"Las Cruces, NM",NM,Las Cruces,512457.2275396638,558790.0490327461,6523249.498589726,4138546.943793544,3508409.3558140313,727099.0235116992,69244.63257449995,0.0
"Santa Fe, NM",NM,Santa Fe,445048.0777885419,485286.2323814926,5665174.5633887565,3594158.230562576,3046909.58774607,631455.6715872674,60136.12252560108,0.0
"El Paso, TX-NM",NM,El Paso,104242.41149680894,113667.28597282803,1326938.5657668598,841849.9931887421,713669.4188584037,147904.15967343943,14085.521863807997,0.0
"Los Lunas, NM",NM,Los Lunas,407954.29814799764,444838.69094732427,5192994.708295875,3294593.037381173,2792956.366794929,578825.2284876815,55123.90881492578,0.0
"Farmington, NM",NM,Farmington,268751.5791655363,293050.22942215117,3421034.009908838,2170407.5322249844,1839940.0068197572,381317.69887734496,36314.453876433676,0.0
"Albuquerque, NM",NM,Albuquerque,2882784.9167368314,3143426.2966845455,36695989.93252575,23281046.818394076,19736260.95827921,4090234.2387031135,389529.8409764395,0.0
"Carson City, NV",NV,Carson City,79435.4225925606,122464.30412523463,2965565.337171021,1881444.4189851321,1594974.5868923077,330549.92933864595,31479.630235279987,0.0
"Reno, NV-CA",NV,Reno,533400.1617074386,822334.3880077346,19913446.404314104,12633693.188461924,10710079.644585269,2219606.568545261,211382.26889172834,0.0
"Las Vegas-Henderson, NV",NV,Las Vegas-Henderson,2560529.0475141,3947526.150954616,95592318.14093092,60646660.253883936,51412564.14952382,10654978.19614549,1014717.4269579125,0.0
"Saratoga Springs, NY",NY,Saratoga Springs,208622.8360202611,167432.6263018045,4899212.227973977,3141257.5142996665,2634950.8657514905,546079.4499703348,52005.39355293526,0.0
"Danbury, CT-NY",NY,Danbury,17820.280099399446,14301.868172218978,418484.0731453777,268321.96243237157,225073.9342422053,46645.36702037866,4442.230282512332,0.0
"Utica, NY",NY,Utica,501628.41638256604,402587.5823794826,11780033.855939014,7553075.504135816,6335673.770173577,1313034.4449975658,125045.67433249473,0.0
"Albany-Schenectady, NY",NY,Albany-Schenectady,1925061.1582020333,1544979.6947351294,45207338.49550965,28985862.449407358,24313932.559791233,5038932.259209282,479878.25808313343,0.0
"Binghamton, NY-PA",NY,Binghamton,576750.0679720659,462877.3169919368,13544159.591518294,8684190.664123384,7284476.234316144,1509668.6724072306,143771.9611081141,0.0
"Ithaca, NY",NY,Ithaca,120761.9130994251,96918.8448071109,2835922.7235928057,1818325.7125693138,1525248.6906094651,316099.61948889855,30103.467754273264,0.0
"Elmira, NY",NY,Elmira,185191.66752381166,148627.67592571228,4348964.3768596575,2788451.7739868215,2339010.2156622913,484747.3357646747,46164.48388883383,0.0
"Poughkeepsie-Newburgh, NY-NJ",NY,Poughkeepsie-Newburgh,1552334.6324357828,1245843.7885617053,36454383.22197034,23373677.21514886,19606317.130476754,4063304.1829040567,386965.18092503375,0.0
"Syracuse, NY",NY,Syracuse,1221655.5346143253,980453.5232027352,28688852.32186816,18394604.83424897,15429769.674253168,3197737.098783454,304533.66503736586,0.0
"Watertown, NY",NY,Watertown,126241.46745434722,101316.52338396142,2964602.307341132,1900831.9790009565,1594456.6295238424,330442.5940419232,31469.408253206708,0.0
"Kingston, NY",NY,Kingston,417928.45627170295,335413.2288424755,9814458.677887797,6292795.787588888,5278525.441809059,1093946.1176993975,104180.99120879453,0.0
"Bridgeport-Stamford, CT-NY",NY,Bridgeport-Stamford,120223.45947663768,96486.70273712072,2823277.90184999,1810218.1557891031,1518447.9066368374,314690.1934463069,29969.24231137715,0.0
"Rochester, NY",NY,Rochester,1925768.3255859225,1545547.2399501128,45223945.321303345,28996510.348270617,24322864.23451082,5040783.300942766,480054.54040585767,0.0
"Buffalo, NY",NY,Buffalo,2520041.008128332,2022487.5302634456,59179598.732035,37944540.991464764,31828654.82401995,6596318.187754665,628194.5298860845,0.0
"New York-Newark, NY-NJ-CT",NY,New York-Newark,23120717.18845626,18555794.153179586,542957341.2481656,348131240.03923595,292019583.92801034,60519494.25117424,5763520.521286592,0.0
"Glens Falls, NY",NY,Glens Falls,249770.73028923155,200456.33614905053,5865512.325334085,3760825.9878940834,3154657.5368723096,653785.8731907277,62262.71953006152,0.0
"Middletown, NY",NY,Middletown,127422.25296425044,102264.17620468624,2992331.384939188,1918611.1992748072,1609370.2020786905,333533.3520532766,31763.753859447806,0.0
"Parkersburg, WV-OH",OH,Parkersburg,14229.689071986188,27565.621123753903,456523.83261464874,296466.6613133913,245532.9149317642,50885.38277021697,4846.0244332590155,0.0
"Dayton, OH",OH,Dayton,1629047.9473053645,3155776.509288177,52263911.646599695,33940193.88714888,28109179.97167896,5825477.136592081,554784.1639866792,0.0
"Columbus, OH",OH,Columbus,2687607.3051021346,5206407.836958998,86225129.81705613,55994615.24663483,46374594.16543118,9610886.489810308,915284.2765321531,0.0
"Newark, OH",OH,Newark,139117.92404366846,269497.946603809,4463249.165074291,2898434.8330753455,2400476.1619805293,497485.8395955057,47377.6240372755,0.0
"Youngstown, OH-PA",OH,Youngstown,727280.7608927994,1408881.5155374338,23332976.474048495,15152439.236625953,12549210.618196266,2600756.749653923,247680.76936158756,0.0
"Middletown, OH",OH,Middletown,175933.25167533944,340816.25636501156,5644376.481655108,3665459.130859013,3035723.6829799726,629137.4891060061,59915.35246682656,0.0
"Akron, OH",OH,Akron,1224773.3941040565,2372619.610557244,39293778.03915646,25517386.72423555,21133433.06827887,4379790.918162601,417105.5153073265,0.0
"Canton, OH",OH,Canton,491296.70497655665,951735.4005572895,15762020.77025002,10235859.20267333,8477311.869501546,1756877.5227629736,167314.67737992687,0.0
"Mansfield, OH",OH,Mansfield,158781.54239488018,307590.1249113944,5094106.970002696,3308114.0082444744,2739771.385330398,567802.9590622073,54074.212732516164,0.0
"Toledo, OH-MI",OH,Toledo,981865.3243810755,1902060.360526388,31500682.743681878,20456549.198373795,16942060.641389515,3511151.4107708097,334381.3999061848,0.0
"Huntington, WV-KY-OH",OH,Huntington,66391.85604757462,128613.68510948078,2130015.942295512,1383232.7467768327,1145589.7497566135,237417.34557341415,22610.230971902314,0.0
"Weirton-Steubenville, WV-OH-PA",OH,Weirton-Steubenville,79992.65209110381,154961.02051651126,2566363.3217070447,1666596.8156493977,1380271.1318350488,286053.8062264531,27242.081295917527,0.0
"Wheeling, WV-OH",OH,Wheeling,74756.05500369977,144816.73341656945,2398360.2571209883,1557495.5944426432,1289913.7852557232,267327.72965106636,25458.71995159612,0.0
"Springfield, OH",OH,Springfield,174288.49417880995,337630.04746329755,5591608.568579935,3631191.638350956,3007343.4351449166,623255.8346052163,59355.21830123476,0.0
"Cleveland, OH",OH,Cleveland,3377370.866789001,6542611.383659353,108354461.18798159,70365407.13073295,58276446.486864425,12077481.696481626,1150188.2899787207,0.0
"Cincinnati, OH-KY-IN",OH,Cincinnati,2932319.5009724554,5680462.023357433,94076105.96847475,61093040.611049086,50597096.74208137,10485977.55416225,998622.8002556736,0.0
"Lorain-Elyria, OH",OH,Lorain-Elyria,529064.2199099093,1024898.2786898895,16973696.624759644,11022721.726636536,9128989.357632399,1891934.1950445194,180176.68014222302,0.0
"Lima, OH",OH,Lima,143528.70302206077,278042.46655529167,4604757.929871969,2990330.6511006043,2476584.038562069,513258.7897629257,48879.74699940505,0.0
"Norman, OK",OK,Norman,731755.5336141646,614223.21413152,8743289.001152927,5566799.909921061,4702416.621841999,974550.6344773658,92810.46793834018,0.0
"Fort Smith, AR-OK",OK,Fort Smith,11299.353382623496,9484.486052335502,135008.90340041262,85959.36279686664,72612.0469497285,15048.457445660977,1433.1265383978698,0.0
"Oklahoma City, OK",OK,Oklahoma City,6482885.669383291,5441624.545056528,77459944.42829543,49318284.184483096,41660401.49862856,8633894.862588044,822241.3428081746,0.0
"Lawton, OK",OK,Lawton,387992.7575610817,325674.5561347213,4635882.687426983,2951638.8310360224,2493323.9428997007,516728.0200618843,49210.1360792961,0.0
"Tulsa, OK",OK,Tulsa,4206773.762404612,3531094.720536449,50264107.44789071,32002857.137203578,27033622.509086188,5602573.333481372,533556.1173977659,0.0
"Corvallis, OR",OR,Corvallis,185237.6460608636,118445.82439423852,2012402.1198774704,1509924.1832088155,1082333.2299230471,224307.85747145003,21361.760464438215,0.0
"Medford, OR",OR,Medford,646374.9924504422,413309.1759515063,7022149.291487221,5268784.4683669815,3776733.0140359635,782708.0119126808,74540.50541320635,0.0
"Bend, OR",OR,Bend,321764.5766792171,205744.7357817896,3495616.1988690873,2622793.616521474,1880052.46750767,389630.9650869184,37106.16043298447,0.0
"Portland, OR-WA",OR,Portland,6605357.187882697,4223639.169330133,71759899.18958192,53842125.33903198,38594733.47878477,7998555.100191617,761735.3223288285,0.0
"Salem, OR",OR,Salem,958239.3576895363,612723.4560692386,10410210.644389454,7810878.675291064,5598939.098517428,1160350.6189963957,110504.96517233476,0.0
"Walla Walla, WA-OR",OR,Walla Walla,49109.15764135952,31401.68743143187,533516.6746310143,400302.56438984803,286942.0678737648,59467.23124057435,5663.309183924569,0.0
"Grants Pass, OR",OR,Grants Pass,281132.5375684399,179763.54096724506,3054194.0399273476,2291590.430932025,1642641.730196328,340428.84105085727,32420.439656869024,0.0
"Albany, OR",OR,Albany,317175.5986498094,202810.42249624047,3445762.0287755155,2585387.565158999,1853239.32494062,384074.0826083871,36576.95564375622,0.0
"Eugene, OR",OR,Eugene,1021359.3456266678,653084.0370092029,11095939.49180521,8325387.460394113,5967745.666023972,1236783.836319562,117784.01503884085,0.0
"Longview, WA-OR",OR,Longview,12102.071784410016,7738.383097956836,131475.6229727404,98647.39291820687,70711.73015703999,14654.63338934228,1395.6210526291216,0.0
"York, PA",PA,York,564896.8083090208,466311.2195771013,12064560.662520701,7735507.27634831,6488701.261216144,1344748.5726593093,128065.94123747821,0.0
"Binghamton, NY-PA",PA,Binghamton,9742.1701818289,8041.970129757166,208064.5551797468,133406.00835495561,111903.68048819799,23191.438248402814,2208.616114802164,0.0
"Pittsburgh, PA",PA,Pittsburgh,4368242.964348621,3605898.7662047474,93293025.30451493,59817252.8832758,50175931.63061746,10398693.00894238,990310.333772096,0.0
"Lancaster, PA",PA,Lancaster,911763.7616941547,752643.0764487954,19472634.737971026,12485386.904571773,10472997.16234131,2170472.551988603,206703.03427119058,0.0
"Youngstown, OH-PA",PA,Youngstown,128125.61842162271,105765.1813684413,2736392.3341996386,1754509.2112556417,1471718.1078348209,305005.69300316414,29046.94747509173,0.0
"Lebanon, PA",PA,Lebanon,109929.0312850273,90744.25610386622,2347765.90521085,1505331.2549821862,1262702.5563812784,261688.3397816861,24921.65764395663,0.0
"Uniontown-Connellsville, PA",PA,Uniontown-Connellsville,144290.19552330318,119108.72226185926,3081620.9107444263,1975861.5041875928,1657392.9254013638,343485.80417638045,32711.56683704085,0.0
"State College, PA",PA,State College,142764.46762826273,117849.26385279368,3049035.779312517,1954968.6985278437,1639867.6139264123,339853.77726643236,32365.673965853406,0.0
"Hazleton, PA",PA,Hazleton,129433.04615262062,106844.43727993345,2764315.2060241457,1772412.687744929,1486735.9090372564,308118.0518433169,29343.350217163224,0.0
"Johnstown, PA",PA,Johnstown,141807.5578355526,117059.35361449783,3028598.9560327576,1941865.0970285253,1628876.0457541386,337575.8336509203,32148.73601987771,0.0
"Weirton-Steubenville, WV-OH-PA",PA,Weirton-Steubenville,940.0443317537915,775.9881315471255,20076.62585287304,12872.651538143444,10797.842634850143,2237.795035780872,213.11443148595157,0.0
"Bloomsburg-Berwick, PA",PA,Bloomsburg-Berwick,151040.6870980552,124681.12046391385,3225791.8706569467,2068300.4699019408,1734932.6150413891,359555.4894292852,34241.94910265168,0.0
"Pottstown, PA",PA,Pottstown,215892.85825534514,178215.31393033473,4610846.52402877,2956364.3330628956,2479858.6946214223,513937.4284221422,48944.3765520364,0.0
"Scranton, PA",PA,Scranton,1027922.9027268434,848530.1657777734,21953457.75357664,14076031.1912026,11807262.029542109,2446991.797286922,233037.10008795207,0.0
"Philadelphia, PA-NJ-DE-MD",PA,Philadelphia,9051835.05808665,7472112.044644638,193320995.19613108,123952790.89243856,103974128.89186865,21548081.163260378,2052112.4559197803,0.0
"Erie, PA",PA,Erie,384880.4046923643,317711.21426702297,8219931.3607847765,5270423.07060265,4420938.3565477,916215.7888692911,87255.00049882659,0.0
"Williamsport, PA",PA,Williamsport,242521.4233903509,200196.67141200084,5179555.595671139,3321006.9657185036,2785728.3714091303,577327.2802155261,54981.25303577197,0.0
"Harrisburg, PA",PA,Harrisburg,1372159.8155870992,1132690.9758553382,29305361.776389807,18789895.92729349,15761347.90465932,3266454.9105786597,311077.94508068246,0.0
"Cumberland, MD-WV-PA",PA,Cumberland,104.80825149733393,86.51715297129053,2238.400871669643,1435.2090154410303,1203.8825917822935,249.49821725113657,23.76074210374692,0.0
"Reading, PA",PA,Reading,629339.8632948262,519507.69567980635,13440877.778706454,8617968.839983333,7228928.017700616,1498156.6021176048,142675.6192735082,0.0
"East Stroudsburg, PA-NJ",PA,East Stroudsburg,152305.5098909051,125725.20683580941,3252804.8243278214,2085620.528669257,1749461.0335604232,362566.4263302093,34528.69301602201,0.0
"Chambersburg, PA",PA,Chambersburg,143347.5221820794,118330.56393463358,3061488.136859264,1962952.8518762365,1646564.8845837435,341241.75072900957,32497.856391261063,0.0
"Hagerstown, MD-WV-PA",PA,Hagerstown,28641.835241711222,23643.27241017531,611706.6934648324,392211.67771056877,328995.15402248525,68182.48305372699,6493.298483980738,0.0
"Altoona, PA",PA,Altoona,184056.05249880778,151934.65611566187,3930904.5086004985,2520401.8015651763,2114164.432188043,438149.25176861935,41726.756563333394,0.0
"Monessen-California, PA",PA,Monessen-California,166607.07610428965,137530.86883412933,3558244.8810116732,2281461.3758462416,1913736.3301476717,396611.6014300849,37770.95516257193,0.0
"Hanover, PA",PA,Hanover,186768.40977448164,154173.65377071043,3988832.608758742,2557543.9116522167,2145319.9916046686,444606.0745393532,42341.66637052685,0.0
"Allentown, PA-NJ",PA,Allentown,1707095.3320958049,1409173.665942378,36458614.89716418,23376390.463908486,19608593.058870282,4063775.8568701493,387010.1003781217,0.0
"Providence, RI-MA",RI,Providence,3104256.8681742153,877669.4480445957,56065072.991777234,35926306.02629987,30153564.653588086,6249164.715221835,595133.6758962143,0.0
"Norwich-New London, CT-RI",RI,Norwich-New London,94101.6807827907,26605.456229940304,1699542.861876337,1089061.223010231,914067.7579185249,189435.64536163947,18040.73617954589,0.0
"Boston, MA-NH-RI",RI,Boston,950.1528403811172,268.6376013289694,17160.431823621304,10996.345716508644,9229.421507271503,1912.7481572327965,182.15887942669713,0.0
"Florence, SC",SC,Florence,174252.53092919764,174789.26232863695,6099642.933709373,3912644.391045675,3280580.362125767,679882.7048130037,64748.028213761085,0.0
"Greenville, SC",SC,Greenville,749773.714174869,752083.1618065673,26245540.95805941,16835324.581378765,14115679.753079722,2925399.006101249,278597.78759285994,0.0
"Sumter, SC",SC,Sumter,111662.66849176325,112006.61104459231,3908708.8330536895,2507259.499955327,2102226.8972694622,435675.2620807821,41491.148343011504,0.0
"Augusta-Richmond County, GA-SC",SC,Augusta-Richmond County,215979.1567195741,216644.4141733262,7560267.44683751,4849568.793149853,4066150.2956913216,842687.8649665063,80252.63368223551,0.0
"Charlotte, NC-SC",SC,Charlotte,149374.55194592016,149834.65437243314,5228798.832328851,3354037.383099125,2812212.936604245,582816.065084802,55503.9726093974,0.0
"Columbia, SC",SC,Columbia,1085577.204415112,1088920.991555638,38000213.18827856,24375413.873487264,20437713.23942861,4235606.576761725,403374.24704749574,0.0
"Anderson, SC",SC,Anderson,148432.54899402012,148889.74986977826,5195824.380718589,3332885.7674155757,2794478.236461936,579140.6434914143,55153.94708390388,0.0
"Rock Hill, SC",SC,Rock Hill,178882.62575726685,179433.61874167915,6261717.625249503,4016607.95738501,3367749.2433279324,697947.9884474059,66468.45952664701,0.0
"Hilton Head Island, SC",SC,Hilton Head Island,161817.08107300472,162315.50888874065,5664344.786598703,3633420.3656010595,3046463.2886182247,631363.1955771223,60127.31565454582,0.0
"Gastonia, NC-SC",SC,Gastonia,329.9597105802635,330.9760501207795,11550.112967182493,7408.873799356683,6212.015062565371,1287.4068417392277,122.60505219712459,0.0
"Spartanburg, SC",SC,Spartanburg,412584.32706552785,413855.1663587751,14442355.940109912,9264116.535456311,7767554.559319465,1609784.0688623374,153306.36236353367,0.0
"Mauldin-Simpsonville, SC",SC,Mauldin-Simpsonville,152754.92069258302,153225.43530673164,5347127.342273376,3429939.7573473975,2875853.7415205985,596005.2809572552,56760.03592058556,0.0
"Charleston-North Charleston, SC",SC,Charleston-North Charleston,949076.3847658419,951999.7230579965,33222054.411591906,21310441.654570907,17867868.738648202,3703020.0715473695,352653.8421574022,0.0
"Myrtle Beach-Socastee, SC-NC",SC,Myrtle Beach-Socastee,394167.4043318252,395381.5159513938,13797678.631755948,8850585.271089068,7420826.76874567,1537926.5918101987,146463.07907568885,0.0
"Rapid City, SD",SD,Rapid City,156548.6586794537,282917.26390624885,4272484.578130262,2688386.057744448,2297876.9919636105,476222.6736080799,45352.645226193046,0.0
"Sioux Falls, SD",SD,Sioux Falls,274948.6367416267,496891.6161777592,7503825.456990105,4721650.6857816,4035794.057066969,836396.6577452322,79653.49612545104,0.0
"Sioux City, IA-NE-SD",SD,Sioux City,10983.777975021081,19850.060922013683,299766.36276375514,188622.7312229454,161223.80674827303,33412.76864142554,3182.0354766781734,0.0
"Bristol-Bristol, TN-VA",TN,Bristol-Bristol,61822.91366389655,146629.6742885389,3298293.6841552644,2072348.6963014598,1773926.3974329615,367636.7236881062,35011.558301544435,0.0
"Kingsport, TN-VA",TN,Kingsport,174195.5025706634,413151.50468847784,9293446.26266938,5839158.998821268,4998308.58836822,1035872.6247430224,98650.41345796737,0.0
"Cleveland, TN",TN,Cleveland,103604.84361037759,245726.76331455825,5527387.518255388,3472909.150703239,2972803.384543342,616097.5438687726,58673.50481259256,0.0
"Chattanooga, TN-GA",TN,Chattanooga,493803.121448785,1171186.9688694899,26344725.930344142,16552637.110042717,14169024.724959623,2936454.316976126,279650.63034848706,0.0
"Memphis, TN-MS-AR",TN,Memphis,1196361.7578956282,2837493.8108739303,63826697.8402929,40102909.784528345,34328011.693983234,7114296.15578508,677523.7036549108,0.0
"Knoxville, TN",TN,Knoxville,872297.5970419,2068888.458287319,46537658.685395844,29240045.169083387,25029421.00436161,5187213.148848536,493999.65749211673,0.0
"Murfreesboro, TN",TN,Murfreesboro,215768.3472619237,511752.6917737018,11511385.258929063,7232710.7645283,6191186.151776792,1283090.096565526,122193.95078754354,0.0
"Nashville-Davidson, TN",TN,Nashville-Davidson,1853835.173688656,4396868.921131854,98903343.15338042,62141893.315439336,53193338.136317715,11024033.79461998,1049864.1105451141,0.0
"Johnson City, TN",TN,Johnson City,166011.7826105883,393741.61083038244,8856839.343688563,5564834.797888922,4763487.613328118,987207.2381509317,94015.80839772403,0.0
"Jackson, TN",TN,Jackson,126132.94447775923,299158.21610052715,6729276.7273414675,4228067.35493278,3619217.318217556,750063.3617664172,71431.62102221433,0.0
"Clarksville, TN-KY",TN,Clarksville,153400.90959591608,363831.532300464,8184040.856025762,5142109.230581325,4401635.361313244,912215.3012913088,86874.01760172645,0.0
"Morristown, TN",TN,Morristown,82864.4744131981,196535.3972049009,4420874.986316047,2777677.0026318002,2377686.036768322,492762.66804609523,46927.81697118197,0.0
"Wichita Falls, TX",TX,Wichita Falls,280121.4431718054,381542.96772257116,4792560.5161647415,3051394.669232491,2577590.2214172455,534191.754519796,50873.279388272436,0.0
"Amarillo, TX",TX,Amarillo,597536.8673146447,813882.6756616712,10223178.792808585,6509036.905380718,5498348.033220279,1139503.1523713085,108519.57512244697,0.0
"Dallas-Fort Worth-Arlington, TX",TX,Dallas-Fort Worth-Arlington,17823544.548084427,24276785.115806725,304940653.21112275,194153893.4150641,164006702.30004433,33989509.7858088,3236960.909586245,0.0
"Lake Jackson-Angleton, TX",TX,Lake Jackson-Angleton,224592.30169853172,305908.7956545478,3842519.8198581915,2446509.4296020437,2066628.3669996276,428297.6495390757,40788.54793617811,0.0
"Houston, TX",TX,Houston,15315642.011894671,20860864.62938424,262033282.26072854,166835026.48637083,140929764.73912552,29206938.1954212,2781496.933114129,0.0
"Harlingen, TX",TX,Harlingen,430217.8959447139,585983.7466474541,7360540.764412406,4686412.362544368,3958731.002915993,820425.776971198,78132.52341701866,0.0
"College Station-Bryan, TX",TX,College Station-Bryan,474200.9669882426,645891.4469130427,8113041.277318876,5165524.946711597,4363449.515522565,904301.5189489413,86120.35553802953,0.0
"Sherman, TX",TX,Sherman,214200.2514212187,291754.17165064265,3664723.613765883,2333307.6466198666,1971003.958985816,408480.0036357915,38901.23195212305,0.0
"Port Arthur, TX",TX,Port Arthur,552303.3386923482,752271.7737767706,9449284.367492966,6016302.944903454,5082123.1996736415,1053242.7870659435,100304.64550740804,0.0
"Victoria, TX",TX,Victoria,196355.6096597661,267448.6508075456,3359422.0111370916,2138923.9388654274,1806803.1267032141,374450.2614518592,35660.439545676585,0.0
"Austin, TX",TX,Austin,4124432.3755421843,5617735.475431853,70564364.97969803,44927909.91591623,37951741.3580292,7865294.931162515,749044.4079652404,0.0
"McKinney, TX",TX,McKinney,356172.6519627028,485129.4821015191,6093710.532853435,3879829.117040551,3277389.7436771286,679221.453772216,64685.05455559594,0.0
"Brownsville, TX",TX,Brownsville,443494.7656876636,604067.6756263723,7587692.96307253,4831038.8113410175,4080900.620610944,845744.77526783,80543.75583174142,0.0
"El Paso, TX-NM",TX,El Paso,1960624.1563558292,2670493.021649043,33544057.935710054,21357301.430877343,18041052.46665344,3738911.402777723,356071.9213505942,0.0
"Conroe-The Woodlands, TX",TX,Conroe-The Woodlands,865286.0494885056,1178573.8482301713,14804063.94102205,9425659.131532775,7962092.564696663,1650100.997995614,157145.9094597223,0.0
"Lubbock, TX",TX,Lubbock,663886.7512774635,904255.3774033781,11358350.133252123,7231793.720910067,6108878.987788573,1266032.4195525595,120569.47800028448,0.0
"Texarkana-Texarkana, TX-AR",TX,Texarkana-Texarkana,206245.9517040721,280919.916743661,3528634.557796125,2246660.5571305687,1897810.9719121198,393311.14946395013,37456.63953796693,0.0
"Laredo, TX",TX,Laredo,449311.35984239174,611990.2415345868,7687208.298881391,4894399.631547633,4134423.107306062,856837.0236928753,81600.11630229701,0.0
"Texas City, TX",TX,Texas City,426085.46684438444,580355.1191315099,7289839.584531856,4641397.343397859,3920705.6781886164,812545.2322812303,77382.02671175805,0.0
"Killeen, TX",TX,Killeen,464216.0782790171,632291.4024917346,7942211.144344074,5056758.420896136,4271571.681368134,885260.3303920384,84306.9847827829,0.0
"Tyler, TX",TX,Tyler,384284.07354570826,523419.00073398557,6574665.106007418,4186050.0224866206,3536062.2842796384,732829.9510276765,69790.41238897188,0.0
"San Angelo, TX",TX,San Angelo,252400.60955446967,343785.45438713196,4318288.460568722,2749428.482821193,2322511.749549759,481328.1087412982,45838.856826677984,0.0
"Midland, TX",TX,Midland,346354.2590456171,471756.2153875048,5925728.954243059,3772876.248783156,3187043.9519142658,660497.7727874443,62901.92135322847,0.0
"Abilene, TX",TX,Abilene,354320.0292232989,482606.09378087224,6062014.256796587,3859648.2873007553,3260342.4865910867,675688.5011341759,64348.596935088266,0.0
"Temple, TX",TX,Temple,1122051.0129474537,1528303.8262569483,19197021.55210041,12222629.016711378,10324763.738743203,2139751.9321628427,203777.3832064682,0.0
"Waco, TX",TX,Waco,705016.3777894883,960276.5073212836,12062031.44316611,7679823.409980823,6487340.99308003,1344466.6411545344,128039.09173991601,0.0
"San Marcos, TX",TX,San Marcos,190505.88422959181,259480.95802501912,3259339.836742954,2075202.2159155717,1752975.7763366618,363294.83166533156,34598.062054027665,0.0
"San Antonio, TX",TX,San Antonio,5422422.506453159,7385679.410800769,92771505.50181842,59067063.71054004,49895442.02959909,10340562.86327669,984774.3607505923,0.0
"Corpus Christi, TX",TX,Corpus Christi,1120517.335822061,1526214.861858776,19170782.074135154,12205922.497739619,10310651.319799257,2136827.2089956203,203498.84978179337,0.0
"McAllen, TX",TX,McAllen,1825047.4173420675,2485829.003172839,31224493.53910221,19880448.627271067,16793517.566159666,3480366.4828823386,331449.62451997364,0.0
"Longview, TX",TX,Longview,303686.81371334224,413640.47982336907,5195737.306657331,3308094.924788547,2794431.417093525,579130.9298037526,55153.02200944865,0.0
"Denton-Lewisville, TX",TX,Denton-Lewisville,1232406.5065520324,1678614.927248085,21085079.015330013,13424743.931916218,11340220.599074937,2350199.9224417303,223819.211474264,0.0
"Odessa, TX",TX,Odessa,382059.41127116344,520388.87124157936,6536603.655023654,4161816.5238707177,3515591.63533576,728587.518780445,69386.38810523272,0.0
"Beaumont, TX",TX,Beaumont,1054408.893607742,1436171.0189156374,18039741.528455883,11485795.734575987,9702342.036956368,2010758.3713687258,191492.79550543503,0.0
"Salt Lake City-West Valley City, UT",UT,Salt Lake City-West Valley City,8567871.610257516,3427130.3455813257,51003642.24991597,32358254.54803821,27431367.708514404,5685003.844092024,541406.3141874619,0.0
"Logan, UT",UT,Logan,709996.5475829489,283997.10268375115,4226535.078821959,2681441.7932468145,2273163.8911589896,471101.02554160636,44864.889601345676,0.0
"Ogden-Layton, UT",UT,Ogden-Layton,4265492.48535389,1706187.8842703686,25392029.974192847,16109472.444542956,13656634.710021146,2830264.303581653,269537.71832026273,0.0
"St. George, UT",UT,St. George,984479.00836416,393789.5007802548,5860500.417051474,3718078.864733393,3151961.993386969,653227.2192638443,62209.516617318615,0.0
"Provo-Orem, UT",UT,Provo-Orem,3860077.1927267546,1544022.6330705516,22978635.202608738,14578341.746833777,12358634.87148532,2561260.7981743533,243919.40734630876,0.0
"Bristol-Bristol, TN-VA",VA,Bristol-Bristol,44701.0782955084,100264.46385050191,3060514.923571044,1963181.5631771183,1646041.4593734632,341133.27402472316,32487.525708247733,0.0
"Charlottesville, VA",VA,Charlottesville,85383.42529576115,191514.91832936573,5845882.410616205,3749868.5206972286,3144099.948798367,651597.8703250897,62054.34701187092,0.0
"Kingsport, TN-VA",VA,Kingsport,5515.697621034262,12371.703006324524,377639.0979091184,242238.35957805955,203106.21818942227,42092.675607399346,4008.6587414665732,0.0
"Virginia Beach, VA",VA,Virginia Beach,1524460.2227640543,3419362.4119401393,104374065.23655678,66951230.64689006,56135664.407171085,11633815.709636137,1107936.1520284554,0.0
"Washington, DC-VA-MD",VA,Washington,1993813.2017500245,4472120.568769496,136508900.71217942,87564270.64731662,73418792.50945173,15215651.416960211,1449049.1084150467,0.0
"Williamsburg, VA",VA,Williamsburg,86691.15163969419,194448.1469166233,5935417.521270487,3807301.234761049,3192254.755387115,661577.6960081557,63004.7668862422,0.0
"Lynchburg, VA",VA,Lynchburg,124842.18399043103,280020.8657379082,8547475.402451491,5482817.937781301,4597101.872319439,952724.7347259602,90731.89767483648,0.0
"Winchester, VA",VA,Winchester,78088.67913171105,175152.81162068972,5346438.541473987,3429497.922864041,2875483.2827248215,595928.5053565103,56752.72426413663,0.0
"Staunton-Waynesboro, VA",VA,Staunton-Waynesboro,64839.97391265214,145435.9820462281,4439349.460247111,2847641.4036525483,2387622.1638179915,494821.90210886265,47123.92630629361,0.0
"Harrisonburg, VA",VA,Harrisonburg,57031.26670061423,127921.06133660403,3904716.608702672,2504698.6690370976,2100079.7530924208,435230.2779531066,41448.77067308484,0.0
"Richmond, VA",VA,Richmond,1105420.7478251436,2479457.38304585,75684006.39417814,48547858.67440344,40705245.83194755,8435944.126169771,803389.6794612288,0.0
"Blacksburg, VA",VA,Blacksburg,53487.5567700614,119972.52430401345,3662092.1007307107,2349066.047494543,1969588.63994472,408186.69384062046,38873.29885313602,0.0
"Fredericksburg, VA",VA,Fredericksburg,242404.79585973627,543713.6601268289,16596545.845482666,10645931.69121302,8926145.836982626,1849895.9041718573,176173.20068287986,0.0
"Roanoke, VA",VA,Roanoke,213573.1518122626,479044.3178519485,14622551.47570372,9379703.801677456,7864469.4020137545,1629869.1508033958,155219.14738216862,0.0
"Burlington, VT",VT,Burlington,529499.2351395742,123393.88455209318,9123076.17467424,5846035.848391073,4906678.125844859,1016882.7521800754,96841.92973602941,0.0
"Olympia-Lacey, WA",WA,Olympia-Lacey,480723.85595242557,358076.8751499073,11620052.709913649,8718634.523167783,6249630.258868271,1295202.932515669,123347.50600860798,0.0
"Yakima, WA",WA,Yakima,267752.21149828227,199440.64356413027,6472104.041189698,4856080.35864663,3480901.357689567,721398.460313671,68701.74447899855,0.0
"Mount Vernon, WA",WA,Mount Vernon,165529.07033511248,123297.67187158717,4001167.195054626,3002113.2701065782,2151953.712883829,445981.0651374194,42472.61238431277,0.0
"Spokane, WA",WA,Spokane,871260.1389380252,648975.7147073576,21060092.219572444,15801584.697633099,11326780.770771071,2347415.6170194647,223554.0506093672,0.0
"Wenatchee, WA",WA,Wenatchee,105379.97635636955,78494.40415703907,2547243.8379501845,1911220.9401194633,1369987.9478849215,283922.7816867677,27039.13505821652,0.0
"Bellingham, WA",WA,Bellingham,203104.8477323371,151286.74872958747,4909448.547363764,3683605.286768077,2640456.0256241267,547220.5948046505,52114.06947218604,0.0
"Portland, OR-WA",WA,Portland,787188.5778653371,586353.3141230562,19027915.203655764,14276823.224473575,10233811.97905344,2120903.5954207447,201982.37852327726,0.0
"Seattle, WA",WA,Seattle,8229114.424661088,6129622.114541541,198914079.64562467,149247099.40970457,106982255.76960117,22171508.658981197,2111484.022215571,0.0
"Walla Walla, WA-OR",WA,Walla Walla,124963.32102618742,93081.45403510035,3020612.2686656564,2266393.713018558,1624580.396133324,336685.7247584412,32063.967286571868,0.0
"Lewiston, ID-WA",WA,Lewiston,32458.63179995438,24177.467589042026,784589.7550889915,588685.0512654405,421977.07674930553,87452.52512891259,8328.46390167974,0.0
"Marysville, WA",WA,Marysville,386061.652059192,287565.82032044407,9331878.771267205,7001796.158099477,5018978.260851227,1040156.7920698201,99058.41234510516,0.0
"Bremerton, WA",WA,Bremerton,408641.3607687155,304384.77248266316,9877675.286522994,7411312.4020726215,5312524.813700967,1100992.7680127714,104852.07272046253,0.0
"Longview, WA-OR",WA,Longview,156427.37553347298,116518.09063636392,3781161.1104074256,2837040.6415396193,2033627.5126443729,421458.58377524465,40137.23555553137,0.0
"Kennewick-Pasco, WA",WA,Kennewick-Pasco,409903.4044100042,305324.83118326607,9908181.394036487,7434201.420631694,5328931.958948592,1104393.0623915915,105175.89674895506,0.0
"Eau Claire, WI",WI,Eau Claire,349524.0363588201,257291.38546433602,7340536.734184302,4766945.912479606,3947972.1599317254,818196.1045023897,77920.18253101605,0.0
"Sheboygan, WI",WI,Sheboygan,136541.89657935256,100511.12395819409,2867587.643005425,1862211.9455983816,1542279.0717779421,319629.0848733078,30439.593269264977,0.0
"West Bend, WI",WI,West Bend,263127.3353499954,193693.1072638401,5526074.5184397185,3588633.814072339,2972097.156180563,615951.2318930894,58659.57092096317,0.0
"Janesville, WI",WI,Janesville,219876.20237239296,161855.1139669057,4617734.898296254,2998757.8967948365,2483563.461445521,514705.23780855065,49017.49820002371,0.0
"Racine, WI",WI,Racine,228815.7247504081,168435.6688322876,4805478.474061431,3120678.6096114274,2584537.877509024,535631.6452224748,51010.40610613391,0.0
"Wausau, WI",WI,Wausau,272300.7281408735,200445.8186514786,5718729.728822485,3713744.1433177763,3075713.2042434937,637425.1034034924,60704.61608621218,0.0
"Beloit, WI-IL",WI,Beloit,121132.16260185283,89167.72152438403,2543959.776080358,1652047.9489769037,1368221.7984387558,283556.64635619,27004.266483760264,0.0
"Oshkosh, WI",WI,Oshkosh,209923.14367702237,154528.47546725525,4408705.517278645,2863014.1781114703,2371140.8680100585,491406.2568936138,46798.640354467636,0.0
"Duluth, MN-WI",WI,Duluth,92096.4799998348,67793.99546422085,1934166.2495389576,1256047.9200871813,1040255.6083261528,215587.4084061274,20531.27620866727,0.0
"Appleton, WI",WI,Appleton,597295.2451113075,439680.5517208616,12544109.222268455,8146146.848406875,6746617.553186575,1398200.3866714602,133156.37748072317,0.0
"Round Lake Beach-McHenry-Grayslake, IL-WI",WI,Round Lake Beach-McHenry-Grayslake,5622.819021064541,4139.065545294108,118087.75729352765,76686.21142140748,63511.32009905101,13162.38124073968,1253.5077387651654,0.0
"Minneapolis-St. Paul, MN-WI",WI,Minneapolis-St. Paul,993.5570999999377,731.3765469750963,20866.21127987877,13550.521463415453,11222.506500455363,2325.804420460786,221.4959274145739,0.0
"Fond du Lac, WI",WI,Fond du Lac,146461.0156676248,107812.77885836619,3075904.240618366,1997492.7826069598,1654318.307818763,342848.61701955483,32650.884881586608,0.0
"La Crosse, WI-MN",WI,La Crosse,281620.490003944,207306.27513660977,5914458.912492953,3840850.7113846396,3180982.5320868674,659241.6083016736,62782.291639176285,0.0
"Kenosha, WI-IL",WI,Kenosha,297337.7222401543,218876.0329702822,6244544.71085895,4055208.4898779597,3358513.084623855,696033.8653469796,66286.16970572107,0.0
"Green Bay, WI",WI,Green Bay,598104.7476858214,440276.44218122406,12561110.008384736,8157187.162054314,6755761.11212709,1400095.3403345954,133336.84171723906,0.0
"Madison, WI",WI,Madison,1041616.7541661989,766754.1854751278,21875537.163485438,14205977.8788588,11765353.792564228,2438306.6169683784,232209.97462009476,0.0
"Milwaukee, WI",WI,Milwaukee,4094385.7317191395,3013956.31760775,85988331.96338485,55840838.67667562,46247236.81164637,9584492.35972904,912770.6548925941,0.0
"Parkersburg, WV-OH",WV,Parkersburg,201051.9843952772,146786.0463888531,3704342.531270309,2376167.7830988406,1992312.2541342587,412896.04114290717,39321.789379278685,0.0
"Charleston, WV",WV,Charleston,970158.5789497191,708303.0918724046,17874977.443717428,11465987.5988343,9613726.674266081,1992393.349083389,189743.8188471682,0.0
"Morgantown, WV",WV,Morgantown,195505.05572424707,142736.28914984615,3602141.481846087,2310610.443573478,1937345.306171314,401504.4356551066,38236.91990355491,0.0
"Beckley, WV",WV,Beckley,273921.34673676407,199987.24026493254,5046945.932873231,3237386.993103636,2714406.7113491967,562546.2488834817,53573.59458683573,0.0
"Hagerstown, MD-WV-PA",WV,Hagerstown,250318.04532469463,182754.70557285767,4612059.833329838,2958427.2774916557,2480511.250019967,514072.66758430004,48957.25593406077,0.0
"Huntington, WV-KY-OH",WV,Huntington,396589.99146806146,289546.3929892611,7307091.135111317,4687167.6679058345,3929984.0896640285,814468.1482582197,77565.15391450853,0.0
"Weirton-Steubenville, WV-OH-PA",WV,Weirton-Steubenville,110445.30252598481,80635.0126250778,2034932.5710790257,1305316.9828002695,1094450.921715219,226819.09016204206,21600.915489195777,0.0
"Wheeling, WV-OH",WV,Wheeling,227302.9212675027,165951.59329487936,4188010.783707419,2686419.0380643643,2252444.2959559173,466807.0131904374,44455.953132017254,0.0
"Cumberland, MD-WV-PA",WV,Cumberland,8796.896430452918,6422.526250622426,162081.05425331072,103967.64773136172,87172.30327000427,18065.99283962851,1720.4988534185475,0.0
"Casper, WY",WY,Casper,81033.95475735515,217290.9089566391,2909943.735335493,1846156.3910881313,1565059.5348454225,324350.1952353419,30889.204040001314,0.0
"Cheyenne, WY",WY,Cheyenne,133670.2931495765,358434.18460747827,4800124.013640878,3045343.976307854,2581658.1141294837,535034.7988081534,50953.56596562117,0.0
"Washington, DC-VA-MD",DC,Washington,2279680.0312826,2191422.6569160996,51847018.63684367,33257511.77020496,27884961.95979167,5779008.976492824,550358.8098486052,0.0
