branch_id,line_type,from_bus_id,from_bus_name,to_bus_id,to_bus_name,length_in_mile,reactance,rateA,interconnect
212151,Phase Shifter,200726,EPHRATA,209803,TAP209803,0.002623098125972312,0.00029011465273253773,0.0,Western
212204,Phase Shifter,205331,TAP205331,205332,COYOTE POINT,0.006665928555670698,0.001528497417815291,0.0,Western
212212,Phase Shifter,205691,TAP205691,205692,LAGOON,0.009134910091698832,0.0010103210561418908,0.0,Western
200394,Phase Shifter,203180,TAP203180,200939,ACTON,0.0051935371802024856,0.0005744052121303949,0.0,Western
200407,Phase Shifter,203184,UNKNOWN203184,200481,STEVENSON,0.008550274425350245,0.0009456603514437371,0.0,Western
200457,Phase Shifter,203208,TAP203208,202154,26TH AND F,0.0077267876050609256,0.0008545827091197384,0.0,Western
200463,Phase Shifter,203212,TAP203212,203213,HARNEY,0.008497177829954915,0.0009397878679930137,0.0,Western
200507,Phase Shifter,203240,TAP203240,203239,VIEW,0.008766932997770425,0.000969622789553409,0.0,Western
200529,Phase Shifter,203252,TAP203252,201355,UNKNOWN201355,0.008615323993335132,0.0009528548336628657,0.0,Western
200621,Phase Shifter,203294,TAP203294,203293,UNKNOWN203293,0.006477771572913262,0.0007164415359642068,0.0,Western
200799,Phase Shifter,203390,TAP203390,201138,BEAVER,0.004069203706135857,0.0004500539298986258,0.0,Western
200818,Phase Shifter,203396,TAP203396,201096,HAMPTON,0.004066889364400005,0.0004497979637026405,0.0,Western
200859,Phase Shifter,203415,TAP203415,201135,CLATSKANIE,0.002521609428114499,0.0002788900027494636,0.0,Western
200906,Phase Shifter,203435,TAP203435,200410,PE ELL,0.0032607567677676464,0.0003606396985151017,0.0,Western
200945,Phase Shifter,203446,TAP203446,200396,POTLATCH,0.009383266709997506,0.0010377892981257243,0.0,Western
200996,Phase Shifter,203454,TAP203454,202428,UNKNOWN202428,0.003257401549853629,0.00036026861141381136,0.0,Western
201005,Phase Shifter,203457,TAP203457,201940,UNKNOWN201940,0.008286414618029562,0.0009164774567540696,0.0,Western
201027,Phase Shifter,203459,TAP203459,200453,GOOSE LAKE,0.007804831550286338,0.000863214369461669,0.0,Western
201044,Phase Shifter,203462,TAP203462,200599,SPRINGHILL,0.006775385143480299,0.0007493575968689211,0.0,Western
201086,Phase Shifter,203474,TAP203474,200517,LEDBEDER,0.009308692769351017,0.0010295414202902225,0.0,Western
201187,Phase Shifter,203499,TAP203499,201184,LACLEDE,0.00836358792353546,0.0009250128243430219,0.0,Western
201443,Phase Shifter,203601,TAP203601,203600,BEATTY,0.0051561748948243365,0.0011823109033832204,0.0,Western
201629,Phase Shifter,203656,VAILIER WILLIAMS,203651,TAP203651,0.009454034428819695,0.002167810094528356,0.0,Eastern
202786,Phase Shifter,204467,TAP204467,204469,TAP204469,0.009872555494247976,0.002263776974831061,0.0,Eastern
202992,Phase Shifter,204643,TAP204643,205074,GRANTSDALE,0.008770020948544408,0.0020109658035012325,0.0,Eastern
203211,Phase Shifter,204785,TAP204785,204784,UNKNOWN204784,0.009721692619625258,0.0005512199715327522,0.0,Western
203659,Phase Shifter,204996,TAP204996,204997,UNKNOWN204997,0.008223560291559476,0.000909525768246478,0.0,Western
203666,Phase Shifter,205003,TAP205003,205002,LAVA,0.008731094582097365,0.0009656590607799686,0.0,Western
204006,Phase Shifter,205358,TAP205358,205357,UNKNOWN205357,0.00631737065475683,0.001448573091135741,0.0,Western
204171,Phase Shifter,205430,TAP205430,205431,WASTEWATER,0.006468509588570626,0.0014832292486592446,0.0,Western
204178,Phase Shifter,205435,TAP205435,205434,BLUFF,0.007358071282345669,0.001687205745041862,0.0,Western
204481,Phase Shifter,205558,TAP205558,205559,UNKNOWN205559,0.008299717046295932,0.0009179487053203302,0.0,Eastern
204518,Phase Shifter,205576,TAP205576,205577,UNKNOWN205577,0.009649551948742343,0.001067240445530903,0.0,Eastern
203972,Phase Shifter,205346,TAP205346,205345,UNKNOWN205345,0.0067160862498760665,0.000742799139236293,0.0,Western
203973,Phase Shifter,205347,TAP205347,205345,UNKNOWN205345,0.005206475568544808,0.0005758361978810558,0.0,Western
203975,Phase Shifter,201777,SODA SPRINGS POWER PLANT,205348,TAP205348,0.009723644391990853,0.0010754350697541883,0.0,Western
204018,Phase Shifter,203312,TAP203312,203313,STEELHEAD,0.008810849592219798,0.002020327811496,0.0,Western
204290,Phase Shifter,205497,TAP205497,205498,UNKNOWN205498,0.009968620562784641,0.0022858046950465184,0.0,Western
205341,Phase Shifter,205173,UNKNOWN205173,205172,TAP205172,0.0083094107499397,0.0009190208289433309,0.0,Western
205450,Phase Shifter,205982,UNKNOWN205982,205980,UNKNOWN205980,0.005200510600219898,0.0005751764723843207,0.0,Western
205703,Phase Shifter,206082,TAP206082,206083,TAP206083,0.00510319069594073,0.0002893509124598394,0.0,Western
207422,Phase Shifter,201827,UNKNOWN201827,206649,TAP206649,0.008095336346002315,0.0018562606241383308,0.0,Western
207535,Phase Shifter,206728,TAP206728,201744,UNKNOWN201744,0.009138097352312254,0.0020953657228851997,0.0,Western
207549,Phase Shifter,206737,TAP206737,206736,UNKNOWN206736,0.005186302647691795,0.0011892191971157285,0.0,Western
205512,Phase Shifter,206006,UNKNOWN206006,200371,STEILACOOM,0.00808703442396892,0.0008944260072909627,0.0,Western
205827,Phase Shifter,206123,TAP206123,201958,UNKNOWN201958,0.007580639068230131,0.0008384186809462525,0.0,Western
205930,Phase Shifter,205064,VICTOR,206197,TAP206197,0.006274940510651142,0.0014388438590923068,0.0,Eastern
205945,Phase Shifter,206207,TAP206207,206206,TAP206206,0.009660814436605816,0.0022152247503137135,0.0,Eastern
208129,Phase Shifter,207093,TAP207093,207093,TAP207093,0.009403750328064274,0.0021562799502251383,0.0,Western
208349,Phase Shifter,207258,TAP207263,207259,UNKNOWN207264,0.006999470979832488,0.0007741414903694732,0.0,Western
208364,Phase Shifter,207267,TAP207272,207268,TAP207273,0.007007121130484728,0.000774987597031611,0.0,Western
208365,Phase Shifter,207268,TAP207273,202543,UNKNOWN202543,0.009823437576746029,0.0010864721959881107,0.0,Western
208387,Phase Shifter,207282,TAP207286,207283,UNKNOWN207287,0.00953410669285418,0.0021861706646714636,0.0,Western
208397,Phase Shifter,207291,UNKNOWN207295,207290,TAP207294,0.006884707654830408,0.0015786634652526126,0.0,Western
208401,Phase Shifter,207294,TAP207298,207295,UNKNOWN207299,0.009857120135339082,0.0022602376470332516,0.0,Western
208437,Phase Shifter,207321,TAP207321,207319,TAP207320,0.007534705909025164,0.0017277080649394701,0.0,Western
208271,Phase Shifter,207197,TAP207204,207198,TAP207205,0.00794737221415862,0.0008789793668859435,0.0,Western
209005,Phase Shifter,207688,TAP207664,204526,UNKNOWN204526,0.008132499299334583,0.0018647820893374198,0.0,Eastern
208516,Phase Shifter,207370,TAP207366,202947,UNKNOWN202947,0.005840792878578372,0.0013392938070580208,0.0,Western
208559,Phase Shifter,207399,TAP207394,207402,UNKNOWN207397,0.007963920786568022,0.0018261270363600474,0.0,Western
208645,Phase Shifter,207459,TAP207448,207460,JUNCTION,0.00803724189712241,0.0008889189538217385,0.0,Western
208652,Phase Shifter,207467,TAP207453,207466,UNKNOWN207452,0.005667819819256149,0.001299631084555435,0.0,Western
208663,Phase Shifter,207475,TAP207460,207474,UNKNOWN207459,0.006812171478008621,0.0007534261654677535,0.0,Western
208857,Phase Shifter,207573,TAP207555,207572,COUPVILLE,0.008131646097804483,0.0008993600584171758,0.0,Western
208905,Phase Shifter,201908,UNKNOWN201908,208062,TAP208015,0.00882526737617478,0.002023633809356877,0.0,Western
209144,Phase Shifter,207799,TAP207769,207800,TAP207770,0.009891047955841802,0.002268017296274525,0.0,Eastern
209148,Phase Shifter,207802,TAP207771,207803,UNKNOWN207772,0.009373284685534534,0.002149294178393069,0.0,Western
209212,Phase Shifter,205093,UNKNOWN205093,207852,TAP207817,0.009210585966121052,0.002111987362031557,0.0,Eastern
209254,Phase Shifter,207878,TAP207843,207879,SHAW,0.006946847677593673,0.0015929121724722291,0.0,Western
209474,Phase Shifter,207985,UNKNOWN207939,207986,TAP207940,0.007280243518147167,0.0016693598387111455,0.0,Western
209528,Phase Shifter,208030,TAP207984,208031,UNKNOWN207985,0.00923236807903503,0.0010210999095412742,0.0,Western
209897,Phase Shifter,208238,TAP208180,206186,UNKNOWN206186,0.007468303389489885,0.0017124819672100307,0.0,Western
209945,Phase Shifter,208274,UNKNOWN208216,208273,TAP208215,0.006758673793800635,0.0015497639009184857,0.0,Western
210044,Phase Shifter,208366,UNKNOWN208300,208365,TAP208299,0.00804401957808042,0.0018444936892538402,0.0,Eastern
210144,Phase Shifter,208452,TAP208379,208453,UNKNOWN208380,0.008669171641511441,0.0019878410573985735,0.0,Eastern
210146,Phase Shifter,208454,TAP208381,208455,UNKNOWN208382,0.0091865891214861,0.0021064848855567625,0.0,Eastern
210165,Phase Shifter,208472,TAP208398,208473,UNKNOWN208399,0.009086585628011562,0.0020835540845030513,0.0,Eastern
210166,Phase Shifter,208470,TAP208396,208471,UNKNOWN208397,0.007981562285432717,0.001830172232049722,0.0,Eastern
210179,Phase Shifter,208483,TAP208409,208484,TAP208410,0.008295841178355126,0.0019022363821968305,0.0,Eastern
210258,Phase Shifter,208557,TAP208482,208558,UNKNOWN208483,0.00842535853741475,0.0019319347126292023,0.0,Western
210288,Phase Shifter,208582,TAP208506,208583,UNKNOWN208507,0.00974415318483832,0.0022343343252834266,0.0,Western
210369,Phase Shifter,208641,TAP208558,208642,TAP208559,0.007293782190258374,0.001672464256226245,0.0,Western
210374,Phase Shifter,208646,TAP208563,204502,UNKNOWN204502,0.009772512915018683,0.002240837211413784,0.0,Western
210380,Phase Shifter,207395,UNKNOWN207390,208652,TAP208569,0.008645378473566695,0.001982385283988843,0.0,Western
210454,Phase Shifter,208718,TAP208633,208719,TAP208634,0.007431433435518588,0.0017040276867644122,0.0,Western
210725,Phase Shifter,208896,TAP208803,208897,ESPERANCE,0.0033331919699184564,0.0003686510318729813,0.0,Western
210809,Phase Shifter,201852,UNKNOWN201852,208916,TAP208821,0.007648020289405486,0.001753691052360678,0.0,Western
210845,Phase Shifter,208942,UNKNOWN208846,208943,TAP208847,0.009249961421170133,0.0021210161538743116,0.0,Western
210874,Phase Shifter,208966,TAP208870,208965,UNKNOWN208869,0.008676744513755254,0.0004919714139299229,0.0,Western
210887,Phase Shifter,208977,UNKNOWN208881,208978,TAP208882,0.005399787364220991,0.0012381712426158733,0.0,Western
210890,Phase Shifter,208980,UNKNOWN208884,208981,TAP208885,0.007543883228176586,0.0017298124242208911,0.0,Western
210905,Phase Shifter,208994,TAP208897,208993,OAKLEY,0.00539012965289899,0.0005961483396106283,0.0,Western
211002,Phase Shifter,209033,TAP209033,200802,WILKESON,0.009216302069377035,0.0010193230088731,0.0,Western
211074,Phase Shifter,209062,TAP209062,209063,TAP209063,0.005407733654732742,0.0012399933270302176,0.0,Western
211099,Phase Shifter,205756,TAP205756,202743,UNKNOWN202743,0.008542280438818639,0.0009447762165333414,0.0,Western
211628,Phase Shifter,209428,UNKNOWN209428,209427,TAP209427,0.0074173161641654705,0.0017007905964431425,0.0,Western
211632,Phase Shifter,209432,TAP209432,209431,TAP209431,0.009131151618094259,0.0020937730660290136,0.0,Western
211641,Phase Shifter,209438,TAP209438,209439,SWITCH,0.00973328010978395,0.0022318411291734597,0.0,Western
211829,Phase Shifter,209573,TAP209573,209572,DECLO,0.009878882646009918,0.002265227790730074,0.0,Western
211852,Phase Shifter,209585,TAP209585,209584,MORGAN,0.00649584206912758,0.0014894965864509543,0.0,Western
211966,Phase Shifter,209677,TAP209677,205942,BOOK CLIFFS,0.009289329098815023,0.0021300431623582847,0.0,Western
211977,Phase Shifter,209688,TAP209688,209687,UNKNOWN209687,0.008014977921556614,0.0018378344374129316,0.0,Western
211986,Phase Shifter,209695,TAP209695,209666,UNKNOWN209666,0.008015098670030854,0.0018378621250380747,0.0,Western
209078,Phase Shifter,207747,TAP207721,207748,UNKNOWN207722,0.008485740221150444,0.0019457802327097968,0.0,Western
209542,Phase Shifter,208042,TAP207996,208043,UNKNOWN207997,0.007710729336481095,0.0008528066646148092,0.0,Western
304373,Phase Shifter,302467,TAP302467,310723,TAP310723,0.004750966849304988,0.0010893966985456337,0.0,Western
307622,Phase Shifter,302521,TAP302521,310835,TAP310835,0.007883139590427232,0.0018076039080849643,0.0,Western
310256,Phase Shifter,302582,TAP302582,302601,TAP302601,0.006936403737820824,0.001590517377082315,0.0,Western
302273,Phase Shifter,308037,TAP308037,304892,PEREZ,0.009599056047036971,0.0022010635515855776,0.0,Western
303040,Phase Shifter,301716,KERN RIVER 1,301716,KERN RIVER 1,0.00975320150148469,0.0022364091042904395,0.0,Western
304876,Phase Shifter,306332,UNKNOWN306332,306332,UNKNOWN306332,0.004568618658152013,0.0010475842583142565,0.0,Western
306188,Phase Shifter,303368,UNKNOWN303368,303368,UNKNOWN303368,0.008807435413228615,0.0020195449402533217,0.0,Texas
308178,Phase Shifter,302757,TAP302757,310724,TAP310724,0.0074214383595729546,0.0017017358158500785,0.0,Western
309240,Phase Shifter,308813,MURPHY,308813,MURPHY,0.009619068676017011,0.0022056524474107007,0.0,Western
309275,Phase Shifter,307022,ELEPHANT BUTTE,307022,ELEPHANT BUTTE,0.008507200389299637,0.0009408963630565399,0.0,Western
311247,Phase Shifter,309468,UNKNOWN309468,309468,UNKNOWN309468,0.008046684717158366,0.0018451048056444133,0.0,Western
312343,Phase Shifter,302698,TAP302698,308239,CARGILL,0.0066998103063564095,0.000740999019883019,0.0,Texas
141441,Phase Shifter,140849,TAP140849,140848,TAP140848,0.009864237257513087,0.0010909846406809475,0.0,Eastern
141636,Phase Shifter,148766,TAP148766,148765,TAP148765,0.00882243218255654,0.0005002319047509558,0.0,Eastern
141677,Phase Shifter,138359,TAP138359,127563,UNKNOWN127563,0.009581695263217059,0.0021970827238556715,0.0,Eastern
164346,Phase Shifter,160573,TAP160573,160574,DRAFFIN,0.006670639634662929,0.0015295776682282096,0.0,Eastern
142201,Phase Shifter,138622,TAP138622,133252,UNKNOWN133252,0.0077615994333353035,0.0017797347500637852,0.0,Eastern
142206,Phase Shifter,147682,TAP147682,147683,TAP147683,0.0058027522084346675,0.0006417843942528742,0.0,Eastern
142276,Phase Shifter,148941,TAP148941,119689,UNKNOWN119689,0.00679930072326143,0.0003855203510089231,0.0,Eastern
142306,Phase Shifter,149919,TAP149919,155266,TAP155266,0.006695542563093646,0.00037963726332740973,0.0,Eastern
142513,Phase Shifter,148382,TAP148382,148383,TAP148383,0.009988373219009685,0.0005663407615178491,0.0,Eastern
142555,Phase Shifter,153713,TAP153713,153714,TAP153714,0.008710834591436328,0.00199739437181635,0.0,Eastern
143001,Phase Shifter,149031,TAP149031,149032,TAP149032,0.009611764300117528,0.0005449870358166638,0.0,Eastern
142793,Phase Shifter,143239,TAP143239,109108,UNKNOWN109108,0.005175746752063939,0.0005724375907782716,0.0,Eastern
142824,Phase Shifter,155220,TAP155220,155219,TAP155219,0.006541889017359515,0.001500055151680537,0.0,Eastern
142862,Phase Shifter,151187,TAP151187,151188,TAP151188,0.009094400742214728,0.002085346090189837,0.0,Eastern
159144,Phase Shifter,158829,TAP158829,158830,UNKNOWN158830,0.007997031735539225,0.0018337193769591444,0.0,Eastern
143119,Phase Shifter,145801,TAP145801,110194,UNKNOWN110194,0.003936790641848632,0.00043540904498845875,0.0,Eastern
143497,Phase Shifter,141918,TAP141918,109248,UNKNOWN109248,0.007137035495435859,0.000789356125795206,0.0,Eastern
162405,Phase Shifter,147070,TAP147070,161774,TAP161774,0.00401136063026365,0.00044365648570715967,0.0,Eastern
143522,Phase Shifter,113732,UNKNOWN113732,137246,TAP137246,0.00999613799620793,0.0005667810243849897,0.0,Eastern
143520,Phase Shifter,129187,UNKNOWN129187,139027,TAP139027,0.007129870075226896,0.0016348792082495273,0.0,Eastern
143632,Phase Shifter,152179,TAP152179,152180,TAP152180,0.0042589987681370765,0.00024148523015337224,0.0,Eastern
143688,Phase Shifter,109615,UNKNOWN109615,144708,TAP144708,0.009480896000216997,0.0021739694528497577,0.0,Eastern
143921,Phase Shifter,124608,UNKNOWN124608,139948,TAP139948,0.004287368732895685,0.0009830936504529805,0.0,Eastern
144179,Phase Shifter,146054,TAP146054,110142,UNKNOWN110142,0.0030943946576927964,0.0003422400491408233,0.0,Eastern
144467,Phase Shifter,147781,JONESBOROUGH,151039,TAP151039,0.008566723657461413,0.0019643497346559023,0.0,Eastern
144548,Phase Shifter,138205,TAP138205,122299,UNKNOWN122299,0.007702493274773374,0.0004367313686796503,0.0,Eastern
145300,Phase Shifter,145823,TAP145823,109222,UNKNOWN109222,0.00781797779652917,0.0008646683442961262,0.0,Eastern
145513,Phase Shifter,151037,TAP151037,151038,TAP151038,0.004686649499591757,0.00107464873025639,0.0,Eastern
145639,Phase Shifter,155430,TAP155430,155429,TAP155429,0.005012400452875627,0.00028420310567804803,0.0,Eastern
145726,Phase Shifter,143112,TAP143112,143106,TAP143106,0.009323436331568659,0.0010311720582714937,0.0,Eastern
146229,Phase Shifter,145401,TAP145401,145400,UNKNOWN145400,0.0031109456008696565,0.0007133398262794122,0.0,Eastern
146412,Phase Shifter,149192,TAP149192,118917,UNKNOWN118917,0.009903646810977537,0.002270906213757149,0.0,Eastern
146680,Phase Shifter,149975,TAP149975,107734,UNKNOWN107734,0.008629771490572162,0.001978806602788197,0.0,Eastern
146929,Phase Shifter,141186,TAP141186,141187,TAP141187,0.008136943327323924,0.0018658011049553758,0.0,Eastern
148440,Phase Shifter,152136,TAP152136,155171,TAP155171,0.008343559713065093,0.001913178242205826,0.0,Eastern
148898,Phase Shifter,143008,TAP143008,109313,UNKNOWN109313,0.006824435678253824,0.0015648431010236018,0.0,Eastern
149092,Phase Shifter,109191,UNKNOWN109191,146029,TAP146029,0.007988304791934178,0.0008835065099879201,0.0,Eastern
149294,Phase Shifter,148784,TAP148784,119654,UNKNOWN119654,0.009657187252683419,0.002214393037040308,0.0,Eastern
149419,Phase Shifter,138022,TAP138022,138023,TAP138023,0.0044271460871266885,3.27608810447375e-05,0.0,Eastern
149534,Phase Shifter,153124,TAP153124,153125,TAP153125,0.001541767133026682,0.0003535272036030182,0.0,Eastern
149610,Phase Shifter,139103,TAP139103,139102,TAP139102,0.00516397732730685,0.0005711358924001377,0.0,Eastern
149835,Phase Shifter,138769,TAP138769,138770,TAP138770,0.007063555482553176,0.0016196732721494432,0.0,Eastern
149848,Phase Shifter,141951,TAP141951,112132,UNKNOWN112132,0.005737308591737457,0.0003253053971515138,0.0,Eastern
149944,Phase Shifter,154928,TAP154928,154963,UNIVERSITY HOSPITAL,0.009986137342431482,0.002289821292619539,0.0,Eastern
150588,Phase Shifter,154608,TAP154608,115846,UNKNOWN115846,0.009824181399035214,0.0022526847947987746,0.0,Eastern
150496,Phase Shifter,148494,TAP148494,113781,UNKNOWN113781,0.00499012174374351,0.000282939902870257,0.0,Eastern
163940,Phase Shifter,162057,TAP162057,152739,UNKNOWN152739,0.009746588596281162,0.0022348927651272706,0.0,Eastern
155757,Phase Shifter,143438,TAP143438,114195,UNKNOWN114195,0.008119102197543098,0.0018617101338966324,0.0,Eastern
155787,Phase Shifter,139802,TAP139802,139803,TAP139803,0.0065391070264927895,0.0007232252371301025,0.0,Eastern
155830,Phase Shifter,142397,TAP142397,142396,TAP142396,0.004893893584066004,0.0005412646303977,0.0,Eastern
156055,Phase Shifter,155902,TAP155902,156699,UNKNOWN156699,0.0042915021598497905,0.000984041445253557,0.0,Eastern
156308,Phase Shifter,155973,TAP155973,155974,TAP155974,0.006884686978812521,0.00039036175169866993,0.0,Eastern
156375,Phase Shifter,155991,TAP155991,129126,UNKNOWN129126,0.009402828048772032,0.002156068471583427,0.0,Eastern
156460,Phase Shifter,153071,TAP153071,155726,TAP155726,0.008198980589480001,0.0018800262491677642,0.0,Eastern
157465,Phase Shifter,156067,TAP156067,156066,TAP156066,0.007514753150080805,0.0017231328973135287,0.0,Eastern
158119,Phase Shifter,156288,TAP156288,139695,UNKNOWN139695,0.00813307000453936,0.0018649129520408752,0.0,Eastern
158116,Phase Shifter,156286,TAP156286,139694,UNKNOWN139694,0.008427744650176268,0.0019324818482854183,0.0,Eastern
165032,Phase Shifter,162615,TAP162615,158054,UNKNOWN158054,0.005795342066135252,0.0013288719357648132,0.0,Eastern
124296,Phase Shifter,144420,TAP144420,144440,WESTPORT,0.009913395517184233,0.002273141592090345,0.0,Eastern
114441,Phase Shifter,136565,TAP136565,136564,TAP136564,0.004650163645575604,0.0005143080992006618,0.0,Eastern
114498,Phase Shifter,140845,TAP140845,140844,OLD TOWN,0.008961401574367485,0.000991131014125044,0.0,Eastern
130916,Phase Shifter,137640,TAP137640,124276,UNKNOWN124276,0.008175517835033482,0.0018746462395731775,0.0,Eastern
159998,Phase Shifter,159035,TAP159035,159036,TAP159036,0.002905501374940982,0.00016474192795915368,0.0,Eastern
111578,Phase Shifter,128545,UNKNOWN128545,139916,TAP139916,0.009990708666587163,0.0022908694972484365,0.0,Eastern
118406,Phase Shifter,128368,UNKNOWN128368,140011,TAP140011,0.009952830742427555,0.0005643255030956424,0.0,Eastern
100806,Phase Shifter,131373,UNKNOWN131373,137907,TAP137907,0.009289185264321148,6.87399709559765e-05,0.0,Eastern
122650,Phase Shifter,138115,TAP138115,138116,UNKNOWN138116,0.007829618107492997,0.0017953314320481443,0.0,Eastern
160767,Phase Shifter,162854,TAP162854,162855,TAP162855,0.0038743967803986958,0.0008883991817454209,0.0,Eastern
160766,Phase Shifter,162855,TAP162855,157965,UNKNOWN157965,0.005781345418129449,0.0013256625043770827,0.0,Eastern
145694,Phase Shifter,138523,TAP138523,138524,TAP138524,0.00525992655304608,0.0012061011586134661,0.0,Eastern
161134,Phase Shifter,159357,TAP159357,159358,UNKNOWN159358,0.00857901308293782,0.001967167699917642,0.0,Eastern
144076,Phase Shifter,129403,UNKNOWN129403,138021,TAP138021,0.009861409637513087,0.002261221229881751,0.0,Eastern
148200,Phase Shifter,145960,TAP145960,150070,KINGSWOOD,0.007253225074190271,0.0004112578617065884,0.0,Eastern
129076,Phase Shifter,146109,TAP146109,146110,TAP146110,0.004602287505849075,0.0005090129981469078,0.0,Eastern
136361,Phase Shifter,154116,TAP154116,154115,TAP154115,0.007508865035951947,0.0008304804729762854,0.0,Eastern
165316,Phase Shifter,162676,TAP162676,162786,TAP162786,0.0074906335879142754,0.0017176022817087433,0.0,Eastern
165317,Phase Shifter,162786,TAP162786,162787,TAP162787,0.002968043820870516,0.0006805724481256094,0.0,Eastern
162928,Phase Shifter,160114,TAP160114,138136,TAP138136,0.00420545674525509,0.0002384493974559636,0.0,Eastern
164530,Phase Shifter,162335,TAP162335,162336,TAP162336,0.009401032117414809,0.0021556566645232157,0.0,Eastern
100043,Phase Shifter,173615,TAP173615,109379,UNKNOWN109379,0.004419346043375212,0.0004887796723972984,0.0,Eastern
164561,Phase Shifter,162394,TAP162394,162395,TAP162395,0.0061813367179341825,0.0014173805094223081,0.0,Eastern
149505,Phase Shifter,109363,UNKNOWN109363,141875,TAP141875,0.004133034282086761,0.00045711359159879576,0.0,Eastern
104840,Phase Shifter,137547,TAP137547,124406,UNKNOWN124406,0.009849522429774502,0.0022584954931472935,0.0,Eastern
146583,Phase Shifter,152212,TAP152212,152213,TAP152213,0.006353661058257778,0.0014568944806585085,0.0,Eastern
136278,Phase Shifter,142554,TAP142554,111663,UNKNOWN111663,0.00784556511783969,0.0008677195020330697,0.0,Eastern
125670,Phase Shifter,151386,TAP151386,151405,TAP151405,0.00580059597937065,0.0006415459153183939,0.0,Eastern
122898,Phase Shifter,151405,TAP151405,151406,TAP151406,0.00882964341782369,0.0009765585620113002,0.0,Eastern
164190,Phase Shifter,162225,TAP162225,162226,TAP162226,0.007327097885502954,0.0016801035451458274,0.0,Eastern
164277,Phase Shifter,160597,TAP160597,124816,UNKNOWN124816,0.008971251737977338,0.0020571080235182036,0.0,Eastern
164315,Phase Shifter,161831,TAP161831,162210,UNKNOWN162210,0.008380396092788804,0.0019216248240764729,0.0,Eastern
165580,Phase Shifter,160919,UNKNOWN160919,160920,TAP160920,0.0070426649366624764,0.0007789187419948699,0.0,Eastern
165423,Phase Shifter,130664,UNKNOWN130664,160785,TAP160785,0.009430157588626432,0.002162335135072041,0.0,Eastern
165754,Phase Shifter,145518,SWEDEN SWITCHES,140654,TAP140654,0.007683703625794581,0.0008498176210128807,0.0,Eastern
166300,Phase Shifter,132579,UNKNOWN132579,162812,TAP162812,0.005419272973553632,0.0012426392928358478,0.0,Eastern
166302,Phase Shifter,162813,TAP162813,132577,UNKNOWN132577,0.009205930046247295,0.002110919759604505,0.0,Eastern
166394,Phase Shifter,162969,TAP162969,162970,UNKNOWN162970,0.007641870668803963,0.0017522809443567488,0.0,Eastern
100045,Phase Shifter,137154,TAP137154,148690,PROGRESSIVE,0.008050114353150218,0.0004564414838236174,0.0,Eastern
144275,Phase Shifter,142957,TAP142957,142958,TAP142958,0.006680839923117786,0.0015319165943709083,0.0,Eastern
100519,Phase Shifter,154643,TAP154643,116673,UNKNOWN116673,0.00928117107231687,0.0021281725268822585,0.0,Eastern
100846,Phase Shifter,154769,TAP154769,154770,TAP154770,0.005971519170763521,0.0013692693458560753,0.0,Eastern
100882,Phase Shifter,142502,TAP142502,111332,UNKNOWN111332,0.006749797185723993,0.0007465275687410736,0.0,Eastern
100885,Phase Shifter,143232,TAP143232,143231,TAP143231,0.004843242679249129,0.0011105555463518254,0.0,Eastern
100943,Phase Shifter,154907,TAP154907,154908,TAP154908,0.0058379177490058155,0.0013386345398470334,0.0,Eastern
100972,Phase Shifter,146954,TAP146954,111404,UNKNOWN111404,0.007626478537569522,0.0017487515286646914,0.0,Eastern
101278,Phase Shifter,145998,TAP145998,145997,TAP145997,0.009041097408288876,0.0009999453733567497,0.0,Eastern
101305,Phase Shifter,137898,TAP137898,137899,TAP137899,0.0062115401135455295,0.0003521943244380315,0.0,Eastern
101388,Phase Shifter,155198,TAP155198,155199,TAP155199,0.006817384786637076,0.0003865457174023222,0.0,Eastern
101419,Phase Shifter,138161,TAP138161,121989,UNKNOWN121989,0.005423391310687712,0.0003075062873159933,0.0,Eastern
101712,Phase Shifter,145851,TAP145851,109848,UNKNOWN109848,0.004461372906168812,0.0004934278434222706,0.0,Eastern
101730,Phase Shifter,146677,TAP146677,146675,UNKNOWN146675,0.006671216374885818,0.0007378365310623716,0.0,Eastern
101894,Phase Shifter,154892,TAP154892,154907,TAP154907,0.004269150260421092,0.0009789161547145565,0.0,Eastern
101944,Phase Shifter,136038,TAP136038,136037,TAP136037,0.008001926472614548,0.000885013067871169,0.0,Eastern
102213,Phase Shifter,137130,UNKNOWN137130,137129,TAP137129,0.004564878770494351,0.00025882862628702973,0.0,Eastern
102263,Phase Shifter,142980,TAP142980,116077,UNKNOWN116077,0.006679022885333477,0.0015314999476069664,0.0,Eastern
102362,Phase Shifter,141945,TAP141945,112127,UNKNOWN112127,0.009614391576856021,0.0005451360024077364,0.0,Eastern
102455,Phase Shifter,141952,TAP141952,112133,UNKNOWN112133,0.0024560728360141695,0.00013925932980200342,0.0,Eastern
102579,Phase Shifter,137130,UNKNOWN137130,137131,TAP137131,0.003252537899963247,0.0001844188989279161,0.0,Eastern
103643,Phase Shifter,146077,TAP146077,109686,UNKNOWN109686,0.00996588746241476,0.0022851779951317047,0.0,Eastern
103223,Phase Shifter,139577,TAP139577,144542,CANNON FALLS DIST,0.007377833471936599,0.001691737215115062,0.0,Eastern
103507,Phase Shifter,142518,TAP142518,111373,UNKNOWN111373,0.008859112325413239,0.0009798178231907042,0.0,Eastern
103623,Phase Shifter,139848,TAP139848,125409,UNKNOWN125409,0.00732136431926297,0.0008097428937104844,0.0,Eastern
103662,Phase Shifter,137505,TAP137505,130243,UNKNOWN130243,0.008347615279903292,0.001914108183681825,0.0,Eastern
103777,Phase Shifter,148358,TAP148358,112224,UNKNOWN112224,0.008409150396202512,0.0019282181858492362,0.0,Eastern
164507,Phase Shifter,162270,TAP162270,129422,UNKNOWN129422,0.008254675457722929,0.0018927970824558675,0.0,Eastern
104003,Phase Shifter,145996,TAP145996,145999,TAP145999,0.008406095413878002,0.0009297141527749071,0.0,Eastern
139282,Phase Shifter,147463,TAP147463,147464,TAP147464,0.006277123262577222,0.0006942498328410408,0.0,Eastern
104282,Phase Shifter,138829,TAP138829,119607,UNKNOWN119607,0.009395797003702008,0.0021544562529488705,0.0,Eastern
104292,Phase Shifter,141853,TAP141853,141852,TAP141852,0.00999301948087437,0.0005666042045655768,0.0,Eastern
104492,Phase Shifter,154185,TAP154185,114322,UNKNOWN114322,0.009185072133881308,0.002106137040298984,0.0,Eastern
104626,Phase Shifter,147478,TAP147478,147477,TAP147477,0.007736753919965975,0.001774037673848198,0.0,Eastern
104711,Phase Shifter,142696,TAP142696,111110,UNKNOWN111110,0.005825748637816793,0.00033031994776421214,0.0,Eastern
175079,Phase Shifter,173402,TAP173402,133325,UNKNOWN133325,0.005179658855639805,0.0005728702694337625,0.0,Eastern
105134,Phase Shifter,141878,TAP141878,155262,COTTONDALE D.S.,0.009066363191718827,0.0010027397690041023,0.0,Eastern
105545,Phase Shifter,145785,TAP145785,109836,UNKNOWN109836,0.005669636511291069,0.0006270617981487922,0.0,Eastern
105795,Phase Shifter,140558,TAP140558,140559,TAP140559,0.0073336614975086385,0.0016816085813787308,0.0,Eastern
106094,Phase Shifter,135911,TAP135911,135912,TAP135912,0.00812012296328571,0.0008980855997393996,0.0,Eastern
106152,Phase Shifter,150319,TAP150319,150320,TAP150320,0.007340559943322229,0.0008118659297314386,0.0,Eastern
106461,Phase Shifter,153120,TAP153120,153121,TAP153121,0.0045145773014882,0.000499312249544595,0.0,Eastern
163515,Phase Shifter,160321,UNKNOWN160321,160320,TAP160320,0.00943700020424088,0.0021639041468324337,0.0,Eastern
106798,Phase Shifter,146013,TAP146013,109863,UNKNOWN109863,0.0039671039248305,0.00043876169408625334,0.0,Eastern
106891,Phase Shifter,114597,UNKNOWN114597,155334,TAP155334,0.007366610745822208,0.0016891638440170323,0.0,Eastern
107129,Phase Shifter,139444,TAP139444,139445,TAP139445,0.008169704316215496,0.00046322223472941863,0.0,Eastern
107173,Phase Shifter,137093,TAP137093,137094,TAP137094,0.00702167199143453,0.0007765969222526591,0.0,Eastern
107210,Phase Shifter,138179,TAP138179,138180,TAP138180,0.003479099517366945,0.00019726494263470578,0.0,Eastern
107265,Phase Shifter,142738,TAP142738,116694,UNKNOWN116694,0.00719255305786408,0.0016492524161682335,0.0,Eastern
107404,Phase Shifter,142638,TAP142638,142666,TAP142666,0.008624411884234495,0.0009538599543963351,0.0,Eastern
161223,Phase Shifter,159398,TAP159398,159397,TAP159397,0.004578303833514542,0.0010498050690248846,0.0,Eastern
107981,Phase Shifter,139797,TAP139797,125293,UNKNOWN125293,0.007134615595223454,0.000789088484831714,0.0,Eastern
108723,Phase Shifter,142523,TAP142523,114203,UNKNOWN114203,0.006918514415245375,0.0015864153554157646,0.0,Eastern
108743,Phase Shifter,154891,TAP154891,154892,TAP154892,0.008850648105904815,0.0020294536106839744,0.0,Eastern
108812,Phase Shifter,112240,UNKNOWN112240,141930,TAP141930,0.006203233087785958,0.0003517233160774638,0.0,Eastern
158124,Phase Shifter,156291,TAP156291,139716,UNKNOWN139716,0.008964111523680946,0.0020554707723800408,0.0,Eastern
109324,Phase Shifter,155423,TAP155423,155424,TAP155424,0.004040667044759,0.0002291058214378353,0.0,Eastern
109423,Phase Shifter,153101,TAP153101,153102,TAP153102,0.0035571583654503617,0.000815656413197768,0.0,Eastern
109589,Phase Shifter,146720,TAP146720,146719,TAP146719,0.006062501067714254,0.0006705126180891965,0.0,Eastern
109653,Phase Shifter,142794,TAP142794,142791,TAP142791,0.004938517706036474,0.0011324021099941635,0.0,Eastern
109675,Phase Shifter,142966,TAP142966,114826,UNKNOWN114826,0.0057541690734643405,0.0013194309685453734,0.0,Eastern
110373,Phase Shifter,150204,NORTH SARALAND,143366,TAP143366,0.008125865967939827,0.0008987207760541449,0.0,Eastern
163710,Phase Shifter,160408,TAP160408,154731,UNKNOWN154731,0.009673156410394197,0.0022180547649033894,0.0,Eastern
111212,Phase Shifter,147681,TAP147681,147680,TAP147680,0.0065832274771189395,0.0007281049589693547,0.0,Eastern
164722,Phase Shifter,162427,TAP162427,162426,TAP162426,0.00653238593229959,0.001497876094276296,0.0,Eastern
158983,Phase Shifter,158729,TAP158729,158730,TAP158730,0.002807507225371412,0.0006437614067776648,0.0,Eastern
111469,Phase Shifter,142439,TAP142439,116909,UNKNOWN116909,0.006386947048452621,0.0007063963435588599,0.0,Eastern
111630,Phase Shifter,146659,TAP146659,146658,TAP146658,0.005875912719272269,0.000649875946751513,0.0,Eastern
112273,Phase Shifter,146849,TAP146849,146850,TAP146850,0.00905949037324625,0.0010019796352810353,0.0,Eastern
112407,Phase Shifter,148786,TAP148786,148787,TAP148787,0.008907016532212507,0.002042378890836328,0.0,Eastern
112518,Phase Shifter,113742,UNKNOWN113742,137144,TAP137144,0.00571565429307529,0.00032407759841736897,0.0,Eastern
112574,Phase Shifter,142399,RISER142399,161526,TAP161526,0.006326481712586495,0.0006997088774120663,0.0,Eastern
112952,Phase Shifter,153095,TAP153095,153094,TAP153094,0.007896407735685276,0.0018106462937926338,0.0,Eastern
112973,Phase Shifter,154267,TAP154267,154265,TAP154265,0.0029853354195300327,0.0003301780974000216,0.0,Eastern
113449,Phase Shifter,144735,TAP144735,144734,TAP144734,0.0075414696779633255,0.0008340865463827438,0.0,Eastern
113458,Phase Shifter,148493,TAP148493,113781,UNKNOWN113781,0.006695021441771485,0.00037960771574844317,0.0,Eastern
113692,Phase Shifter,142040,TAP142040,142041,TAP142041,0.009964210201852532,0.00110204164832489,0.0,Eastern
113731,Phase Shifter,142947,TAP142947,114432,UNKNOWN114432,0.007893447810457548,0.0018099675829379158,0.0,Eastern
113801,Phase Shifter,142890,TAP142890,109127,UNKNOWN109127,0.009971001325367063,0.0011027927465855972,0.0,Eastern
114190,Phase Shifter,144239,TAP144239,132438,UNKNOWN132438,0.006362063736561718,0.0007036442492637261,0.0,Eastern
114661,Phase Shifter,148466,TAP148466,148467,TAP148467,0.007076486058895706,0.0007826593581138651,0.0,Eastern
114842,Phase Shifter,153489,TAP153489,153488,TAP153488,0.00475086335354995,0.00026937395214628217,0.0,Eastern
174966,Phase Shifter,173270,REWEY,173271,TAP173271,0.008259395250822197,0.00189387933101353,0.0,Eastern
115099,Phase Shifter,139392,TAP139392,124215,UNKNOWN124215,0.009884446351394583,0.001093219766464241,0.0,Eastern
115264,Phase Shifter,141958,TAP141958,114730,UNKNOWN114730,0.006866088538855547,0.0007593893923974235,0.0,Eastern
115331,Phase Shifter,142565,TAP142565,111697,UNKNOWN111697,0.008373886729919776,0.0009261518723291273,0.0,Eastern
115753,Phase Shifter,108303,UNKNOWN108303,142854,TAP142854,0.009416255271048883,0.002159147333651509,0.0,Eastern
117434,Phase Shifter,146027,TAP146027,109851,UNKNOWN109851,0.004784518971357597,0.001097090200132297,0.0,Eastern
161896,Phase Shifter,159712,TAP159712,159713,UNKNOWN159713,0.007137427137341184,0.0016366120425923335,0.0,Eastern
117463,Phase Shifter,143849,TAP143849,109181,UNKNOWN109181,0.004408391817773917,0.00048756813504579526,0.0,Eastern
117597,Phase Shifter,138160,TAP138160,121989,UNKNOWN121989,0.006336996100152578,0.00035930767887865116,0.0,Eastern
117687,Phase Shifter,138516,TAP138516,117966,UNKNOWN117966,0.008503529160394072,0.0019498592364783607,0.0,Eastern
117909,Phase Shifter,143819,TAP143819,110372,UNKNOWN110372,0.009487533923554614,0.002175491528671073,0.0,Eastern
117914,Phase Shifter,139212,TAP139212,139213,TAP139213,0.004066365595723663,0.00023056292927753168,0.0,Eastern
164004,Phase Shifter,125688,UNKNOWN125688,160473,TAP160473,0.005857733811807868,0.001343178363047544,0.0,Eastern
164054,Phase Shifter,160489,TAP160489,157120,UNKNOWN157120,0.003859800427655266,0.0008850522380613524,0.0,Eastern
118458,Phase Shifter,155221,TAP155221,155220,TAP155220,0.006945832069102653,0.0015926792934452384,0.0,Eastern
118660,Phase Shifter,113096,UNKNOWN113096,147213,TAP147213,0.008572929467698664,0.0009481659991274723,0.0,Eastern
118891,Phase Shifter,142678,TAP142678,142679,TAP142679,0.006927429659571856,0.0007661737203486473,0.0,Eastern
118907,Phase Shifter,147861,TAP147861,147860,TAP147860,0.008639775036131093,0.0009555591189960989,0.0,Eastern
162201,Phase Shifter,159839,TAP159839,159840,UNKNOWN159840,0.00903613947806925,0.002071986782321279,0.0,Eastern
119087,Phase Shifter,151693,TAP151693,112731,UNKNOWN112731,0.009985928665906484,0.002289773443092357,0.0,Eastern
161258,Phase Shifter,161602,TAP161602,151805,TAP151805,0.003515809411142906,0.00019934639361180278,0.0,Eastern
161259,Phase Shifter,161603,TAP161603,151805,TAP151805,0.004742531900149967,0.00026890155873850316,0.0,Eastern
119451,Phase Shifter,150124,TAP150124,150125,TAP150125,0.008139816088801188,0.0018664598291621125,0.0,Eastern
119577,Phase Shifter,139683,TAP139683,133236,UNKNOWN133236,0.009485622392923476,0.002175053214697353,0.0,Eastern
119610,Phase Shifter,142661,TAP142661,111685,UNKNOWN111685,0.006696597189777617,0.0015355297356160074,0.0,Eastern
121046,Phase Shifter,142664,TAP142664,111694,UNKNOWN111694,0.009660171116389756,0.001068414925472707,0.0,Eastern
119997,Phase Shifter,138839,TAP138839,138840,TAP138840,0.009330013062897269,0.001031899444756438,0.0,Eastern
164077,Phase Shifter,160500,TAP160500,160501,TAP160501,0.006342759854947324,0.0014543948347394214,0.0,Eastern
164037,Phase Shifter,121857,UNKNOWN121857,160505,TAP160505,0.009697349971508035,0.002223602348466792,0.0,Eastern
159388,Phase Shifter,158933,TAP158933,158932,TAP158932,0.007901494301177425,0.0018118126432599836,0.0,Eastern
159249,Phase Shifter,163411,TAP163411,163410,TAP163410,0.00551421114516212,0.001264408615585674,0.0,Eastern
120934,Phase Shifter,109227,UNKNOWN109227,145824,TAP145824,0.0047885093863155185,0.0010980052022821485,0.0,Eastern
120935,Phase Shifter,151401,TAP151401,151399,TAP151399,0.009595745920815649,0.0010612894988422108,0.0,Eastern
121022,Phase Shifter,153100,TAP153100,148538,TAP148538,0.007296269162387812,0.0016730345189355253,0.0,Eastern
121239,Phase Shifter,149728,TAP149728,149729,TAP149729,0.00572694196175244,0.0013131877918298345,0.0,Eastern
110770,Phase Shifter,152566,TAP152566,152567,TAP152567,0.007334423067766493,0.0008111871912949741,0.0,Eastern
122383,Phase Shifter,154195,TAP154195,114649,UNKNOWN114649,0.008234949627128608,0.0009107854287604241,0.0,Eastern
122411,Phase Shifter,149287,TAP149287,118869,UNKNOWN118869,0.009072137709301759,0.0005143902081174097,0.0,Eastern
123266,Phase Shifter,151199,TAP151199,151200,TAP151200,0.004562602899195374,0.0010462048447854994,0.0,Eastern
159493,Phase Shifter,158943,TAP158943,163202,UNKNOWN163202,0.009600297466933624,0.00220134820916788,0.0,Eastern
159477,Phase Shifter,116450,UNKNOWN116450,158945,TAP158945,0.008326679133851095,0.001909307525392056,0.0,Eastern
123530,Phase Shifter,145796,TAP145796,110144,UNKNOWN110144,0.0037944820045575037,0.0004196697097040599,0.0,Eastern
123699,Phase Shifter,146026,TAP146026,109850,UNKNOWN109850,0.002894858355524922,0.0003201713341210564,0.0,Eastern
159986,Phase Shifter,159028,TAP159028,159029,TAP159029,0.006646195199713249,0.001523972559294248,0.0,Eastern
124494,Phase Shifter,142396,TAP142396,142398,TAP142398,0.008797280024813166,0.0009729791707443362,0.0,Eastern
124517,Phase Shifter,141886,TAP141886,110716,UNKNOWN110716,0.005205588072975083,0.0005757380408710442,0.0,Eastern
164078,Phase Shifter,160703,TAP160703,152842,UNKNOWN152842,0.009370587764229542,0.0010363870067237875,0.0,Eastern
124670,Phase Shifter,128639,UNKNOWN128639,138690,TAP138690,0.00426800374101415,0.0009786532578145446,0.0,Eastern
124694,Phase Shifter,137128,TAP137128,113717,UNKNOWN113717,0.008252502702220638,0.0004679169032159102,0.0,Eastern
160006,Phase Shifter,159138,TAP159138,159139,TAP159139,0.007900289635193408,0.0018115364133498484,0.0,Eastern
124791,Phase Shifter,143397,TAP143397,143396,TAP143396,0.009431122959418437,0.0010430821993116792,0.0,Eastern
160100,Phase Shifter,163622,TAP163622,163621,LYONS,0.006251867094796023,0.0014335531248367281,0.0,Eastern
124844,Phase Shifter,141159,TAP141159,141158,TAP141158,0.006759960482109692,0.0015500589385477525,0.0,Eastern
124949,Phase Shifter,154407,TAP154407,149158,RAMER,0.004303627378726021,0.0002440156723737654,0.0,Eastern
125114,Phase Shifter,143381,TAP143381,112615,UNKNOWN112615,0.009213901613461407,0.0005224282214832618,0.0,Eastern
125162,Phase Shifter,154607,TAP154607,154606,TAP154606,0.00926466526302736,0.001024671978090826,0.0,Eastern
125195,Phase Shifter,142709,TAP142709,112122,UNKNOWN112122,0.005047804437161888,0.00028621051158707903,0.0,Eastern
125449,Phase Shifter,148452,TAP148452,111629,UNKNOWN111629,0.00821377029106602,0.0018834175277414385,0.0,Eastern
125504,Phase Shifter,143226,TAP143226,110265,UNKNOWN110265,0.007230074178957363,0.0016578560092349235,0.0,Eastern
125926,Phase Shifter,113736,UNKNOWN113736,137249,TAP137249,0.009456174271118467,0.0005361650811724171,0.0,Eastern
126102,Phase Shifter,154766,TAP154766,154767,TAP154767,0.009369455459885129,0.00214841613695166,0.0,Eastern
126117,Phase Shifter,155218,TAP155218,155217,TAP155217,0.005563706604986406,0.001275757924523383,0.0,Eastern
162073,Phase Shifter,161720,TAP161720,161721,UNKNOWN161721,0.008573649892754021,0.001965937920408497,0.0,Eastern
127403,Phase Shifter,145784,TAP145784,109166,UNKNOWN109166,0.009672720423482129,0.0010698028788371234,0.0,Eastern
163232,Phase Shifter,160957,TAP160957,161821,TAP161821,0.0028710812612346083,0.0003175415874925477,0.0,Eastern
163234,Phase Shifter,161823,TAP161823,161072,TAP161072,0.0037294705058683315,0.0004124794379490375,0.0,Eastern
165081,Phase Shifter,162681,TAP162681,162680,TAP162680,0.003874871068936505,0.0008885079361071407,0.0,Eastern
165082,Phase Shifter,162679,UNKNOWN162679,162681,TAP162681,0.0037793156160265437,0.0008665970707548865,0.0,Eastern
128076,Phase Shifter,142177,TAP142177,110730,MOORHEAD,0.009989950645868866,0.0011048885414330965,0.0,Eastern
165083,Phase Shifter,162680,TAP162680,162679,UNKNOWN162679,0.0032409130915700282,0.0007431413718970074,0.0,Eastern
128092,Phase Shifter,150118,TAP150118,112315,UNKNOWN112315,0.00949459453906564,0.0021771105278077514,0.0,Eastern
128175,Phase Shifter,151238,TAP151238,116670,UNKNOWN116670,0.009227189232881057,0.0021157944910996265,0.0,Eastern
128190,Phase Shifter,149622,TAP149622,149621,TAP149621,0.00948727327917423,0.0005379283949291788,0.0,Eastern
128243,Phase Shifter,113044,UNKNOWN113044,152494,TAP152494,0.006983293084823333,0.0016012691043499902,0.0,Eastern
128374,Phase Shifter,142718,TAP142718,142717,TAP142717,0.007100677696697402,0.0007853349532547327,0.0,Eastern
128387,Phase Shifter,142073,TAP142073,110909,UNKNOWN110909,0.005074581147282215,0.000561248674889413,0.0,Eastern
128453,Phase Shifter,146030,TAP146030,109872,UNKNOWN109872,0.004442177860181393,0.0004913048713360621,0.0,Eastern
165155,Phase Shifter,162709,UNKNOWN162709,162708,TAP162708,0.007729298504749479,0.0017723281471390556,0.0,Eastern
165212,Phase Shifter,162762,TAP162762,162763,UNKNOWN162763,0.009701373330967477,0.0022245249047908424,0.0,Eastern
163472,Phase Shifter,161986,TAP161986,142979,TAP142979,0.009186350299226471,0.00210643012361263,0.0,Eastern
129096,Phase Shifter,152548,TAP152548,152549,TAP152549,0.009998855283991324,0.0011058733944094405,0.0,Eastern
163900,Phase Shifter,160924,TAP160924,160921,UNKNOWN160921,0.007009925649457512,0.0007752977768300009,0.0,Eastern
129248,Phase Shifter,139441,TAP139441,139440,TAP139440,0.005844137401638202,0.00033136259067288607,0.0,Eastern
164128,Phase Shifter,155938,TAP155938,162076,TAP162076,0.0032873751734763357,0.0003635836941864827,0.0,Eastern
164129,Phase Shifter,162076,TAP162076,162077,TAP162077,0.004087821567409679,0.0004521130653555105,0.0,Eastern
129362,Phase Shifter,146151,TAP146151,146152,TAP146152,0.004563587572785033,0.0010464306304396082,0.0,Eastern
163939,Phase Shifter,162056,TAP162056,150429,TAP150429,0.0034661908303801016,0.0007947975574061573,0.0,Eastern
162584,Phase Shifter,129674,UNKNOWN129674,159951,TAP159951,0.009045499180726004,0.0020741329621404726,0.0,Eastern
163954,Phase Shifter,152738,TAP152738,162057,TAP162057,0.003781212388793763,0.0008670320007504099,0.0,Eastern
163962,Phase Shifter,142095,TAP142095,162059,TAP162059,0.004551695349454107,0.0005034175056496242,0.0,Eastern
130012,Phase Shifter,148287,TAP148287,148288,TAP148288,0.006421037599155252,0.0007101667584665709,0.0,Eastern
130039,Phase Shifter,145832,TAP145832,109274,UNKNOWN109274,0.006204823637863107,0.0003518135002668382,0.0,Eastern
130064,Phase Shifter,137486,TAP137486,137485,TAP137485,0.005977499738471948,0.0013706406900316178,0.0,Eastern
130068,Phase Shifter,141188,TAP141188,141189,TAP141189,0.009334225565080467,0.002140337922072951,0.0,Eastern
130108,Phase Shifter,142579,TAP142579,155348,WASHINGTON PARK DS,0.00884368400853285,0.0009781114513437333,0.0,Eastern
130313,Phase Shifter,142373,TAP142373,109351,UNKNOWN109351,0.006251906517012776,0.0006914608607816131,0.0,Eastern
160920,Phase Shifter,162814,TAP162814,162815,UNKNOWN162815,0.009584715091195512,0.002197775170411131,0.0,Eastern
130601,Phase Shifter,143065,TAP143065,116800,RODESSA,0.009584883872582438,0.002197813871983153,0.0,Eastern
131022,Phase Shifter,148236,TAP148236,114517,UNKNOWN114517,0.008842087961618525,0.0009779349285550089,0.0,Eastern
131180,Phase Shifter,152194,TAP152194,152180,TAP152180,0.004200673722999091,0.00023817820009404848,0.0,Eastern
131303,Phase Shifter,142902,TAP142902,109730,UNKNOWN109730,0.009622793934747862,0.002206506649237685,0.0,Eastern
131482,Phase Shifter,155315,TAP155315,155314,UNKNOWN155314,0.007226164532444283,0.0016569595272894742,0.0,Eastern
131599,Phase Shifter,152805,TAP152805,110740,UNKNOWN110740,0.008916765949900072,0.0020446144323120865,0.0,Eastern
131622,Phase Shifter,141929,TAP141929,112237,UNKNOWN112237,0.005970172134164249,0.0003385087600071129,0.0,Eastern
132086,Phase Shifter,141932,TAP141932,153083,BURROWS CROSSING ROAD,0.008205160317719961,0.0004652325900147218,0.0,Eastern
132183,Phase Shifter,142499,TAP142499,142500,TAP142500,0.008586878538495173,0.0009497087663575661,0.0,Eastern
132418,Phase Shifter,137881,TAP137881,124270,UNKNOWN124270,0.008891180295141701,0.0005041299227345345,0.0,Eastern
162934,Phase Shifter,160166,TAP160166,160167,UNKNOWN160167,0.006993970838419745,0.0016037175132496474,0.0,Eastern
163003,Phase Shifter,138275,TAP138275,160135,TAP160135,0.008082836968561194,0.001853394516891082,0.0,Eastern
132920,Phase Shifter,136306,TAP136306,136305,TAP136305,0.009270830164716084,0.0010253538162175988,0.0,Eastern
132996,Phase Shifter,150111,TAP150111,150112,TAP150112,0.0066135743398812626,0.0015164925961347736,0.0,Eastern
160568,Phase Shifter,159094,TAP159094,159096,RICHARDSVILLE,0.007039591415982876,0.0016141783116848736,0.0,Eastern
160600,Phase Shifter,159107,TAP159107,159108,TAP159108,0.003538404641019039,0.0002006275431457795,0.0,Eastern
133296,Phase Shifter,146654,TAP146654,146661,TAP146661,0.005646343602638711,0.0006244856024518415,0.0,Eastern
160632,Phase Shifter,159121,TAP159121,159120,UNKNOWN159120,0.004491099464671769,0.0010298091072492366,0.0,Eastern
133461,Phase Shifter,146053,TAP146053,109841,UNKNOWN109841,0.008716077765540892,0.0009639982008688226,0.0,Eastern
133543,Phase Shifter,154255,TAP154255,154266,TAP154266,0.008110459273372865,0.0008970167956350389,0.0,Eastern
133647,Phase Shifter,154517,TAP154517,154535,SULLIVAN GARDENS,0.00990749374974216,0.0005617548956103805,0.0,Eastern
160792,Phase Shifter,163129,UNKNOWN163129,159125,TAP159125,0.009625974905533524,0.002207236045838837,0.0,Eastern
133863,Phase Shifter,151172,TAP151172,151171,TAP151171,0.005001378600050435,0.0011468161129915646,0.0,Eastern
133996,Phase Shifter,152150,TAP152150,152151,TAP152151,0.007630830553161001,0.0017497494458398176,0.0,Eastern
160858,Phase Shifter,159167,TAP159167,159168,UNKNOWN159168,0.00932367813323529,0.002137919395950852,0.0,Eastern
134122,Phase Shifter,148187,TAP148187,154388,TAP154388,0.006520917364076296,0.0014952463515826948,0.0,Eastern
134500,Phase Shifter,143202,TAP143202,109050,UNKNOWN109050,0.008523995409184644,0.0009427538922558217,0.0,Eastern
134584,Phase Shifter,138482,TAP138482,138483,TAP138483,0.00930904830240486,0.0021345647757414344,0.0,Eastern
134592,Phase Shifter,149030,TAP149030,149029,TAP149029,0.0082673122629964,0.00046875660531189584,0.0,Eastern
134668,Phase Shifter,142400,RISER142400,161526,TAP161526,0.005871414977463555,0.0006493784965074692,0.0,Eastern
135213,Phase Shifter,146665,TAP146665,122803,UNKNOWN122803,0.008821985631840881,0.0009757116108816015,0.0,Eastern
135346,Phase Shifter,142720,TAP142720,115037,UNKNOWN115037,0.009990553346254233,0.0011049552000957181,0.0,Eastern
135399,Phase Shifter,152097,TAP152097,152100,TAP152100,0.0036985169010492485,0.0008480699254105927,0.0,Eastern
135570,Phase Shifter,148777,TAP148777,148776,TAP148776,0.00895671205916392,0.0020537740751662872,0.0,Eastern
135765,Phase Shifter,142507,TAP142507,111276,UNKNOWN111276,0.009025969985383206,0.0009982722803833827,0.0,Eastern
160790,Phase Shifter,161526,TAP161526,142398,TAP142398,0.0031229234095186695,0.00034539532909276483,0.0,Eastern
160678,Phase Shifter,161552,TAP161552,140381,TAP140381,0.0014042481116489818,7.962086793049728e-05,0.0,Eastern
160677,Phase Shifter,140381,TAP140381,161551,TAP161551,0.0016664282764961944,9.448648327733422e-05,0.0,Eastern
160676,Phase Shifter,161553,TAP161553,139940,TAP139940,0.006214814448268294,0.0003523799792168123,0.0,Eastern
161045,Phase Shifter,160773,TAP160773,161597,TAP161597,0.0035623867291785603,0.0008168552770006439,0.0,Eastern
162906,Phase Shifter,160328,TAP160328,160329,UNKNOWN160329,0.008195268465817376,0.0018791750592119245,0.0,Eastern
161185,Phase Shifter,160531,TAP160531,161564,TAP161564,0.005292346525308167,0.0012135350582531627,0.0,Eastern
164298,Phase Shifter,160747,TAP160747,160748,TAP160748,0.006182254520355902,0.0014175909615176084,0.0,Eastern
137318,Phase Shifter,143004,TAP143004,153029,DALEVILLE,0.005108135367355205,0.0005649597716294856,0.0,Eastern
137378,Phase Shifter,145873,TAP145873,110145,UNKNOWN110145,0.008221722668687526,0.0004661716753145827,0.0,Eastern
137416,Phase Shifter,143847,TAP143847,109869,UNKNOWN109869,0.008118923012882492,0.0018616690468539554,0.0,Eastern
137587,Phase Shifter,137916,TAP137916,137917,TAP137917,0.003452529083594159,0.0007916649188681407,0.0,Eastern
137929,Phase Shifter,154268,TAP154268,154266,TAP154266,0.004250539096996262,0.0004701096241277866,0.0,Eastern
138091,Phase Shifter,155265,TAP155265,149920,TAP149920,0.005060138336293995,0.0002869098436678695,0.0,Eastern
164345,Phase Shifter,147624,UNKNOWN147624,162228,TAP162228,0.009014589297963567,0.0005111272131945343,0.0,Eastern
138127,Phase Shifter,142268,TAP142268,120827,UNKNOWN120827,0.005293896378385019,0.0012138904395636847,0.0,Eastern
138310,Phase Shifter,142232,TAP142232,142233,TAP142233,0.004024532869093032,0.0004451133353216893,0.0,Eastern
138420,Phase Shifter,107958,UNKNOWN107958,154690,TAP154690,0.006843895615408091,0.00038804888139363873,0.0,Eastern
162411,Phase Shifter,152132,TAP152132,159902,TAP159902,0.00869406355582578,0.001993548773350851,0.0,Eastern
138893,Phase Shifter,142512,TAP142512,111367,UNKNOWN111367,0.004656918055310499,0.0005150551369173412,0.0,Eastern
139065,Phase Shifter,153490,TAP153490,153488,TAP153488,0.004785183699531779,0.0002713199157634519,0.0,Eastern
139147,Phase Shifter,155254,TAP155254,155253,TAP155253,0.0047382911690514815,0.000268661109285219,0.0,Eastern
139280,Phase Shifter,141924,TAP141924,141925,TAP141925,0.008736156130096512,0.0004953400525764722,0.0,Eastern
139867,Phase Shifter,139445,TAP139445,139446,TAP139446,0.008634605691231199,0.000489582142692809,0.0,Eastern
139985,Phase Shifter,152231,TAP152231,115985,UNKNOWN115985,0.008264296748695396,0.0009140312204057109,0.0,Eastern
164770,Phase Shifter,162498,TAP162498,162497,TAP162497,0.0062778655331039955,0.0014395145667407462,0.0,Eastern
140360,Phase Shifter,145878,TAP145878,110211,UNKNOWN110211,0.003757450064364934,0.0004155739771187617,0.0,Eastern
140520,Phase Shifter,151804,TAP151804,111008,UNKNOWN111008,0.005963253400017918,0.0006595358260419817,0.0,Eastern
140581,Phase Shifter,142068,TAP142068,110898,UNKNOWN110898,0.004803315020484842,0.0005312466412656236,0.0,Eastern
140601,Phase Shifter,148071,TAP148071,148072,TAP148072,0.009953179818319368,0.0011008216879061221,0.0,Eastern
170288,Phase Shifter,168803,TAP168803,168802,UNKNOWN168802,0.007447626665313107,0.0017077407943562955,0.0,Eastern
170394,Phase Shifter,168887,TAP168887,168885,UNKNOWN168885,0.0038546975477791955,0.0008838821477057695,0.0,Eastern
140991,Phase Shifter,152636,TAP152636,152637,TAP152637,0.006131072574181937,0.001405854941259918,0.0,Eastern
122938,Phase Shifter,146835,TAP146835,146833,UNKNOWN146833,0.007736658329324104,0.000855674411223246,0.0,Eastern
130352,Phase Shifter,146688,TAP146688,146687,UNKNOWN146687,0.005760110098600797,0.0006370681769052482,0.0,Eastern
143715,Phase Shifter,146676,TAP146676,146677,TAP146677,0.008451991716848177,0.0009347902838834084,0.0,Eastern
118285,Phase Shifter,146893,TAP146893,146894,TAP146894,0.008558214310856167,0.0009465385027806921,0.0,Eastern
162711,Phase Shifter,160058,TAP160058,160059,UNKNOWN160059,0.006680069978857653,0.00153174004615206,0.0,Eastern
159870,Phase Shifter,163423,UNKNOWN163423,163424,TAP163424,0.008721074833437982,0.0019997424593073292,0.0,Eastern
175315,Phase Shifter,124794,UNKNOWN124794,173571,TAP173571,0.008168852102424441,0.0018731177870859243,0.0,Eastern
168919,Phase Shifter,167844,TAP167844,167845,TAP167845,0.0024666366533437627,0.0005655997846117248,0.0,Eastern
175334,Phase Shifter,141297,TAP141297,173592,TAP173592,0.00288799387429715,0.0003194121224972648,0.0,Eastern
175335,Phase Shifter,173591,TAP173591,141297,TAP141297,0.002921642873182705,0.00032313370177400715,0.0,Eastern
175336,Phase Shifter,173593,TAP173593,148812,TAP148812,0.004451805739464956,0.000252417385427663,0.0,Eastern
175337,Phase Shifter,148812,TAP148812,173594,TAP173594,0.004058723105824765,0.00023012960010026416,0.0,Eastern
175338,Phase Shifter,173595,TAP173595,142717,TAP142717,0.00429997024474608,0.0004755767090689165,0.0,Eastern
175339,Phase Shifter,142717,TAP142717,173596,TAP173596,0.004157633642165664,0.0004598342808235225,0.0,Eastern
162388,Phase Shifter,162903,TAP162903,162904,UNKNOWN162904,0.00900771800807826,0.002065469739252345,0.0,Eastern
175347,Phase Shifter,173605,TAP173605,152674,TAP152674,0.0036862540745560214,0.000407699700645896,0.0,Eastern
161803,Phase Shifter,159680,TAP159680,143494,TAP143494,0.00859600233442012,0.0009507178581868653,0.0,Eastern
161183,Phase Shifter,161561,TAP161561,173610,TAP173610,0.003245427881286208,0.0007441766131789275,0.0,Eastern
163933,Phase Shifter,150430,TAP150430,173611,TAP173611,0.004121960138764048,0.0009451654598185963,0.0,Eastern
175353,Phase Shifter,161560,TAP161560,173610,TAP173610,0.0025564581175238897,0.0005861958463482279,0.0,Eastern
175355,Phase Shifter,143242,TAP143242,173612,TAP173612,0.009548565133468806,0.00105607130376165,0.0,Eastern
169065,Phase Shifter,167955,TAP167955,167941,TAP167941,0.0034546329829282995,0.0007921473429854591,0.0,Eastern
175359,Phase Shifter,145821,TAP145821,173615,TAP173615,0.0037951036473466314,0.00041973846339653746,0.0,Eastern
175360,Phase Shifter,142547,TAP142547,173616,TAP173616,0.007149870307279364,0.0007907756559850977,0.0,Eastern
175361,Phase Shifter,156145,TAP156145,173617,TAP173617,0.006831683291180882,0.000387356442609956,0.0,Eastern
175365,Phase Shifter,140773,TAP140773,173620,TAP173620,0.00469269781880969,0.0005190123787603518,0.0,Eastern
175369,Phase Shifter,155353,TAP155353,173625,TAP173625,0.00813110299422973,0.0018644619165768769,0.0,Eastern
169187,Phase Shifter,168023,TAP168023,161712,UNKNOWN161712,0.007337597133144183,0.001682511022629961,0.0,Eastern
161306,Phase Shifter,159482,TAP159482,148589,UNKNOWN148589,0.005866433173310422,0.0013451731266400798,0.0,Eastern
165275,Phase Shifter,162662,TAP162662,162663,TAP162663,0.009481976223490212,0.0021742171480463057,0.0,Eastern
173521,Phase Shifter,171250,TAP171250,132546,UNKNOWN132546,0.006062870089513481,0.0013902161115254413,0.0,Eastern
169365,Phase Shifter,168151,TAP168151,168152,UNKNOWN168152,0.007233804652870308,0.0016587114069031618,0.0,Eastern
168353,Phase Shifter,167411,TAP167411,167412,TAP167412,0.004873581172698357,0.0011175121628997332,0.0,Eastern
168752,Phase Shifter,167713,TAP167713,167714,UNKNOWN167714,0.0071303058289897536,0.0016349791265873506,0.0,Eastern
122918,Phase Shifter,138940,TAP138940,138939,TAP138939,0.007012886952758058,0.0016080549782674226,0.0,Eastern
169294,Phase Shifter,168093,TAP168093,168092,UNKNOWN168092,0.007284820430537928,0.001670409324722347,0.0,Eastern
169428,Phase Shifter,168205,TAP168205,168204,UNKNOWN168204,0.004705888489192945,0.0010790602305719424,0.0,Eastern
169442,Phase Shifter,168214,TAP168214,168213,UNKNOWN168213,0.006034286175629369,0.0013836618200718145,0.0,Eastern
169452,Phase Shifter,168222,TAP168222,168223,UNKNOWN168223,0.00900369038518265,0.0020645462053223815,0.0,Eastern
169515,Phase Shifter,168273,TAP168273,168274,TAP168274,0.004924276322084359,0.0011291365606539436,0.0,Eastern
169532,Phase Shifter,168283,TAP168283,131794,UNKNOWN131794,0.009970354075778228,0.0022862021895759476,0.0,Eastern
170099,Phase Shifter,168681,TAP168681,158199,UNKNOWN158199,0.007013579408860109,0.001608213758451623,0.0,Eastern
170158,Phase Shifter,168719,TAP168719,168720,TAP168720,0.00846743734779812,0.0019415833838501088,0.0,Eastern
170335,Phase Shifter,168843,TAP168843,168842,UNKNOWN168842,0.009495268500544295,0.002177265067174807,0.0,Eastern
163582,Phase Shifter,160399,TAP160399,160400,UNKNOWN160400,0.009578539999341034,0.0021963592218488992,0.0,Eastern
170786,Phase Shifter,169151,TAP169151,169152,UNKNOWN169152,0.0061646413453655844,0.0014135522604923284,0.0,Eastern
170800,Phase Shifter,169161,TAP169161,169162,DEADEND169162,0.006930395351045861,0.0015891396539948158,0.0,Eastern
170974,Phase Shifter,169290,TAP169290,157931,UNKNOWN157931,0.0037453490508111533,0.0008588085373509974,0.0,Eastern
171021,Phase Shifter,169320,TAP169320,122430,UNKNOWN122430,0.009950044934932407,0.0022815453035800013,0.0,Eastern
171061,Phase Shifter,169345,TAP169345,127580,UNKNOWN127580,0.009825640928266217,0.0022530194648514436,0.0,Eastern
171400,Phase Shifter,169631,UNKNOWN169631,169632,TAP169632,0.007938624446658738,0.0018203265856188487,0.0,Eastern
173397,Phase Shifter,171161,TAP171161,171162,UNKNOWN171162,0.008520176917580015,0.0019536765672010974,0.0,Eastern
173401,Phase Shifter,171165,TAP171165,171164,UNKNOWN171164,0.005223981905230979,0.0011978590508694635,0.0,Eastern
173503,Phase Shifter,170823,TAP170823,171235,TAP171235,0.00604190322176559,0.0013854084087508497,0.0,Eastern
173526,Phase Shifter,171253,TAP171253,158249,UNKNOWN158249,0.005459816206289351,0.0012519358561021482,0.0,Eastern
175344,Phase Shifter,173602,TAP173602,149624,TAP149624,0.0038132527652913295,0.0008743788590813018,0.0,Eastern
175349,Phase Shifter,173606,TAP173606,163341,TAP163341,0.00967587412293913,0.0022186779363899426,0.0,Eastern
175350,Phase Shifter,162488,TAP162488,173607,TAP173607,0.009229897088009134,0.0021164154022804945,0.0,Eastern
175351,Phase Shifter,162519,TAP162519,173608,TAP173608,0.004079333635604737,0.0009353912026441662,0.0,Eastern
175354,Phase Shifter,162055,TAP162055,173611,TAP173611,0.0073021134391241735,0.001674374611591173,0.0,Eastern
175368,Phase Shifter,173624,TAP173624,142864,TAP142864,0.004144167478814766,0.0004583449231569132,0.0,Eastern
172024,Phase Shifter,170195,TAP170195,151718,TAP151718,0.004865052328246011,0.0005380747875040089,0.0,Eastern
166339,Phase Shifter,162915,TAP162915,162916,UNKNOWN162916,0.00885694179418303,0.002030896753406169,0.0,Eastern
172293,Phase Shifter,170465,TAP170465,170464,UNKNOWN170464,0.007071652955157685,0.0016215300226176572,0.0,Eastern
172482,Phase Shifter,170607,TAP170607,162657,TAP162657,0.009435944647356611,0.002163662107638871,0.0,Eastern
173124,Phase Shifter,170958,ZOAR SWITCHING STATION,170957,TAP170957,0.008282084431096846,0.001899081960050507,0.0,Eastern
140365,Phase Shifter,136359,TAP136359,136372,LEICESTER,0.009992227101002673,0.002291217674259913,0.0,Eastern
172533,Phase Shifter,143524,JOHNSVILLE,170639,TAP170639,0.007253327643376772,0.001663188028626294,0.0,Eastern
172714,Phase Shifter,170716,TAP170716,158030,UNKNOWN158030,0.0055647749179725875,0.0012760028886911142,0.0,Eastern
172883,Phase Shifter,170810,TAP170810,170809,UNKNOWN170809,0.008126581099855982,0.0018634250461969767,0.0,Eastern
172904,Phase Shifter,171235,TAP171235,158007,ZUMBRO FALLS,0.009244463617037964,0.002119755507386805,0.0,Eastern
172991,Phase Shifter,170975,TAP170975,170974,UNKNOWN170974,0.008813211131336708,0.0020208693124155073,0.0,Eastern
173416,Phase Shifter,171173,UNKNOWN171173,171174,TAP171174,0.009974973327524344,0.002287261384001332,0.0,Eastern
173612,Phase Shifter,171298,TAP171298,171299,TAP171299,0.009650753855867196,0.002212917859150348,0.0,Eastern
173930,Phase Shifter,171618,TAP171618,171617,SHINGLETON,0.00965788396419496,0.0022145527929899045,0.0,Eastern
173945,Phase Shifter,171625,TAP171625,171626,TAP171626,0.008512699585879514,0.0019519620150421726,0.0,Eastern
174335,Phase Shifter,171793,TAP171793,138766,TAP138766,0.00897285967654753,0.0020574767238323486,0.0,Eastern
174467,Phase Shifter,171875,TAP171875,171874,UNKNOWN171874,0.006741399192684994,0.0015458028348826693,0.0,Eastern
174507,Phase Shifter,138510,TAP138510,171914,TAP171914,0.009382847095039592,0.0021514868388925784,0.0,Eastern
166942,Phase Shifter,166935,TAP166935,162197,TAP162197,0.004613309801825282,0.0005102320640818762,0.0,Eastern
115085,Phase Shifter,116397,UNKNOWN116397,142930,TAP142930,0.002057323203104216,0.00047174421047179674,0.0,Eastern
