puma,state,htg_slope_res_mmbtu_m2_degC
puma_0100100,AL,6.427590957482813e-06
puma_0100200,AL,6.471535405314881e-06
puma_0100301,AL,6.63776867339949e-06
puma_0100302,AL,6.451506480115434e-06
puma_0100400,AL,6.404152343111637e-06
puma_0100500,AL,6.523323193566118e-06
puma_0100600,AL,6.513905277720241e-06
puma_0100700,AL,6.521179550522593e-06
puma_0100800,AL,6.585649202374196e-06
puma_0100900,AL,6.620839632976212e-06
puma_0101000,AL,6.615805326272323e-06
puma_0101100,AL,6.6802808415232975e-06
puma_0101200,AL,6.803893829596036e-06
puma_0101301,AL,6.79100434673276e-06
puma_0101302,AL,6.817646995515188e-06
puma_0101303,AL,6.780536928124456e-06
puma_0101304,AL,6.632474625956165e-06
puma_0101305,AL,6.771034791940054e-06
puma_0101400,AL,6.534315220593269e-06
puma_0101500,AL,6.91785855290811e-06
puma_0101600,AL,7.013773847624523e-06
puma_0101700,AL,6.899483870632529e-06
puma_0101800,AL,6.763886319930311e-06
puma_0101900,AL,6.9058626335484815e-06
puma_0102000,AL,7.053507335104305e-06
puma_0102100,AL,7.005136578066929e-06
puma_0102200,AL,7.098236477687969e-06
puma_0102300,AL,7.186513912574883e-06
puma_0102400,AL,7.054798342437656e-06
puma_0102500,AL,7.295779649245038e-06
puma_0102600,AL,7.328133473470118e-06
puma_0102701,AL,7.431317406360097e-06
puma_0102702,AL,7.415153007700782e-06
puma_0102703,AL,7.385377216115572e-06
puma_0400100,AZ,6.831047976672733e-06
puma_0400101,AZ,6.919749506796274e-06
puma_0400102,AZ,6.932467500866472e-06
puma_0400103,AZ,6.946641862056209e-06
puma_0400104,AZ,6.92587317460618e-06
puma_0400105,AZ,6.913742968753806e-06
puma_0400106,AZ,6.928959620407444e-06
puma_0400107,AZ,6.860463237893116e-06
puma_0400108,AZ,6.946641862056209e-06
puma_0400109,AZ,6.958110781592537e-06
puma_0400110,AZ,6.96762578678657e-06
puma_0400111,AZ,6.948851930368008e-06
puma_0400112,AZ,6.88907281073839e-06
puma_0400113,AZ,7.001745296695405e-06
puma_0400114,AZ,6.960178936727475e-06
puma_0400115,AZ,6.933400088438444e-06
puma_0400116,AZ,7.193502664975118e-06
puma_0400117,AZ,7.139976028801731e-06
puma_0400118,AZ,7.181162377133121e-06
puma_0400119,AZ,6.966642274507647e-06
puma_0400120,AZ,6.912872025709351e-06
puma_0400121,AZ,7.049332411002766e-06
puma_0400122,AZ,7.193502664975118e-06
puma_0400123,AZ,7.057842759919625e-06
puma_0400124,AZ,7.079724364954908e-06
puma_0400125,AZ,7.077735426260256e-06
puma_0400126,AZ,7.0067687832761e-06
puma_0400127,AZ,7.026818471285804e-06
puma_0400128,AZ,6.933400088438444e-06
puma_0400129,AZ,6.955354998291891e-06
puma_0400130,AZ,7.026818471285804e-06
puma_0400131,AZ,7.0217424612498085e-06
puma_0400132,AZ,6.933701919564284e-06
puma_0400133,AZ,6.940671073819429e-06
puma_0400134,AZ,6.854872903137051e-06
puma_0400201,AZ,6.6943902315615604e-06
puma_0400202,AZ,6.797895964938721e-06
puma_0400203,AZ,6.61238803785571e-06
puma_0400204,AZ,6.740221044607884e-06
puma_0400205,AZ,6.69035332061376e-06
puma_0400206,AZ,6.758385740339249e-06
puma_0400207,AZ,6.840400192223699e-06
puma_0400208,AZ,6.820434468306894e-06
puma_0400209,AZ,6.756430646628337e-06
puma_0400300,AZ,5.00491948358826e-06
puma_0400400,AZ,4.71666086897898e-06
puma_0400500,AZ,5.602920039035701e-06
puma_0400600,AZ,6.584647764596374e-06
puma_0400700,AZ,7.188884407638024e-06
puma_0400800,AZ,5.9756058930696415e-06
puma_0400803,AZ,6.878236960188769e-06
puma_0400805,AZ,6.772351040351871e-06
puma_0400807,AZ,6.8603224109166455e-06
puma_0400900,AZ,6.29110986941881e-06
puma_0500100,AR,5.1048160609685695e-06
puma_0500200,AR,5.18417057998822e-06
puma_0500300,AR,5.194575550573598e-06
puma_0500400,AR,5.248625003885032e-06
puma_0500500,AR,5.27812086570912e-06
puma_0500600,AR,5.4327535166172365e-06
puma_0500700,AR,5.445089230850632e-06
puma_0500800,AR,5.419280539229752e-06
puma_0500900,AR,5.613021794622494e-06
puma_0501000,AR,5.621310262511203e-06
puma_0501100,AR,5.436950622216272e-06
puma_0501200,AR,5.61682061266941e-06
puma_0501300,AR,5.442717556899539e-06
puma_0501400,AR,5.4858917077400924e-06
puma_0501500,AR,5.451235890097435e-06
puma_0501600,AR,5.54364299950475e-06
puma_0501700,AR,5.628883450698737e-06
puma_0501800,AR,5.7404964380753736e-06
puma_0501900,AR,5.705389501048612e-06
puma_0502000,AR,5.71114617305948e-06
puma_0600101,CA,7.723450131920392e-06
puma_0600102,CA,7.921674028175282e-06
puma_0600103,CA,7.816708038660318e-06
puma_0600104,CA,7.698561784286513e-06
puma_0600105,CA,7.785879811249873e-06
puma_0600106,CA,7.830955398639577e-06
puma_0600107,CA,7.842559846850479e-06
puma_0600108,CA,7.927317986361338e-06
puma_0600109,CA,7.932460558579643e-06
puma_0600110,CA,7.720288589315336e-06
puma_0600300,CA,6.892037081733824e-06
puma_0600701,CA,7.63704901075481e-06
puma_0600702,CA,7.664202975293628e-06
puma_0601100,CA,7.549401918106044e-06
puma_0601301,CA,7.816336280525515e-06
puma_0601302,CA,7.783228839941676e-06
puma_0601303,CA,7.815928050653394e-06
puma_0601304,CA,7.867484187059051e-06
puma_0601305,CA,7.440908268640509e-06
puma_0601306,CA,7.760920240333415e-06
puma_0601307,CA,7.753759001983908e-06
puma_0601308,CA,7.842081236821564e-06
puma_0601309,CA,7.884922199939464e-06
puma_0601500,CA,6.136442648883551e-06
puma_0601700,CA,7.097556999965901e-06
puma_0601901,CA,7.860011768761785e-06
puma_0601902,CA,7.932290639031838e-06
puma_0601903,CA,7.963828779862562e-06
puma_0601904,CA,7.955154858673813e-06
puma_0601905,CA,7.994626493038587e-06
puma_0601906,CA,7.962612031606225e-06
puma_0601907,CA,7.704293252156375e-06
puma_0602300,CA,6.755137798889235e-06
puma_0602500,CA,8.995736175262533e-06
puma_0602901,CA,7.890271708539114e-06
puma_0602902,CA,7.947766345647404e-06
puma_0602903,CA,7.937696809430703e-06
puma_0602904,CA,7.937696809430703e-06
puma_0602905,CA,7.537628257556877e-06
puma_0603100,CA,7.811320562002272e-06
puma_0603300,CA,7.167240110433564e-06
puma_0603701,CA,7.955637612863786e-06
puma_0603702,CA,8.313315354277136e-06
puma_0603703,CA,7.576019913821983e-06
puma_0603704,CA,7.799018969397663e-06
puma_0603705,CA,8.56926503649437e-06
puma_0603706,CA,8.61827374261665e-06
puma_0603707,CA,8.52912712151439e-06
puma_0603708,CA,8.495326201208061e-06
puma_0603709,CA,8.386332121208725e-06
puma_0603710,CA,8.403974392498822e-06
puma_0603711,CA,8.59838948278222e-06
puma_0603712,CA,8.59838948278222e-06
puma_0603713,CA,8.603590406202064e-06
puma_0603714,CA,8.696137808796131e-06
puma_0603715,CA,8.64759981970102e-06
puma_0603716,CA,8.795935888407453e-06
puma_0603717,CA,8.557714278507226e-06
puma_0603718,CA,8.882972447224446e-06
puma_0603719,CA,8.696289011964572e-06
puma_0603720,CA,8.515696225212423e-06
puma_0603721,CA,8.495326201208061e-06
puma_0603722,CA,8.55079855070068e-06
puma_0603723,CA,8.553758183586114e-06
puma_0603724,CA,8.52181053928148e-06
puma_0603725,CA,8.447323711697124e-06
puma_0603726,CA,8.43971245850326e-06
puma_0603727,CA,8.599779591857817e-06
puma_0603728,CA,8.51719476339676e-06
puma_0603729,CA,8.657241977708563e-06
puma_0603730,CA,8.79561813966458e-06
puma_0603731,CA,8.757994045895686e-06
puma_0603732,CA,8.840970688565797e-06
puma_0603733,CA,8.86051232747347e-06
puma_0603734,CA,8.86051232747347e-06
puma_0603735,CA,8.862653625716554e-06
puma_0603736,CA,8.751712905036465e-06
puma_0603737,CA,8.824212735446587e-06
puma_0603738,CA,8.717808492696126e-06
puma_0603739,CA,8.918227159021397e-06
puma_0603740,CA,9.043961563675444e-06
puma_0603741,CA,9.039350987148351e-06
puma_0603742,CA,8.86345506750653e-06
puma_0603743,CA,9.037708661493152e-06
puma_0603744,CA,8.875164224494965e-06
puma_0603745,CA,8.86051232747347e-06
puma_0603746,CA,8.86051232747347e-06
puma_0603747,CA,8.790074235137535e-06
puma_0603748,CA,8.61553174836878e-06
puma_0603749,CA,8.72477386250029e-06
puma_0603750,CA,8.84776038098026e-06
puma_0603751,CA,8.842690273408548e-06
puma_0603752,CA,8.871251289109687e-06
puma_0603753,CA,8.996523016356908e-06
puma_0603754,CA,8.797129306736455e-06
puma_0603755,CA,8.832437447204799e-06
puma_0603756,CA,8.757725106151002e-06
puma_0603757,CA,8.79836329806234e-06
puma_0603758,CA,8.822737067401367e-06
puma_0603759,CA,8.785364983723777e-06
puma_0603760,CA,8.619142307710105e-06
puma_0603761,CA,8.629267694613314e-06
puma_0603762,CA,8.616461070141177e-06
puma_0603763,CA,8.757725106151002e-06
puma_0603764,CA,8.75639375958138e-06
puma_0603765,CA,8.757725106151002e-06
puma_0603766,CA,8.757725106151002e-06
puma_0603767,CA,8.560173305706773e-06
puma_0603768,CA,8.535071691228358e-06
puma_0603769,CA,8.757725106151002e-06
puma_0603900,CA,7.618870181872166e-06
puma_0604101,CA,7.65880145317177e-06
puma_0604102,CA,7.70064711882016e-06
puma_0604701,CA,7.904971053027976e-06
puma_0604702,CA,7.752450728384662e-06
puma_0605301,CA,7.421980636396642e-06
puma_0605302,CA,7.671357075738892e-06
puma_0605303,CA,7.604706211402219e-06
puma_0605500,CA,7.7292185762282e-06
puma_0605700,CA,6.543495756160013e-06
puma_0605901,CA,8.493108376281502e-06
puma_0605902,CA,8.524730197706077e-06
puma_0605903,CA,8.545664933306336e-06
puma_0605904,CA,8.708359207434805e-06
puma_0605905,CA,8.749906810850765e-06
puma_0605906,CA,8.76739278054645e-06
puma_0605907,CA,8.881319632829084e-06
puma_0605908,CA,8.753509728368964e-06
puma_0605909,CA,8.767715632620225e-06
puma_0605910,CA,8.898212997107717e-06
puma_0605911,CA,8.938398876824252e-06
puma_0605912,CA,8.80740636915416e-06
puma_0605913,CA,8.860489005125861e-06
puma_0605914,CA,8.721086679644253e-06
puma_0605915,CA,8.437604287815332e-06
puma_0605916,CA,8.895312136073231e-06
puma_0605917,CA,8.894369687208843e-06
puma_0605918,CA,8.69097218423183e-06
puma_0606101,CA,7.866324890758606e-06
puma_0606102,CA,7.79874955111077e-06
puma_0606103,CA,7.091971517780016e-06
puma_0606501,CA,9.050257758971903e-06
puma_0606502,CA,8.82592884429358e-06
puma_0606503,CA,8.517433824321595e-06
puma_0606504,CA,8.407787849183032e-06
puma_0606505,CA,8.302855487938003e-06
puma_0606506,CA,8.278124075542088e-06
puma_0606507,CA,8.160752588751887e-06
puma_0606508,CA,8.423773836498463e-06
puma_0606509,CA,8.295746741965535e-06
puma_0606510,CA,8.59477043950364e-06
puma_0606511,CA,8.603471895628722e-06
puma_0606512,CA,8.566573736127483e-06
puma_0606513,CA,8.364010902190863e-06
puma_0606514,CA,8.49554477458975e-06
puma_0606515,CA,9.110342091583469e-06
puma_0606701,CA,7.887116908006763e-06
puma_0606702,CA,7.955870610706504e-06
puma_0606703,CA,7.961842262364056e-06
puma_0606704,CA,7.983101952333175e-06
puma_0606705,CA,7.797790762296208e-06
puma_0606706,CA,7.951658789692261e-06
puma_0606707,CA,7.890946333231567e-06
puma_0606708,CA,7.920884851547645e-06
puma_0606709,CA,7.774450989423448e-06
puma_0606710,CA,7.854443225106332e-06
puma_0606711,CA,7.920859084227994e-06
puma_0606712,CA,7.87749095374653e-06
puma_0607101,CA,8.068545565907143e-06
puma_0607102,CA,7.66718565999823e-06
puma_0607103,CA,7.6292243312176815e-06
puma_0607104,CA,6.469597843759317e-06
puma_0607105,CA,8.330649474881905e-06
puma_0607106,CA,8.535833541478204e-06
puma_0607107,CA,8.605073181900364e-06
puma_0607108,CA,8.605073181900364e-06
puma_0607109,CA,8.593623200765728e-06
puma_0607110,CA,8.573295806707136e-06
puma_0607111,CA,8.518734303363034e-06
puma_0607112,CA,8.556645631630558e-06
puma_0607113,CA,8.50389507603679e-06
puma_0607114,CA,8.404435854678285e-06
puma_0607115,CA,8.534868848482147e-06
puma_0607301,CA,8.260197241149702e-06
puma_0607302,CA,8.242670849318813e-06
puma_0607303,CA,8.519078441075208e-06
puma_0607304,CA,8.385721492526695e-06
puma_0607305,CA,8.605465402851707e-06
puma_0607306,CA,8.666307163086154e-06
puma_0607307,CA,8.445325019039485e-06
puma_0607308,CA,8.493241522343058e-06
puma_0607309,CA,8.508396408869972e-06
puma_0607310,CA,8.576794145373789e-06
puma_0607311,CA,8.497516977235216e-06
puma_0607312,CA,8.492568283100444e-06
puma_0607313,CA,8.725123999904607e-06
puma_0607314,CA,8.742204391581692e-06
puma_0607315,CA,8.5236951009489e-06
puma_0607316,CA,8.745222286459498e-06
puma_0607317,CA,8.762412822456387e-06
puma_0607318,CA,8.758222748543988e-06
puma_0607319,CA,8.78568073295653e-06
puma_0607320,CA,8.484878357468314e-06
puma_0607321,CA,8.721299650610121e-06
puma_0607322,CA,8.557100010814014e-06
puma_0607501,CA,7.488979454873501e-06
puma_0607502,CA,7.595642602810989e-06
puma_0607503,CA,7.589517993971418e-06
puma_0607504,CA,7.589517993971418e-06
puma_0607505,CA,7.300544069410741e-06
puma_0607506,CA,7.326444827877214e-06
puma_0607507,CA,7.589517993971418e-06
puma_0607701,CA,7.924410309696586e-06
puma_0607702,CA,7.857015718358135e-06
puma_0607703,CA,7.805699533161212e-06
puma_0607704,CA,7.834886396791117e-06
puma_0607901,CA,7.72734617527819e-06
puma_0607902,CA,7.66215786994395e-06
puma_0608101,CA,7.404802298668294e-06
puma_0608102,CA,7.765681073514385e-06
puma_0608103,CA,7.753098396955773e-06
puma_0608104,CA,7.636415062484834e-06
puma_0608105,CA,7.827692619245582e-06
puma_0608106,CA,7.699710670360134e-06
puma_0608301,CA,7.649739038388748e-06
puma_0608302,CA,7.901946192551608e-06
puma_0608303,CA,8.214822777388694e-06
puma_0608501,CA,7.832061970922501e-06
puma_0608502,CA,8.06410776272956e-06
puma_0608503,CA,8.012673133598603e-06
puma_0608504,CA,8.012673133598603e-06
puma_0608505,CA,7.899170279774025e-06
puma_0608506,CA,8.004879366456837e-06
puma_0608507,CA,7.883941174592364e-06
puma_0608508,CA,7.832314905766179e-06
puma_0608509,CA,8.012673133598603e-06
puma_0608510,CA,7.963379349234483e-06
puma_0608511,CA,7.784526434121559e-06
puma_0608512,CA,7.657472860474685e-06
puma_0608513,CA,7.356852123447754e-06
puma_0608514,CA,8.012673133598603e-06
puma_0608701,CA,7.670263474284595e-06
puma_0608702,CA,7.859844584188248e-06
puma_0608900,CA,7.3767333352763914e-06
puma_0609501,CA,7.397207302491478e-06
puma_0609502,CA,7.850762586757951e-06
puma_0609503,CA,7.82906873882387e-06
puma_0609701,CA,7.595709731386604e-06
puma_0609702,CA,7.6774247672204e-06
puma_0609703,CA,7.78600367516057e-06
puma_0609901,CA,8.074752381741749e-06
puma_0609902,CA,8.070228833711393e-06
puma_0609903,CA,7.997031911133458e-06
puma_0609904,CA,8.070228833711393e-06
puma_0610100,CA,7.877373969545685e-06
puma_0610701,CA,7.926401322906944e-06
puma_0610702,CA,8.03956822102468e-06
puma_0610703,CA,7.933583433624404e-06
puma_0611101,CA,8.398263258123002e-06
puma_0611102,CA,8.401709128269481e-06
puma_0611103,CA,8.328038653563549e-06
puma_0611104,CA,8.239488287725635e-06
puma_0611105,CA,8.278559594108322e-06
puma_0611106,CA,8.259645661509916e-06
puma_0611300,CA,7.820130785219446e-06
puma_0800100,CO,4.6434201952057875e-06
puma_0800102,CO,4.506824172083571e-06
puma_0800103,CO,4.684664831677011e-06
puma_0800200,CO,4.180766977110683e-06
puma_0800300,CO,4.883496964085597e-06
puma_0800400,CO,3.717322878110119e-06
puma_0800600,CO,4.354981413849537e-06
puma_0800700,CO,5.002382895781919e-06
puma_0800800,CO,4.445591029347911e-06
puma_0800801,CO,4.148296991059888e-06
puma_0800802,CO,4.577662848419017e-06
puma_0800803,CO,4.942873708155525e-06
puma_0800804,CO,4.921425670094705e-06
puma_0800805,CO,4.955973053673041e-06
puma_0800806,CO,4.944943508676293e-06
puma_0800807,CO,4.7916587133223145e-06
puma_0800808,CO,4.753403741395723e-06
puma_0800809,CO,4.76362055371105e-06
puma_0800810,CO,4.7423426140026445e-06
puma_0800811,CO,4.73735446214589e-06
puma_0800812,CO,4.796219845031647e-06
puma_0800813,CO,4.949604226685594e-06
puma_0800814,CO,4.944264849182406e-06
puma_0800815,CO,4.7713060949406985e-06
puma_0800816,CO,4.885487001868429e-06
puma_0800817,CO,4.7548748689910445e-06
puma_0800818,CO,4.77639827216959e-06
puma_0800819,CO,4.802743138189794e-06
puma_0800820,CO,4.7781799386420824e-06
puma_0800821,CO,4.748238276856747e-06
puma_0800822,CO,4.664221295921721e-06
puma_0800823,CO,4.669728851737024e-06
puma_0800824,CO,4.7618734436311255e-06
puma_0800900,CO,4.230166743272126e-06
puma_0801001,CO,4.941517817278773e-06
puma_0801002,CO,4.592421301884236e-06
puma_0804101,CO,4.346401704067498e-06
puma_0804102,CO,3.915287010647307e-06
puma_0804103,CO,4.6386856788117685e-06
puma_0804104,CO,4.652272595286127e-06
puma_0804105,CO,4.652272595286127e-06
puma_0804106,CO,4.5202035734893e-06
puma_0900100,CT,6.276570536657034e-06
puma_0900101,CT,6.471899210717681e-06
puma_0900102,CT,6.529566849521573e-06
puma_0900103,CT,6.558037384648854e-06
puma_0900104,CT,6.465219511378303e-06
puma_0900105,CT,6.4596652104727096e-06
puma_0900300,CT,6.291259627890626e-06
puma_0900301,CT,6.374355594136101e-06
puma_0900302,CT,6.374355594136101e-06
puma_0900303,CT,6.269951359636961e-06
puma_0900304,CT,6.209027899667459e-06
puma_0900305,CT,6.393582975849646e-06
puma_0900306,CT,6.378156242863334e-06
puma_0900500,CT,5.908456010142312e-06
puma_0900700,CT,6.4869619032722045e-06
puma_0900900,CT,6.255364000535922e-06
puma_0900901,CT,6.003544621936393e-06
puma_0900902,CT,6.344770030783632e-06
puma_0900903,CT,6.455446210755798e-06
puma_0900904,CT,6.566028594970583e-06
puma_0900905,CT,6.568133041645199e-06
puma_0900906,CT,6.553389765092808e-06
puma_0901100,CT,6.347549237184263e-06
puma_0901101,CT,6.470159927464522e-06
puma_0901300,CT,6.131428628139046e-06
puma_0901500,CT,6.059991357056732e-06
puma_1000101,DE,4.516539384380666e-06
puma_1000102,DE,4.5453411430139745e-06
puma_1000103,DE,4.574610116950773e-06
puma_1000104,DE,4.510051986050803e-06
puma_1000200,DE,4.716524894791445e-06
puma_1000300,DE,4.719469185097155e-06
puma_1100101,DC,7.87648232481559e-06
puma_1100102,DC,7.983873985164547e-06
puma_1100103,DC,8.014009119211362e-06
puma_1100104,DC,8.02274526063938e-06
puma_1100105,DC,8.045060426888755e-06
puma_1200101,FL,6.3460115916941995e-06
puma_1200102,FL,6.31635842014118e-06
puma_1200500,FL,6.239420359459714e-06
puma_1200901,FL,6.714678274550832e-06
puma_1200902,FL,6.706101640017069e-06
puma_1200903,FL,6.72240357686899e-06
puma_1200904,FL,6.724476891493526e-06
puma_1201101,FL,6.955875428305425e-06
puma_1201102,FL,6.955510669598493e-06
puma_1201103,FL,6.965707453918637e-06
puma_1201104,FL,6.9610652519873825e-06
puma_1201105,FL,6.966901617854433e-06
puma_1201106,FL,6.957484419311676e-06
puma_1201107,FL,6.9624710116630335e-06
puma_1201108,FL,6.977955478257143e-06
puma_1201109,FL,6.981014938772073e-06
puma_1201110,FL,6.9702855828505824e-06
puma_1201111,FL,6.972108466446049e-06
puma_1201112,FL,6.983907701074605e-06
puma_1201113,FL,6.976065895317186e-06
puma_1201114,FL,6.972501495354619e-06
puma_1201500,FL,6.841411273881753e-06
puma_1201701,FL,6.508271238381606e-06
puma_1201900,FL,6.3261944918064975e-06
puma_1202101,FL,6.911157014547438e-06
puma_1202102,FL,6.904895965732054e-06
puma_1202103,FL,6.852290716821631e-06
puma_1202300,FL,6.298129708537442e-06
puma_1202700,FL,6.721685735234718e-06
puma_1203101,FL,6.27698173613701e-06
puma_1203102,FL,6.3486732540353e-06
puma_1203103,FL,6.364032437648464e-06
puma_1203104,FL,6.416293195502196e-06
puma_1203105,FL,6.4044562407197645e-06
puma_1203106,FL,6.4219685972947615e-06
puma_1203107,FL,6.384292285715512e-06
puma_1203301,FL,6.148551433913158e-06
puma_1203302,FL,6.164534167493815e-06
puma_1203500,FL,6.475377077375876e-06
puma_1205301,FL,6.572060035787141e-06
puma_1205701,FL,6.745095463108028e-06
puma_1205702,FL,6.745095463108028e-06
puma_1205703,FL,6.739654355406045e-06
puma_1205704,FL,6.745095463108028e-06
puma_1205705,FL,6.741044434406742e-06
puma_1205706,FL,6.727957820163073e-06
puma_1205707,FL,6.728266648089204e-06
puma_1205708,FL,6.724221941339442e-06
puma_1206100,FL,6.790145749773853e-06
puma_1206300,FL,6.142325326008491e-06
puma_1206901,FL,6.517872262054245e-06
puma_1206902,FL,6.605927902578922e-06
puma_1206903,FL,6.637577828463209e-06
puma_1207101,FL,6.896428022272012e-06
puma_1207102,FL,6.89564410422161e-06
puma_1207103,FL,6.874121539654945e-06
puma_1207104,FL,6.896092276976392e-06
puma_1207105,FL,6.881160767744477e-06
puma_1207300,FL,6.149481647152887e-06
puma_1207301,FL,6.1486603872391476e-06
puma_1208101,FL,6.76233219664888e-06
puma_1208102,FL,6.7792266680554315e-06
puma_1208103,FL,6.777021167125129e-06
puma_1208301,FL,6.524874837751317e-06
puma_1208302,FL,6.5860689363224116e-06
puma_1208303,FL,6.57874706051477e-06
puma_1208500,FL,6.869352976413402e-06
puma_1208601,FL,6.9896863581588975e-06
puma_1208602,FL,6.980316793846657e-06
puma_1208603,FL,6.966510238447012e-06
puma_1208604,FL,6.971007148118239e-06
puma_1208605,FL,6.966510238447012e-06
puma_1208606,FL,6.981767034405867e-06
puma_1208607,FL,6.9896863581588975e-06
puma_1208608,FL,6.982465891121787e-06
puma_1208609,FL,6.975151247250766e-06
puma_1208610,FL,6.979744690617625e-06
puma_1208611,FL,6.981785372828123e-06
puma_1208612,FL,6.985547268358533e-06
puma_1208613,FL,6.980248608233712e-06
puma_1208614,FL,7.002636948274376e-06
puma_1208615,FL,6.988229096692552e-06
puma_1208616,FL,7.000569298636867e-06
puma_1208617,FL,6.9948824256025155e-06
puma_1208618,FL,6.970887023307712e-06
puma_1208619,FL,6.954486128485307e-06
puma_1208620,FL,6.979481402523272e-06
puma_1208621,FL,6.944703572859061e-06
puma_1208622,FL,6.917940771171915e-06
puma_1208623,FL,6.930215428178548e-06
puma_1208624,FL,6.929078421416141e-06
puma_1208700,FL,7.015301331372416e-06
puma_1208900,FL,6.281534579402271e-06
puma_1209100,FL,6.097460921991957e-06
puma_1209300,FL,6.783540965690618e-06
puma_1209501,FL,6.572011355491967e-06
puma_1209502,FL,6.704164989514883e-06
puma_1209503,FL,6.6926363162122064e-06
puma_1209504,FL,6.734582392502778e-06
puma_1209505,FL,6.750484936331495e-06
puma_1209506,FL,6.750484936331495e-06
puma_1209507,FL,6.750484936331495e-06
puma_1209508,FL,6.750484936331495e-06
puma_1209509,FL,6.722243956879083e-06
puma_1209510,FL,6.741599005115636e-06
puma_1209701,FL,6.677532431314873e-06
puma_1209702,FL,6.6950562201521005e-06
puma_1209901,FL,6.892935174343825e-06
puma_1209902,FL,6.884780413376846e-06
puma_1209903,FL,6.931007124838421e-06
puma_1209904,FL,6.931007124838421e-06
puma_1209905,FL,6.931919845336119e-06
puma_1209906,FL,6.941651750897014e-06
puma_1209907,FL,6.945303752955735e-06
puma_1209908,FL,6.961582635263533e-06
puma_1209909,FL,6.954746859713404e-06
puma_1209910,FL,6.9387901597614665e-06
puma_1209911,FL,6.875148787866051e-06
puma_1210101,FL,6.710828645021996e-06
puma_1210102,FL,6.62651953120469e-06
puma_1210103,FL,6.681782510279804e-06
puma_1210104,FL,6.727861789758509e-06
puma_1210301,FL,6.69092552830158e-06
puma_1210302,FL,6.750178589732393e-06
puma_1210303,FL,6.790185095153456e-06
puma_1210304,FL,6.790185095153456e-06
puma_1210305,FL,6.791951101715518e-06
puma_1210306,FL,6.795064334275962e-06
puma_1210307,FL,6.8155215953016436e-06
puma_1210308,FL,6.818647755555725e-06
puma_1210501,FL,6.7495817567816725e-06
puma_1210502,FL,6.734056986425642e-06
puma_1210503,FL,6.772487936796866e-06
puma_1210504,FL,6.76162976408398e-06
puma_1210700,FL,6.487792267338151e-06
puma_1210900,FL,6.463348874628196e-06
puma_1211101,FL,6.803399516771771e-06
puma_1211102,FL,6.847852858966472e-06
puma_1211300,FL,6.192958797907614e-06
puma_1211501,FL,6.781620173469223e-06
puma_1211502,FL,6.779719399582617e-06
puma_1211503,FL,6.800898723875554e-06
puma_1211701,FL,6.673737258885944e-06
puma_1211702,FL,6.6998760391047145e-06
puma_1211703,FL,6.738867742143082e-06
puma_1211704,FL,6.714679560020726e-06
puma_1212100,FL,6.241325340401372e-06
puma_1212701,FL,6.540229210780436e-06
puma_1212702,FL,6.570956053025073e-06
puma_1212703,FL,6.61481142731355e-06
puma_1212704,FL,6.6399034166804295e-06
puma_1300100,GA,7.554594833757317e-06
puma_1300200,GA,7.476308611171683e-06
puma_1300300,GA,7.227448249372167e-06
puma_1300401,GA,7.359058489840348e-06
puma_1300402,GA,7.359863296113857e-06
puma_1300500,GA,7.347907968888744e-06
puma_1300600,GA,7.459075436376222e-06
puma_1300700,GA,7.288311640942926e-06
puma_1300800,GA,7.413778639641055e-06
puma_1300900,GA,7.270644109282109e-06
puma_1301001,GA,6.653025623455786e-06
puma_1301002,GA,6.336138124709984e-06
puma_1301003,GA,6.7705509394388436e-06
puma_1301004,GA,6.7738499655410145e-06
puma_1301005,GA,6.337715672283353e-06
puma_1301006,GA,6.7026015597695085e-06
puma_1301007,GA,6.7321287639391755e-06
puma_1301008,GA,6.6877269726425765e-06
puma_1301100,GA,7.319505877414005e-06
puma_1301200,GA,7.2523227185374225e-06
puma_1301300,GA,7.0943804130560145e-06
puma_1301400,GA,7.014227703435787e-06
puma_1301500,GA,7.016787308662052e-06
puma_1301600,GA,6.90117057781344e-06
puma_1301700,GA,7.1025999800286855e-06
puma_1301800,GA,7.002282260119294e-06
puma_1301900,GA,6.776304425568758e-06
puma_1302001,GA,6.690951511327298e-06
puma_1302002,GA,6.6927391687601054e-06
puma_1302003,GA,6.6927391687601054e-06
puma_1302004,GA,6.6927391687601054e-06
puma_1302100,GA,6.6769408736083525e-06
puma_1302200,GA,6.8086163420299135e-06
puma_1302300,GA,6.487564141724135e-06
puma_1302400,GA,6.68321287666976e-06
puma_1302500,GA,6.531651499174003e-06
puma_1302600,GA,6.371480661347493e-06
puma_1302700,GA,6.4896299534891795e-06
puma_1302800,GA,6.390003295911711e-06
puma_1302900,GA,6.563564167291136e-06
puma_1303001,GA,6.566178276048772e-06
puma_1303002,GA,6.503783001705317e-06
puma_1303003,GA,6.5404051537510155e-06
puma_1303004,GA,6.634668097501249e-06
puma_1303005,GA,6.386132385765437e-06
puma_1303101,GA,6.3336804169282915e-06
puma_1303102,GA,6.386555307491853e-06
puma_1303200,GA,6.090678200860281e-06
puma_1303300,GA,6.363802196430057e-06
puma_1303400,GA,6.540933842701893e-06
puma_1303500,GA,6.471069787845177e-06
puma_1303600,GA,6.757412642895943e-06
puma_1303700,GA,6.567984742971822e-06
puma_1303800,GA,6.59214142939101e-06
puma_1303900,GA,6.649708038737715e-06
puma_1304000,GA,7.105444450025308e-06
puma_1304001,GA,6.652158464852684e-06
puma_1304002,GA,6.437849010186847e-06
puma_1304003,GA,6.572188688205e-06
puma_1304004,GA,6.525889864087266e-06
puma_1304005,GA,6.673928730757266e-06
puma_1304006,GA,6.6927391687601054e-06
puma_1304100,GA,7.0202554909619665e-06
puma_1304200,GA,6.853924854339738e-06
puma_1304300,GA,6.683009818934602e-06
puma_1304400,GA,6.588100888284277e-06
puma_1304500,GA,6.494213354453699e-06
puma_1304600,GA,6.745611449348078e-06
puma_1305001,GA,6.627678841498631e-06
puma_1305002,GA,6.688326174172143e-06
puma_1306001,GA,6.692869609323411e-06
puma_1306002,GA,6.636335405862288e-06
puma_1600100,ID,4.143910699301328e-06
puma_1600200,ID,4.283619842808277e-06
puma_1600300,ID,4.1304763963273274e-06
puma_1600400,ID,4.476118871648185e-06
puma_1600500,ID,4.592562233335952e-06
puma_1600600,ID,4.559370515299173e-06
puma_1600701,ID,4.59788082987402e-06
puma_1600702,ID,4.560349469376475e-06
puma_1600800,ID,4.610908562730825e-06
puma_1600900,ID,4.360922166263508e-06
puma_1601000,ID,4.1789452072700605e-06
puma_1601100,ID,3.847592405365113e-06
puma_1601200,ID,3.978545723086426e-06
puma_1601300,ID,4.119537425971273e-06
puma_1700104,IL,5.3484275706735625e-06
puma_1700105,IL,5.5947686288274465e-06
puma_1700202,IL,5.629034551559169e-06
puma_1700300,IL,5.848240710303685e-06
puma_1700401,IL,5.923174778862017e-06
puma_1700501,IL,6.053775289207648e-06
puma_1700600,IL,5.918689389898052e-06
puma_1700700,IL,6.067828379647179e-06
puma_1700800,IL,6.337721551736287e-06
puma_1700900,IL,6.226254464839719e-06
puma_1701001,IL,6.143062772675296e-06
puma_1701104,IL,6.30251637433391e-06
puma_1701105,IL,6.248901019393052e-06
puma_1701204,IL,6.180336643144144e-06
puma_1701205,IL,6.2841314483331874e-06
puma_1701300,IL,5.879606673772723e-06
puma_1701500,IL,5.931862371094445e-06
puma_1701602,IL,5.786151411250132e-06
puma_1701701,IL,5.723528898500709e-06
puma_1701900,IL,5.69999224860611e-06
puma_1702000,IL,5.598577518559155e-06
puma_1702100,IL,5.7060450237204376e-06
puma_1702200,IL,5.715083872769817e-06
puma_1702300,IL,5.605406379999158e-06
puma_1702400,IL,5.489668839294231e-06
puma_1702501,IL,5.5724543957779755e-06
puma_1702601,IL,5.320839477692294e-06
puma_1702700,IL,5.318274516149826e-06
puma_1702801,IL,5.414429647950217e-06
puma_1702901,IL,5.295691360770594e-06
puma_1703005,IL,5.532214071365198e-06
puma_1703007,IL,5.505834458454098e-06
puma_1703008,IL,5.371878914334068e-06
puma_1703009,IL,5.363187993118751e-06
puma_1703102,IL,5.587115757498043e-06
puma_1703105,IL,5.568551708571735e-06
puma_1703106,IL,5.526282561445537e-06
puma_1703107,IL,5.547380865520618e-06
puma_1703108,IL,5.550287257324883e-06
puma_1703202,IL,5.405905960586083e-06
puma_1703203,IL,5.405905960586083e-06
puma_1703204,IL,5.405905960586083e-06
puma_1703205,IL,5.446363813754674e-06
puma_1703207,IL,5.463939042891157e-06
puma_1703208,IL,5.413609167050386e-06
puma_1703209,IL,5.498119674454702e-06
puma_1703306,IL,5.339654363987991e-06
puma_1703307,IL,5.337644580602892e-06
puma_1703308,IL,5.285887481721663e-06
puma_1703309,IL,5.34923170311688e-06
puma_1703310,IL,5.44261347857739e-06
puma_1703401,IL,5.35365285636493e-06
puma_1703407,IL,5.594145220762115e-06
puma_1703408,IL,5.657026754567081e-06
puma_1703409,IL,5.653353699028511e-06
puma_1703410,IL,5.588749991068432e-06
puma_1703411,IL,5.6777267904450555e-06
puma_1703412,IL,5.529287203447636e-06
puma_1703413,IL,5.591753812507183e-06
puma_1703414,IL,5.51801124482716e-06
puma_1703415,IL,5.4841427535401556e-06
puma_1703416,IL,5.5075410962417925e-06
puma_1703417,IL,5.300162346666219e-06
puma_1703418,IL,5.329314231900891e-06
puma_1703419,IL,5.507267333545503e-06
puma_1703420,IL,5.566472097716176e-06
puma_1703421,IL,5.518074718494113e-06
puma_1703422,IL,5.5306573821408066e-06
puma_1703501,IL,5.71743580898755e-06
puma_1703502,IL,5.743255941018322e-06
puma_1703503,IL,5.687998504974792e-06
puma_1703504,IL,5.675377456260608e-06
puma_1703520,IL,5.581340375125455e-06
puma_1703521,IL,5.652282828232265e-06
puma_1703522,IL,5.727471403100737e-06
puma_1703523,IL,5.676958670002254e-06
puma_1703524,IL,5.743255941018322e-06
puma_1703525,IL,5.743255941018322e-06
puma_1703526,IL,5.725262769037452e-06
puma_1703527,IL,5.657026754567081e-06
puma_1703528,IL,5.767279416148636e-06
puma_1703529,IL,5.8177995319264e-06
puma_1703530,IL,5.737051275458301e-06
puma_1703531,IL,5.833173993836539e-06
puma_1703532,IL,5.833173993836539e-06
puma_1703601,IL,5.304413433983892e-06
puma_1703602,IL,5.270899960723393e-06
puma_1703700,IL,5.485248417058528e-06
puma_1800101,IN,4.502725355364319e-06
puma_1800102,IN,4.395226461596912e-06
puma_1800103,IN,4.392838723245054e-06
puma_1800104,IN,4.376915988789489e-06
puma_1800200,IN,4.412534390253771e-06
puma_1800300,IN,4.409277442723754e-06
puma_1800401,IN,4.389549364816136e-06
puma_1800402,IN,4.371279058513669e-06
puma_1800500,IN,4.4145061638029485e-06
puma_1800600,IN,4.333359184816338e-06
puma_1800700,IN,4.428306686164772e-06
puma_1800800,IN,4.387938786198409e-06
puma_1800900,IN,4.422389408438457e-06
puma_1801001,IN,4.459524097577697e-06
puma_1801002,IN,4.439297827611683e-06
puma_1801003,IN,4.4260615564179936e-06
puma_1801100,IN,4.4845672666013645e-06
puma_1801200,IN,4.599737211761225e-06
puma_1801300,IN,4.434902745160291e-06
puma_1801400,IN,4.453203996024295e-06
puma_1801500,IN,4.476719165973812e-06
puma_1801600,IN,4.664878416833131e-06
puma_1801700,IN,4.760374787934029e-06
puma_1801801,IN,4.566177617797852e-06
puma_1801802,IN,4.568332463380173e-06
puma_1801803,IN,4.5447194709728635e-06
puma_1801900,IN,4.581693679858518e-06
puma_1802000,IN,4.563712353587748e-06
puma_1802100,IN,4.580018969799317e-06
puma_1802200,IN,4.668230255949079e-06
puma_1802301,IN,4.708587717332592e-06
puma_1802302,IN,4.60567352766614e-06
puma_1802303,IN,4.539489571101387e-06
puma_1802304,IN,4.713183675649616e-06
puma_1802305,IN,4.587312688715382e-06
puma_1802306,IN,4.562638679282032e-06
puma_1802307,IN,4.615722143879779e-06
puma_1802400,IN,4.603001078987275e-06
puma_1802500,IN,4.601142342982108e-06
puma_1802600,IN,4.560021746031571e-06
puma_1802700,IN,4.803575950633861e-06
puma_1802800,IN,4.739639724466375e-06
puma_1802900,IN,4.745891972214036e-06
puma_1803000,IN,4.860334646915279e-06
puma_1803100,IN,4.696547893126329e-06
puma_1803200,IN,5.0207409722130695e-06
puma_1803300,IN,5.220190446615166e-06
puma_1803400,IN,4.969403755019e-06
puma_1803500,IN,5.06948253676196e-06
puma_1803600,IN,5.0734621928309155e-06
puma_1900100,IA,3.4430166903234485e-06
puma_1900200,IA,3.395924401988133e-06
puma_1900400,IA,3.481391907412502e-06
puma_1900500,IA,3.5687039479680353e-06
puma_1900600,IA,3.493418894639876e-06
puma_1900700,IA,3.5636430972318935e-06
puma_1900800,IA,3.728142133072311e-06
puma_1900900,IA,3.817264308161246e-06
puma_1901000,IA,3.703816166746545e-06
puma_1901100,IA,3.742882969452338e-06
puma_1901200,IA,3.575347473050548e-06
puma_1901300,IA,3.6063499098775064e-06
puma_1901400,IA,3.676823279686852e-06
puma_1901500,IA,3.7494984208955714e-06
puma_1901600,IA,3.701201505141953e-06
puma_1901700,IA,3.753219128502299e-06
puma_1901800,IA,3.7059477923081846e-06
puma_1901900,IA,3.5452488286662317e-06
puma_1902000,IA,3.5873822019774827e-06
puma_1902100,IA,3.740635665463692e-06
puma_1902200,IA,3.7560779137839626e-06
puma_1902300,IA,3.911078171020264e-06
puma_2000100,KS,5.464049570474728e-06
puma_2000200,KS,5.634571531637791e-06
puma_2000300,KS,5.618543283940488e-06
puma_2000400,KS,5.630974419006929e-06
puma_2000500,KS,5.798062401925429e-06
puma_2000601,KS,5.673740047076654e-06
puma_2000602,KS,5.772862495226583e-06
puma_2000603,KS,5.7075141900064595e-06
puma_2000604,KS,5.744961998684505e-06
puma_2000700,KS,5.633882510424034e-06
puma_2000801,KS,5.699046548971786e-06
puma_2000802,KS,5.622387107346782e-06
puma_2000900,KS,5.750276522706934e-06
puma_2001000,KS,5.710981499011035e-06
puma_2001100,KS,5.849551131039329e-06
puma_2001200,KS,5.7138337966829445e-06
puma_2001301,KS,5.867292843498709e-06
puma_2001302,KS,5.88168661287844e-06
puma_2001303,KS,5.915402103826852e-06
puma_2001304,KS,5.896025000967173e-06
puma_2001400,KS,5.7503695216917565e-06
puma_2001500,KS,5.987308782861008e-06
puma_2100100,KY,6.493362048729038e-06
puma_2100200,KY,6.457089340042092e-06
puma_2100300,KY,6.424037100791197e-06
puma_2100400,KY,6.430266655658388e-06
puma_2100500,KY,6.44370845613708e-06
puma_2100600,KY,6.254147435383972e-06
puma_2100700,KY,6.222493652653658e-06
puma_2100800,KY,6.2343381241713475e-06
puma_2100900,KY,6.228276101741661e-06
puma_2101000,KY,6.179964956896273e-06
puma_2101100,KY,6.098230363196568e-06
puma_2101200,KY,6.260488432038417e-06
puma_2101300,KY,6.141070798370862e-06
puma_2101400,KY,6.320561204546849e-06
puma_2101500,KY,6.510440402034729e-06
puma_2101600,KY,6.175169236174051e-06
puma_2101701,KY,6.422527996183906e-06
puma_2101702,KY,6.364715727346724e-06
puma_2101703,KY,6.22862794827233e-06
puma_2101704,KY,6.2863147181252504e-06
puma_2101705,KY,6.267190544417971e-06
puma_2101706,KY,6.422527996183906e-06
puma_2101800,KY,6.026695159672019e-06
puma_2101901,KY,6.169000680272479e-06
puma_2101902,KY,6.1675909130899045e-06
puma_2102000,KY,6.104893991947232e-06
puma_2102100,KY,6.177469561102034e-06
puma_2102200,KY,6.158654590777434e-06
puma_2102300,KY,6.072671403408827e-06
puma_2102400,KY,5.998401126224514e-06
puma_2102500,KY,5.989719009433613e-06
puma_2102600,KY,6.041147503381537e-06
puma_2102700,KY,6.016412794943088e-06
puma_2102800,KY,5.937998645056205e-06
puma_2200100,LA,7.418840203570317e-06
puma_2200101,LA,7.371866482852432e-06
puma_2200200,LA,7.3254895358011765e-06
puma_2200300,LA,7.3380649819433686e-06
puma_2200400,LA,7.36182004466254e-06
puma_2200500,LA,7.316752724733625e-06
puma_2200600,LA,7.5501677229592485e-06
puma_2200700,LA,7.587652257711602e-06
puma_2200800,LA,7.763849438999002e-06
puma_2200900,LA,7.901042790607776e-06
puma_2201000,LA,7.845936736243664e-06
puma_2201100,LA,7.863748252575569e-06
puma_2201200,LA,7.864956909373816e-06
puma_2201201,LA,7.919747123721937e-06
puma_2201300,LA,7.975541548043755e-06
puma_2201400,LA,7.765369772542688e-06
puma_2201500,LA,7.809133598953507e-06
puma_2201501,LA,7.851869249240672e-06
puma_2201502,LA,7.879903949621225e-06
puma_2201600,LA,7.89397781269301e-06
puma_2201700,LA,7.81271960956546e-06
puma_2201800,LA,7.705403078072342e-06
puma_2201900,LA,8.009955678349448e-06
puma_2202000,LA,8.002256364029867e-06
puma_2202100,LA,8.063961771201292e-06
puma_2202200,LA,7.759330382051794e-06
puma_2202201,LA,7.810899895722704e-06
puma_2202300,LA,8.104056421008525e-06
puma_2202301,LA,8.12821009243888e-06
puma_2202302,LA,8.104590924602096e-06
puma_2202400,LA,8.136431245683318e-06
puma_2202401,LA,8.145918045846985e-06
puma_2202402,LA,8.122004781293076e-06
puma_2202500,LA,8.07956667173664e-06
puma_2300100,ME,3.5562576650163907e-06
puma_2300200,ME,3.6890333323872274e-06
puma_2300300,ME,3.7731730187505897e-06
puma_2300400,ME,3.875083242526034e-06
puma_2300500,ME,3.899451244271337e-06
puma_2300600,ME,3.826734189541954e-06
puma_2300700,ME,3.945299366338346e-06
puma_2300800,ME,3.95925924173107e-06
puma_2300900,ME,3.971349064346588e-06
puma_2301000,ME,4.0174628033897875e-06
puma_2400100,MD,5.415179271467249e-06
puma_2400200,MD,5.6382528944322285e-06
puma_2400301,MD,5.736320318546578e-06
puma_2400302,MD,5.893922704620252e-06
puma_2400400,MD,5.722729072776404e-06
puma_2400501,MD,5.879395490719197e-06
puma_2400502,MD,5.87377817842692e-06
puma_2400503,MD,5.782352578747448e-06
puma_2400504,MD,5.807459474377305e-06
puma_2400505,MD,6.123895844058422e-06
puma_2400506,MD,6.196658067852805e-06
puma_2400507,MD,6.0095292760373666e-06
puma_2400601,MD,5.99870696132639e-06
puma_2400602,MD,5.966420656700491e-06
puma_2400700,MD,5.8334219903469255e-06
puma_2400801,MD,5.902093675228029e-06
puma_2400802,MD,6.06535272247547e-06
puma_2400803,MD,6.050569548907529e-06
puma_2400804,MD,6.25400332637741e-06
puma_2400805,MD,6.314358837747001e-06
puma_2400901,MD,5.8193743458578785e-06
puma_2400902,MD,5.882732486883847e-06
puma_2401001,MD,5.8092638805442744e-06
puma_2401002,MD,5.7783849036478044e-06
puma_2401003,MD,5.9251464230588465e-06
puma_2401004,MD,5.977349555641368e-06
puma_2401005,MD,5.943084678461264e-06
puma_2401006,MD,5.9089157167641695e-06
puma_2401007,MD,6.049058496547689e-06
puma_2401101,MD,6.030317152687477e-06
puma_2401102,MD,5.899245763037141e-06
puma_2401103,MD,6.063845032489309e-06
puma_2401104,MD,6.04095983608856e-06
puma_2401105,MD,5.845094971617727e-06
puma_2401106,MD,6.029064583330484e-06
puma_2401107,MD,6.084014316296728e-06
puma_2401201,MD,5.861716981564823e-06
puma_2401202,MD,5.95016638268701e-06
puma_2401203,MD,6.148942764295839e-06
puma_2401204,MD,6.211710387168016e-06
puma_2401300,MD,6.0753019566600555e-06
puma_2401400,MD,6.159654626378253e-06
puma_2401500,MD,6.14439006003324e-06
puma_2401600,MD,6.183175407236511e-06
puma_2500100,MA,5.425979087974826e-06
puma_2500200,MA,5.528175070281064e-06
puma_2500300,MA,5.649046242311354e-06
puma_2500301,MA,5.6891361462710945e-06
puma_2500302,MA,5.593412934912524e-06
puma_2500303,MA,5.7083655934692735e-06
puma_2500304,MA,5.699172173521752e-06
puma_2500400,MA,5.5569586714753015e-06
puma_2500501,MA,5.687676824557082e-06
puma_2500502,MA,5.683974520530844e-06
puma_2500503,MA,5.859719358157303e-06
puma_2500504,MA,5.7551797539934935e-06
puma_2500505,MA,5.901731173708376e-06
puma_2500506,MA,5.961101212795573e-06
puma_2500507,MA,6.033138151419821e-06
puma_2500508,MA,6.005934596934162e-06
puma_2500701,MA,5.823699633058992e-06
puma_2500702,MA,5.766556442520666e-06
puma_2500703,MA,5.769265062556182e-06
puma_2500704,MA,5.787710506451534e-06
puma_2501000,MA,5.807487941920793e-06
puma_2501300,MA,5.829362094730367e-06
puma_2501400,MA,5.782002073650208e-06
puma_2501600,MA,5.6193658896446905e-06
puma_2501900,MA,5.689207823944261e-06
puma_2501901,MA,5.708898920109455e-06
puma_2501902,MA,5.732137474671907e-06
puma_2502400,MA,5.829081901100301e-06
puma_2502800,MA,5.8166809083143055e-06
puma_2503301,MA,5.94821995218917e-06
puma_2503302,MA,6.068872901147517e-06
puma_2503303,MA,6.0171767068656395e-06
puma_2503304,MA,5.94821995218917e-06
puma_2503305,MA,5.932417342780326e-06
puma_2503306,MA,6.097431746201077e-06
puma_2503400,MA,5.934786796358245e-06
puma_2503500,MA,5.785404240429853e-06
puma_2503601,MA,5.880791101918583e-06
puma_2503602,MA,5.820407430819135e-06
puma_2503603,MA,5.961989883850026e-06
puma_2503900,MA,6.036417452584512e-06
puma_2504000,MA,5.810146140456665e-06
puma_2504200,MA,5.923861911226334e-06
puma_2504301,MA,6.01952108329733e-06
puma_2504302,MA,6.172147560743134e-06
puma_2504303,MA,5.904705089162573e-06
puma_2504500,MA,6.011441595108747e-06
puma_2504700,MA,6.004505988607839e-06
puma_2504800,MA,6.0581723426875855e-06
puma_2504901,MA,5.952454350674668e-06
puma_2504902,MA,5.986652008503003e-06
puma_2504903,MA,5.948046926985014e-06
puma_2600100,MI,4.879776784939199e-06
puma_2600200,MI,5.0106104820619686e-06
puma_2600300,MI,5.149283695048305e-06
puma_2600400,MI,5.227966052916934e-06
puma_2600500,MI,5.44436791500592e-06
puma_2600600,MI,5.496700068629176e-06
puma_2600700,MI,5.729287630661857e-06
puma_2600801,MI,5.803237087736351e-06
puma_2600802,MI,5.838832608821534e-06
puma_2600900,MI,5.691168671535034e-06
puma_2601001,MI,5.780700288642779e-06
puma_2601002,MI,5.797601328328634e-06
puma_2601003,MI,5.797601328328634e-06
puma_2601004,MI,5.7027395794250176e-06
puma_2601100,MI,5.4449094433479076e-06
puma_2601200,MI,5.452733637258352e-06
puma_2601300,MI,5.275864677801233e-06
puma_2601400,MI,5.574080059467098e-06
puma_2601500,MI,5.58878913476323e-06
puma_2601600,MI,5.456315841048452e-06
puma_2601701,MI,5.579781248686928e-06
puma_2601702,MI,5.586715055187555e-06
puma_2601703,MI,5.585413235924443e-06
puma_2601704,MI,5.587757036274342e-06
puma_2601801,MI,5.749872546788325e-06
puma_2601802,MI,5.7235823021558355e-06
puma_2601900,MI,5.6543045158627655e-06
puma_2602000,MI,5.69348678779411e-06
puma_2602101,MI,5.831444441804469e-06
puma_2602102,MI,5.827764432598334e-06
puma_2602200,MI,5.755085425076104e-06
puma_2602300,MI,5.695685433622042e-06
puma_2602400,MI,5.943142905485901e-06
puma_2602500,MI,5.705236997453759e-06
puma_2602600,MI,5.723739079695692e-06
puma_2602701,MI,5.713905380400119e-06
puma_2602702,MI,5.749439251940489e-06
puma_2602703,MI,5.738358521854512e-06
puma_2602800,MI,5.621929623323402e-06
puma_2602901,MI,5.588511956856917e-06
puma_2602902,MI,5.620608043999921e-06
puma_2602903,MI,5.625082945668636e-06
puma_2602904,MI,5.653063373245966e-06
puma_2602905,MI,5.658314423149623e-06
puma_2602906,MI,5.6440352087019145e-06
puma_2602907,MI,5.681771946134034e-06
puma_2602908,MI,5.833658517524771e-06
puma_2603001,MI,5.628086996040443e-06
puma_2603002,MI,5.672805778991461e-06
puma_2603003,MI,5.820594521555791e-06
puma_2603004,MI,5.728370421465619e-06
puma_2603005,MI,5.8473755655079795e-06
puma_2603006,MI,5.897486224423981e-06
puma_2603100,MI,5.6922239004100124e-06
puma_2603201,MI,5.721542948617859e-06
puma_2603202,MI,5.71275153849122e-06
puma_2603203,MI,5.904201655213553e-06
puma_2603204,MI,5.9168297882398855e-06
puma_2603205,MI,5.918199069949278e-06
puma_2603206,MI,5.919321961904045e-06
puma_2603207,MI,5.9024933390691555e-06
puma_2603208,MI,5.873433414506401e-06
puma_2603209,MI,5.884027744193167e-06
puma_2603210,MI,5.919226334555821e-06
puma_2603211,MI,5.882305648116388e-06
puma_2603212,MI,5.884456273536325e-06
puma_2603213,MI,5.8266778220028205e-06
puma_2603300,MI,5.8136111175676714e-06
puma_2700100,MN,2.8508442004342345e-06
puma_2700200,MN,2.8137091685189488e-06
puma_2700300,MN,2.8729735847368036e-06
puma_2700400,MN,2.741622062369351e-06
puma_2700500,MN,2.8230495955381356e-06
puma_2700600,MN,3.0096274275236053e-06
puma_2700700,MN,2.9214398950332034e-06
puma_2700800,MN,2.9647060505387006e-06
puma_2700900,MN,3.0451729901297194e-06
puma_2701000,MN,3.0660763708136368e-06
puma_2701101,MN,3.077196084173428e-06
puma_2701102,MN,3.1361093879932022e-06
puma_2701103,MN,3.1219548109492276e-06
puma_2701201,MN,3.1681746320799005e-06
puma_2701202,MN,3.1770011590055797e-06
puma_2701301,MN,3.259077047230034e-06
puma_2701302,MN,3.2385973385015266e-06
puma_2701303,MN,3.2215536903166685e-06
puma_2701304,MN,3.2053808327728796e-06
puma_2701401,MN,3.134595148597553e-06
puma_2701402,MN,3.169368396115954e-06
puma_2701403,MN,3.1772720816895127e-06
puma_2701404,MN,3.174096093643394e-06
puma_2701405,MN,3.2362078087977293e-06
puma_2701406,MN,3.236372770157386e-06
puma_2701407,MN,3.2416488628287146e-06
puma_2701408,MN,3.1808881682784517e-06
puma_2701409,MN,3.1930340627837713e-06
puma_2701410,MN,3.2075554133869343e-06
puma_2701501,MN,3.216088835593895e-06
puma_2701502,MN,3.16929295891341e-06
puma_2701503,MN,3.20137197700612e-06
puma_2701600,MN,3.1858622997092897e-06
puma_2701700,MN,3.1056097932390253e-06
puma_2701800,MN,3.067996150797284e-06
puma_2701900,MN,3.0647645212684677e-06
puma_2702000,MN,3.1140714199157376e-06
puma_2702100,MN,3.141156523042268e-06
puma_2702200,MN,3.1561383234702337e-06
puma_2702300,MN,3.1064623218023857e-06
puma_2702400,MN,3.106889891212385e-06
puma_2702500,MN,3.1423833964626186e-06
puma_2702600,MN,3.2053499474355067e-06
puma_2800100,MS,7.070470226006991e-06
puma_2800200,MS,6.793906285743577e-06
puma_2800300,MS,7.049483096820312e-06
puma_2800400,MS,7.056204211241883e-06
puma_2800500,MS,7.008830153790062e-06
puma_2800600,MS,7.23911898700322e-06
puma_2800700,MS,7.164695413883045e-06
puma_2800800,MS,7.256917432145993e-06
puma_2800900,MS,7.430157331706355e-06
puma_2801000,MS,7.601592490947904e-06
puma_2801100,MS,7.590105493126715e-06
puma_2801200,MS,7.578673681987631e-06
puma_2801300,MS,7.4907071464197264e-06
puma_2801400,MS,7.383501051352382e-06
puma_2801500,MS,7.405569445435902e-06
puma_2801600,MS,7.642481336149656e-06
puma_2801700,MS,7.5975423724845e-06
puma_2801800,MS,7.734690133757968e-06
puma_2801900,MS,7.811895625930914e-06
puma_2802000,MS,8.059158274890764e-06
puma_2802100,MS,7.958207376008027e-06
puma_2900100,MO,4.393001092838811e-06
puma_2900200,MO,4.503405769401538e-06
puma_2900300,MO,4.436085598840104e-06
puma_2900400,MO,4.609544683843222e-06
puma_2900500,MO,4.6979625688506925e-06
puma_2900600,MO,4.760188998527352e-06
puma_2900700,MO,4.611102650831151e-06
puma_2900800,MO,4.555875428927412e-06
puma_2900901,MO,4.568031731652376e-06
puma_2900902,MO,4.72388822990257e-06
puma_2900903,MO,4.69621188574152e-06
puma_2901001,MO,4.780555269911999e-06
puma_2901002,MO,4.640946596739334e-06
puma_2901003,MO,4.6377558850035066e-06
puma_2901004,MO,4.6562785183786246e-06
puma_2901005,MO,4.716695825354322e-06
puma_2901100,MO,4.656736944189265e-06
puma_2901200,MO,4.806654028648956e-06
puma_2901300,MO,4.750682221570383e-06
puma_2901400,MO,4.804801094357835e-06
puma_2901500,MO,4.7118338388689055e-06
puma_2901600,MO,4.783473246652761e-06
puma_2901701,MO,4.693786234360409e-06
puma_2901702,MO,4.6831861702298e-06
puma_2901703,MO,4.684399153236235e-06
puma_2901801,MO,4.850724659854641e-06
puma_2901802,MO,4.850573388492571e-06
puma_2901803,MO,4.8578145581773145e-06
puma_2901804,MO,4.774291901605851e-06
puma_2901805,MO,4.832855744865664e-06
puma_2901806,MO,4.749981667915293e-06
puma_2901807,MO,4.854754248567461e-06
puma_2901808,MO,4.807912246359576e-06
puma_2901901,MO,4.863137535671729e-06
puma_2901902,MO,4.8440370384107445e-06
puma_2902001,MO,4.736324577255757e-06
puma_2902002,MO,4.723542687829409e-06
puma_2902100,MO,4.743560964771774e-06
puma_2902200,MO,4.924914953822182e-06
puma_2902300,MO,5.0635164553566694e-06
puma_2902400,MO,4.888539411895982e-06
puma_2902500,MO,4.8015165167593005e-06
puma_2902601,MO,4.718390281200711e-06
puma_2902602,MO,4.834336985022032e-06
puma_2902603,MO,4.833629897580233e-06
puma_2902700,MO,4.882999042733387e-06
puma_2902800,MO,4.978009911896865e-06
puma_3000100,MT,4.080945109180774e-06
puma_3000200,MT,4.324056910015879e-06
puma_3000300,MT,4.053925274153485e-06
puma_3000400,MT,4.241525595146083e-06
puma_3000500,MT,4.15783552368782e-06
puma_3000600,MT,4.241276192396355e-06
puma_3000700,MT,4.502490244539654e-06
puma_3100100,NE,4.648470125188584e-06
puma_3100200,NE,4.637345114895588e-06
puma_3100300,NE,4.8058944117187585e-06
puma_3100400,NE,4.776868701414391e-06
puma_3100500,NE,4.80680973274695e-06
puma_3100600,NE,4.887007683935978e-06
puma_3100701,NE,4.774849997353821e-06
puma_3100702,NE,4.802547973017858e-06
puma_3100801,NE,4.877809496241823e-06
puma_3100802,NE,4.884066906503185e-06
puma_3100901,NE,4.749194042048247e-06
puma_3100902,NE,4.776384560424518e-06
puma_3100903,NE,4.79931748766622e-06
puma_3100904,NE,4.842486683814155e-06
puma_3200101,NV,5.3841016246688e-06
puma_3200102,NV,5.21742176371869e-06
puma_3200103,NV,5.364897212312191e-06
puma_3200200,NV,5.1572972548091665e-06
puma_3200300,NV,5.141968564293356e-06
puma_3200401,NV,6.894805998026352e-06
puma_3200402,NV,6.898989372751097e-06
puma_3200403,NV,6.9405727742880046e-06
puma_3200404,NV,6.931668427385379e-06
puma_3200405,NV,6.939561543420836e-06
puma_3200406,NV,6.924610024701441e-06
puma_3200407,NV,6.732882302807549e-06
puma_3200408,NV,6.727619253422169e-06
puma_3200409,NV,6.9748489477915975e-06
puma_3200410,NV,6.9632722396764885e-06
puma_3200411,NV,6.917026634917644e-06
puma_3200412,NV,6.828226147307359e-06
puma_3200413,NV,6.825221695835426e-06
puma_3300100,NH,3.421133956064254e-06
puma_3300200,NH,3.6161079559942517e-06
puma_3300300,NH,3.762139682510313e-06
puma_3300400,NH,3.698984863140105e-06
puma_3300500,NH,3.638792846859315e-06
puma_3300600,NH,3.7715100766042766e-06
puma_3300700,NH,3.844289460540535e-06
puma_3300800,NH,3.898763971680161e-06
puma_3300900,NH,3.836288503152789e-06
puma_3301000,NH,3.846564657460099e-06
puma_3400101,NJ,5.551314178090612e-06
puma_3400102,NJ,5.4018792414856475e-06
puma_3400301,NJ,5.380873506943161e-06
puma_3400302,NJ,5.388820165289877e-06
puma_3400303,NJ,5.449227975196821e-06
puma_3400304,NJ,5.357332537011499e-06
puma_3400305,NJ,4.663531335077634e-06
puma_3400306,NJ,5.079635161479752e-06
puma_3400307,NJ,5.380873506943161e-06
puma_3400308,NJ,4.7951013520986225e-06
puma_3400400,NJ,5.153160287710983e-06
puma_3400501,NJ,5.3011164291162995e-06
puma_3400502,NJ,5.1538878065679635e-06
puma_3400503,NJ,5.077190281383792e-06
puma_3400601,NJ,5.456240087687352e-06
puma_3400602,NJ,5.412864267583015e-06
puma_3400701,NJ,5.459359904473447e-06
puma_3400702,NJ,5.4776503583521165e-06
puma_3400703,NJ,5.418711983216483e-06
puma_3400800,NJ,5.075544879313502e-06
puma_3400901,NJ,5.288056042124856e-06
puma_3400902,NJ,5.262807733305542e-06
puma_3400903,NJ,5.336741618640386e-06
puma_3400904,NJ,5.3127755703111816e-06
puma_3400905,NJ,5.32538335012224e-06
puma_3400906,NJ,5.262430698211941e-06
puma_3400907,NJ,5.279774716350465e-06
puma_3401001,NJ,5.0769419239876e-06
puma_3401002,NJ,5.181004406738674e-06
puma_3401003,NJ,5.124089901077984e-06
puma_3401101,NJ,5.363954212462418e-06
puma_3401102,NJ,5.310558743105551e-06
puma_3401103,NJ,5.363954212462418e-06
puma_3401104,NJ,5.391599648033999e-06
puma_3401105,NJ,5.339865206983118e-06
puma_3401106,NJ,5.316838947483886e-06
puma_3401201,NJ,5.333372402876906e-06
puma_3401202,NJ,5.274064308217964e-06
puma_3401203,NJ,5.274064308217964e-06
puma_3401204,NJ,5.283174592712188e-06
puma_3401205,NJ,5.278016051418594e-06
puma_3401301,NJ,5.411156955371954e-06
puma_3401302,NJ,5.418277118916298e-06
puma_3401401,NJ,5.383735647655136e-06
puma_3401402,NJ,5.325227093959825e-06
puma_3401403,NJ,5.163456542170977e-06
puma_3401404,NJ,5.1281322016962606e-06
puma_3401501,NJ,5.0555906152004375e-06
puma_3401502,NJ,4.921003871376723e-06
puma_3401503,NJ,5.104749763530421e-06
puma_3401504,NJ,5.11366004142601e-06
puma_3401600,NJ,4.929181157680543e-06
puma_3401700,NJ,4.996960483581687e-06
puma_3401800,NJ,5.427067039737045e-06
puma_3401901,NJ,5.3130860195718694e-06
puma_3401902,NJ,5.225715631371608e-06
puma_3401903,NJ,5.326816658200048e-06
puma_3401904,NJ,5.297597839105075e-06
puma_3402001,NJ,5.373220190875142e-06
puma_3402002,NJ,5.411152300672207e-06
puma_3402003,NJ,5.40285164972047e-06
puma_3402101,NJ,5.7099286949928135e-06
puma_3402102,NJ,5.5244728344741645e-06
puma_3402103,NJ,5.324428155329937e-06
puma_3402104,NJ,5.474681099931077e-06
puma_3402201,NJ,5.382884987539881e-06
puma_3402202,NJ,5.3652361623569875e-06
puma_3402301,NJ,5.307972380126686e-06
puma_3402302,NJ,5.267678380934274e-06
puma_3402303,NJ,5.280395708915354e-06
puma_3402400,NJ,5.356332456109415e-06
puma_3402500,NJ,5.477426583631791e-06
puma_3402600,NJ,5.46826460489633e-06
puma_3500100,NM,5.589521054524091e-06
puma_3500200,NM,5.838114022413773e-06
puma_3500300,NM,5.4691411755336806e-06
puma_3500400,NM,6.349104603968214e-06
puma_3500500,NM,5.6765837206994275e-06
puma_3500600,NM,6.257748504638567e-06
puma_3500700,NM,6.189133149027812e-06
puma_3500801,NM,6.226369926823618e-06
puma_3500802,NM,6.317436411358245e-06
puma_3500803,NM,6.360145842566993e-06
puma_3500804,NM,6.402566343922631e-06
puma_3500805,NM,6.44142866545338e-06
puma_3500806,NM,6.3071462464137235e-06
puma_3500900,NM,6.5517386815882884e-06
puma_3501001,NM,7.095097860261713e-06
puma_3501002,NM,7.146998981077985e-06
puma_3501100,NM,6.704228746190857e-06
puma_3501200,NM,7.0336892444750005e-06
puma_3600100,NY,5.37244746475314e-06
puma_3600200,NY,5.374768357231215e-06
puma_3600300,NY,5.605807311396435e-06
puma_3600401,NY,5.528377446158672e-06
puma_3600402,NY,5.674718865943603e-06
puma_3600403,NY,5.593012384757866e-06
puma_3600500,NY,5.533201100396559e-06
puma_3600600,NY,5.766999124171283e-06
puma_3600701,NY,6.0130415459988485e-06
puma_3600702,NY,5.824586299918096e-06
puma_3600703,NY,5.988058475057435e-06
puma_3600704,NY,5.744054570127515e-06
puma_3600800,NY,5.964693527719669e-06
puma_3600901,NY,5.948344065283439e-06
puma_3600902,NY,5.948344065283439e-06
puma_3600903,NY,5.948344065283439e-06
puma_3600904,NY,5.948344065283439e-06
puma_3600905,NY,5.9618047544718206e-06
puma_3600906,NY,5.949257563749499e-06
puma_3601000,NY,5.992421040399491e-06
puma_3601101,NY,5.935995258982171e-06
puma_3601102,NY,6.001009028314105e-06
puma_3601201,NY,5.976468525813546e-06
puma_3601202,NY,5.968363758343383e-06
puma_3601203,NY,5.911546266416554e-06
puma_3601204,NY,5.960885453774969e-06
puma_3601205,NY,5.966360749397965e-06
puma_3601206,NY,5.9852142163266496e-06
puma_3601207,NY,5.769429465755245e-06
puma_3601300,NY,5.774570136132086e-06
puma_3601400,NY,5.92396919281627e-06
puma_3601500,NY,5.575175869193346e-06
puma_3601600,NY,5.585396602605848e-06
puma_3601700,NY,5.886877657989595e-06
puma_3601801,NY,5.930190066935827e-06
puma_3601802,NY,5.818434073116866e-06
puma_3601900,NY,5.946409292774094e-06
puma_3602001,NY,5.935567234016539e-06
puma_3602002,NY,5.913612140279831e-06
puma_3602100,NY,5.997046235902907e-06
puma_3602201,NY,5.78213114911435e-06
puma_3602202,NY,5.7614502408615246e-06
puma_3602203,NY,5.636096359297743e-06
puma_3602300,NY,5.710053939205118e-06
puma_3602401,NY,5.729616120509654e-06
puma_3602402,NY,5.682278671132482e-06
puma_3602500,NY,5.612083386989078e-06
puma_3602600,NY,5.9310323049438115e-06
puma_3602701,NY,5.7299696948106145e-06
puma_3602702,NY,5.923123160946147e-06
puma_3602801,NY,5.965248385056069e-06
puma_3602802,NY,6.179376619043604e-06
puma_3602901,NY,6.166254348361376e-06
puma_3602902,NY,6.21407958821703e-06
puma_3602903,NY,6.223969200994229e-06
puma_3603001,NY,5.439352886862777e-06
puma_3603002,NY,5.549738209765246e-06
puma_3603003,NY,5.867901394596057e-06
puma_3603101,NY,6.164829557571095e-06
puma_3603102,NY,6.236023586978265e-06
puma_3603103,NY,6.2950326856462164e-06
puma_3603104,NY,6.397025099597408e-06
puma_3603105,NY,6.52483206181334e-06
puma_3603106,NY,6.651311431897198e-06
puma_3603107,NY,6.728081666464339e-06
puma_3603201,NY,6.813077948698891e-06
puma_3603202,NY,6.736738936688027e-06
puma_3603203,NY,6.646369424069553e-06
puma_3603204,NY,6.799935732348223e-06
puma_3603205,NY,6.792365987615258e-06
puma_3603206,NY,6.704080950824355e-06
puma_3603207,NY,6.733757065560272e-06
puma_3603208,NY,6.630176279863979e-06
puma_3603209,NY,6.691118820237721e-06
puma_3603210,NY,6.558793347735591e-06
puma_3603211,NY,6.698554818356836e-06
puma_3603212,NY,6.6903920804193825e-06
puma_3603301,NY,6.579040665597165e-06
puma_3603302,NY,6.584398751961029e-06
puma_3603303,NY,6.56801825841363e-06
puma_3603304,NY,6.6722372277795675e-06
puma_3603305,NY,6.427607159184354e-06
puma_3603306,NY,6.488771294178292e-06
puma_3603307,NY,6.608514943205004e-06
puma_3603308,NY,6.576420553885645e-06
puma_3603309,NY,6.514188113769723e-06
puma_3603310,NY,6.5322147788905755e-06
puma_3603311,NY,6.545190099156523e-06
puma_3603312,NY,6.597091452807904e-06
puma_3603313,NY,6.597091452807904e-06
puma_3603701,NY,6.854835967882958e-06
puma_3603702,NY,6.854835967882958e-06
puma_3603703,NY,6.854835967882958e-06
puma_3603704,NY,6.854835967882958e-06
puma_3603705,NY,6.861019923700236e-06
puma_3603706,NY,6.854835967882958e-06
puma_3603707,NY,6.854835967882958e-06
puma_3603708,NY,6.873459982360613e-06
puma_3603709,NY,6.854835967882958e-06
puma_3603710,NY,6.8938507495534345e-06
puma_3603801,NY,6.856349553627424e-06
puma_3603802,NY,6.857491424567138e-06
puma_3603803,NY,6.857491424567138e-06
puma_3603804,NY,6.858124422151399e-06
puma_3603805,NY,6.857491424567138e-06
puma_3603806,NY,6.857491424567138e-06
puma_3603807,NY,6.857491424567138e-06
puma_3603808,NY,6.857491424567138e-06
puma_3603809,NY,6.857491424567138e-06
puma_3603810,NY,6.857491986634519e-06
puma_3603901,NY,6.782499599182995e-06
puma_3603902,NY,6.834807474260406e-06
puma_3603903,NY,6.817722390164015e-06
puma_3604001,NY,6.857491424567138e-06
puma_3604002,NY,6.88843802309912e-06
puma_3604003,NY,6.867579016415246e-06
puma_3604004,NY,6.870158478112904e-06
puma_3604005,NY,6.896735073957654e-06
puma_3604006,NY,6.899644313773381e-06
puma_3604007,NY,6.900409668522027e-06
puma_3604008,NY,6.888443890033842e-06
puma_3604009,NY,6.899644313773381e-06
puma_3604010,NY,6.899644313773381e-06
puma_3604011,NY,6.899644313773381e-06
puma_3604012,NY,6.899644313773381e-06
puma_3604013,NY,6.899644313773381e-06
puma_3604014,NY,6.899644313773381e-06
puma_3604015,NY,6.899644313773381e-06
puma_3604016,NY,6.899644313773381e-06
puma_3604017,NY,6.899644313773381e-06
puma_3604018,NY,6.899644313773381e-06
puma_3604101,NY,6.88679632701842e-06
puma_3604102,NY,6.9028609727602865e-06
puma_3604103,NY,6.893433261950008e-06
puma_3604104,NY,6.8456701499023006e-06
puma_3604105,NY,6.808113511839406e-06
puma_3604106,NY,6.852888826927272e-06
puma_3604107,NY,6.9028609727602865e-06
puma_3604108,NY,6.9028609727602865e-06
puma_3604109,NY,6.896233008213614e-06
puma_3604110,NY,6.9028609727602865e-06
puma_3604111,NY,6.8660648278042855e-06
puma_3604112,NY,6.809918287643634e-06
puma_3604113,NY,6.8125295452888115e-06
puma_3604114,NY,6.813085835791949e-06
puma_3700100,NC,6.688501424801639e-06
puma_3700200,NC,7.347931096761077e-06
puma_3700300,NC,7.638247005840663e-06
puma_3700400,NC,7.712924685243325e-06
puma_3700500,NC,7.717357963608461e-06
puma_3700600,NC,7.907646775130078e-06
puma_3700700,NC,8.16592745495549e-06
puma_3700800,NC,8.270476237855889e-06
puma_3700900,NC,7.995215690103094e-06
puma_3701000,NC,8.239754754592216e-06
puma_3701100,NC,7.98077355013092e-06
puma_3701201,NC,8.15792560697231e-06
puma_3701202,NC,8.048645723141298e-06
puma_3701203,NC,7.893445697878546e-06
puma_3701204,NC,8.039763877803085e-06
puma_3701205,NC,8.119949696545636e-06
puma_3701206,NC,8.038568806547571e-06
puma_3701207,NC,8.014508279189872e-06
puma_3701208,NC,7.967328594150711e-06
puma_3701301,NC,7.889283754114815e-06
puma_3701302,NC,7.796520273555215e-06
puma_3701400,NC,7.962357181963911e-06
puma_3701500,NC,7.988620624736587e-06
puma_3701600,NC,7.885187769302848e-06
puma_3701701,NC,7.893344726113483e-06
puma_3701702,NC,7.893344726113483e-06
puma_3701703,NC,7.85937819503467e-06
puma_3701704,NC,8.096226480113137e-06
puma_3701801,NC,7.913247642391033e-06
puma_3701802,NC,7.988127308063423e-06
puma_3701803,NC,7.795886759624718e-06
puma_3701900,NC,7.53053574461654e-06
puma_3702000,NC,7.77324144964978e-06
puma_3702100,NC,7.590341345121908e-06
puma_3702201,NC,7.467448708133342e-06
puma_3702202,NC,7.258285716867119e-06
puma_3702300,NC,7.2691977677012466e-06
puma_3702400,NC,7.476568566375386e-06
puma_3702500,NC,7.49718076694466e-06
puma_3702600,NC,7.840013310320973e-06
puma_3702700,NC,7.930402063534593e-06
puma_3702800,NC,7.861341232647466e-06
puma_3702900,NC,7.497044378953094e-06
puma_3703001,NC,8.04871132191494e-06
puma_3703002,NC,8.078280920501823e-06
puma_3703101,NC,8.074894247445847e-06
puma_3703102,NC,8.039377398858098e-06
puma_3703103,NC,8.062245827543685e-06
puma_3703104,NC,8.088142642917714e-06
puma_3703105,NC,8.039377398858098e-06
puma_3703106,NC,8.040502670838149e-06
puma_3703107,NC,8.102065576969424e-06
puma_3703108,NC,8.109787024278411e-06
puma_3703200,NC,8.043940816465638e-06
puma_3703300,NC,8.035143044683735e-06
puma_3703400,NC,7.886568934615494e-06
puma_3703500,NC,7.965986633849537e-06
puma_3703600,NC,8.022416313694671e-06
puma_3703700,NC,8.059863126959884e-06
puma_3703800,NC,8.171572901529617e-06
puma_3703900,NC,8.195096163448839e-06
puma_3704000,NC,8.337680164148612e-06
puma_3704100,NC,8.374429677872389e-06
puma_3704200,NC,8.280962827428834e-06
puma_3704300,NC,8.513870188925198e-06
puma_3704400,NC,8.55254897337698e-06
puma_3704500,NC,8.46932282325516e-06
puma_3704600,NC,8.555588276419835e-06
puma_3704700,NC,8.693981787090416e-06
puma_3704800,NC,8.67248479644372e-06
puma_3704900,NC,8.35561170327169e-06
puma_3705001,NC,8.274817257651021e-06
puma_3705002,NC,8.345041933733459e-06
puma_3705003,NC,8.447651021512494e-06
puma_3705100,NC,8.36824973094489e-06
puma_3705200,NC,8.194205955308073e-06
puma_3705300,NC,8.151858540639222e-06
puma_3705400,NC,8.171206246639166e-06
puma_3800100,ND,3.5472028898904416e-06
puma_3800200,ND,3.4763285061523185e-06
puma_3800300,ND,3.6035872086786117e-06
puma_3800400,ND,3.4453428760765264e-06
puma_3800500,ND,3.5715464199879644e-06
puma_3900100,OH,4.298432131128054e-06
puma_3900200,OH,4.3073993815238245e-06
puma_3900300,OH,4.361663289596236e-06
puma_3900400,OH,4.426422856741369e-06
puma_3900500,OH,4.4798727112458605e-06
puma_3900600,OH,4.414047116407279e-06
puma_3900700,OH,4.3958949989470205e-06
puma_3900801,OH,4.4540028976737875e-06
puma_3900802,OH,4.472105563537465e-06
puma_3900901,OH,4.488683312170249e-06
puma_3900902,OH,4.497032823290208e-06
puma_3900903,OH,4.512075225254609e-06
puma_3900904,OH,4.53431029641314e-06
puma_3900905,OH,4.533914619105657e-06
puma_3900906,OH,4.597329281612695e-06
puma_3900907,OH,4.597329281612695e-06
puma_3900908,OH,4.597329281612695e-06
puma_3900909,OH,4.571564286371429e-06
puma_3900910,OH,4.4771584028676546e-06
puma_3901000,OH,4.366141847113192e-06
puma_3901100,OH,4.4325316212689615e-06
puma_3901200,OH,4.228181427518979e-06
puma_3901300,OH,4.268155669635462e-06
puma_3901400,OH,4.235083662747554e-06
puma_3901500,OH,4.231849422036692e-06
puma_3901600,OH,4.32204398346731e-06
puma_3901700,OH,4.312477872453087e-06
puma_3901801,OH,4.525119007020272e-06
puma_3901802,OH,4.475640124463799e-06
puma_3901803,OH,4.4544464696046206e-06
puma_3901804,OH,4.517629873109325e-06
puma_3901805,OH,4.45236874026303e-06
puma_3901900,OH,4.347628422541483e-06
puma_3902000,OH,4.3737312468576854e-06
puma_3902100,OH,4.319969536224754e-06
puma_3902200,OH,4.307461767136216e-06
puma_3902300,OH,4.351345204551814e-06
puma_3902400,OH,4.420862017834178e-06
puma_3902500,OH,4.41535341728787e-06
puma_3902600,OH,4.440980578888109e-06
puma_3902700,OH,4.418217109067986e-06
puma_3902800,OH,4.306874968660937e-06
puma_3902900,OH,4.47293237073135e-06
puma_3903000,OH,4.399006396131309e-06
puma_3903100,OH,4.361478286788908e-06
puma_3903200,OH,4.359009038534266e-06
puma_3903300,OH,4.345091887488727e-06
puma_3903400,OH,4.350149855074437e-06
puma_3903500,OH,4.535460576601484e-06
puma_3903600,OH,4.611831722871841e-06
puma_3903700,OH,4.52262824668537e-06
puma_3903800,OH,4.4772613615036104e-06
puma_3903900,OH,4.617492665163509e-06
puma_3904000,OH,4.552675549311057e-06
puma_3904101,OH,4.6590634115654745e-06
puma_3904102,OH,4.619552228283515e-06
puma_3904103,OH,4.560075801278868e-06
puma_3904104,OH,4.552077641667915e-06
puma_3904105,OH,4.56023810213484e-06
puma_3904106,OH,4.641924225210352e-06
puma_3904107,OH,4.615525191334965e-06
puma_3904108,OH,4.632864796257892e-06
puma_3904109,OH,4.585175393731598e-06
puma_3904110,OH,4.56100647322295e-06
puma_3904111,OH,4.552077641667915e-06
puma_3904200,OH,4.536118528709073e-06
puma_3904300,OH,4.444731574109592e-06
puma_3904400,OH,4.5626456550826665e-06
puma_3904500,OH,4.403039873177189e-06
puma_3904601,OH,4.596455099302461e-06
puma_3904602,OH,4.578842440208951e-06
puma_3904603,OH,4.664485200031028e-06
puma_3904604,OH,4.642655811835159e-06
puma_3904700,OH,4.673431730021042e-06
puma_3904800,OH,4.624816926044398e-06
puma_3904900,OH,4.575029898229871e-06
puma_3905000,OH,4.681299740676227e-06
puma_3905100,OH,4.786537463845626e-06
puma_3905200,OH,4.574674156485228e-06
puma_3905301,OH,4.632592864725256e-06
puma_3905302,OH,4.6252989375950435e-06
puma_3905401,OH,4.653183982608725e-06
puma_3905402,OH,4.67247099351678e-06
puma_3905403,OH,4.645383586221526e-06
puma_3905501,OH,4.706456724672879e-06
puma_3905502,OH,4.676470280906517e-06
puma_3905503,OH,4.678780264370346e-06
puma_3905504,OH,4.744393493820285e-06
puma_3905505,OH,4.769193215104671e-06
puma_3905506,OH,4.7028025963002975e-06
puma_3905507,OH,4.704422282033425e-06
puma_3905600,OH,4.6691073449743855e-06
puma_3905700,OH,4.63856069457699e-06
puma_4000100,OK,5.606871735552068e-06
puma_4000200,OK,5.7701005802028585e-06
puma_4000300,OK,5.906022988709808e-06
puma_4000400,OK,5.669159727738256e-06
puma_4000500,OK,5.397835374189814e-06
puma_4000601,OK,5.875452330068515e-06
puma_4000602,OK,5.795834340028359e-06
puma_4000701,OK,5.94085275698972e-06
puma_4000702,OK,5.944432643282402e-06
puma_4000800,OK,5.712858387442018e-06
puma_4000900,OK,5.780155690917804e-06
puma_4001001,OK,5.811264922529246e-06
puma_4001002,OK,5.731800390904509e-06
puma_4001003,OK,5.678202897391348e-06
puma_4001004,OK,5.796496668979975e-06
puma_4001005,OK,5.844981128248347e-06
puma_4001006,OK,5.753103983733183e-06
puma_4001101,OK,5.78580236266313e-06
puma_4001102,OK,5.701762901941714e-06
puma_4001201,OK,5.717959714300643e-06
puma_4001202,OK,5.69922042957647e-06
puma_4001203,OK,5.7503508250450315e-06
puma_4001204,OK,5.680584084538131e-06
puma_4001301,OK,5.655139902510169e-06
puma_4001302,OK,5.783393080688616e-06
puma_4001400,OK,5.512908168155026e-06
puma_4001501,OK,5.718304355261182e-06
puma_4001601,OK,5.584170019593577e-06
puma_4100100,OR,5.476626547376545e-06
puma_4100200,OR,5.381605985176292e-06
puma_4100300,OR,5.2297973941951445e-06
puma_4100400,OR,5.020818792194657e-06
puma_4100500,OR,5.815477030553455e-06
puma_4100600,OR,5.939769427511229e-06
puma_4100703,OR,5.905751716951457e-06
puma_4100704,OR,5.929181771435135e-06
puma_4100705,OR,5.902004472735957e-06
puma_4100800,OR,6.029333482767816e-06
puma_4100901,OR,6.002519827931843e-06
puma_4100902,OR,5.860468561823568e-06
puma_4101000,OR,6.193424038956386e-06
puma_4101103,OR,5.977142820826029e-06
puma_4101104,OR,5.977142820826029e-06
puma_4101105,OR,5.948700093085414e-06
puma_4101200,OR,5.899786916813206e-06
puma_4101301,OR,6.150527691115622e-06
puma_4101302,OR,6.109063377603085e-06
puma_4101303,OR,6.147470929207643e-06
puma_4101305,OR,6.155656261960479e-06
puma_4101314,OR,6.1803120437045126e-06
puma_4101316,OR,6.0043505415342335e-06
puma_4101317,OR,5.97207487205803e-06
puma_4101318,OR,6.2443885316694956e-06
puma_4101319,OR,6.148289174307875e-06
puma_4101320,OR,6.073477528667202e-06
puma_4101321,OR,6.037550216859861e-06
puma_4101322,OR,6.015328543719922e-06
puma_4101323,OR,6.28255923658656e-06
puma_4101324,OR,6.205041305752705e-06
puma_4200101,PA,5.116382891292022e-06
puma_4200102,PA,5.069805250764704e-06
puma_4200200,PA,4.881928614351767e-06
puma_4200300,PA,4.754279311732254e-06
puma_4200400,PA,4.814658861781359e-06
puma_4200500,PA,4.746899004256868e-06
puma_4200600,PA,4.9149754318248024e-06
puma_4200701,PA,5.076184392189796e-06
puma_4200702,PA,4.924513629357365e-06
puma_4200801,PA,5.0340591196558104e-06
puma_4200802,PA,4.891543448170009e-06
puma_4200803,PA,4.9241989231210595e-06
puma_4200900,PA,5.203778828133313e-06
puma_4201000,PA,5.1177884901153616e-06
puma_4201100,PA,5.212384290770469e-06
puma_4201200,PA,5.048950418552001e-06
puma_4201300,PA,4.883086746522286e-06
puma_4201400,PA,4.987022881675083e-06
puma_4201501,PA,5.1552378743464595e-06
puma_4201502,PA,5.359811879574591e-06
puma_4201600,PA,5.078932327780264e-06
puma_4201701,PA,5.344526736703944e-06
puma_4201702,PA,5.344476713294327e-06
puma_4201801,PA,5.315108463507601e-06
puma_4201802,PA,5.27484130897654e-06
puma_4201803,PA,5.3442903025538905e-06
puma_4201804,PA,5.30925101420973e-06
puma_4201805,PA,5.3251764005818526e-06
puma_4201806,PA,5.344457452494117e-06
puma_4201807,PA,5.310046821980759e-06
puma_4201900,PA,5.084072810028306e-06
puma_4202001,PA,5.221514647311481e-06
puma_4202002,PA,5.25783505698501e-06
puma_4202003,PA,5.196147669668587e-06
puma_4202100,PA,5.111445257576961e-06
puma_4202200,PA,5.080804004421035e-06
puma_4202301,PA,5.363898474497302e-06
puma_4202302,PA,5.3881312182570615e-06
puma_4202401,PA,5.365254512557566e-06
puma_4202402,PA,5.363104659974565e-06
puma_4202500,PA,5.268665718680164e-06
puma_4202600,PA,5.364735172644826e-06
puma_4202701,PA,5.331350574485048e-06
puma_4202702,PA,5.405162075727141e-06
puma_4202703,PA,5.394771662039832e-06
puma_4202801,PA,5.155047469866909e-06
puma_4202802,PA,5.270544761052142e-06
puma_4202803,PA,5.25039893759187e-06
puma_4202901,PA,5.263712682807565e-06
puma_4202902,PA,5.248188337902057e-06
puma_4203001,PA,5.318418825128116e-06
puma_4203002,PA,5.483187968496277e-06
puma_4203003,PA,5.472841790603606e-06
puma_4203004,PA,5.461645720960805e-06
puma_4203101,PA,5.4283485446567666e-06
puma_4203102,PA,5.357112546055912e-06
puma_4203103,PA,5.612163739221182e-06
puma_4203104,PA,5.537191074549867e-06
puma_4203105,PA,5.584353902285685e-06
puma_4203106,PA,5.6190659099826175e-06
puma_4203201,PA,5.601668843146465e-06
puma_4203202,PA,5.621350077091953e-06
puma_4203203,PA,5.667912040910592e-06
puma_4203204,PA,5.896952369042718e-06
puma_4203205,PA,5.948161805494951e-06
puma_4203206,PA,5.849939889828951e-06
puma_4203207,PA,5.871139165939304e-06
puma_4203208,PA,5.867387055309306e-06
puma_4203209,PA,5.912906579751038e-06
puma_4203210,PA,5.82998810253247e-06
puma_4203211,PA,5.910447975893167e-06
puma_4203301,PA,5.614046912399324e-06
puma_4203302,PA,5.760776941633566e-06
puma_4203303,PA,5.761332984381123e-06
puma_4203304,PA,5.728478510680972e-06
puma_4203401,PA,5.427415402823843e-06
puma_4203402,PA,5.347010914338721e-06
puma_4203403,PA,5.3397901445631455e-06
puma_4203404,PA,5.381229061774968e-06
puma_4203501,PA,5.434307005491959e-06
puma_4203502,PA,5.416847763827634e-06
puma_4203503,PA,5.428734583613374e-06
puma_4203504,PA,5.425404435775469e-06
puma_4203601,PA,5.5448335166061e-06
puma_4203602,PA,5.4366797669542144e-06
puma_4203603,PA,5.435175916079075e-06
puma_4203701,PA,5.3538265374010315e-06
puma_4203702,PA,5.39658189037186e-06
puma_4203800,PA,5.008827359813683e-06
puma_4203900,PA,5.215112440931602e-06
puma_4204001,PA,5.093788148866909e-06
puma_4204002,PA,5.284050908253489e-06
puma_4400101,RI,5.980512664532257e-06
puma_4400102,RI,6.0275045549179725e-06
puma_4400103,RI,6.205783046976763e-06
puma_4400104,RI,6.205783046976763e-06
puma_4400201,RI,6.188044937107031e-06
puma_4400300,RI,6.256443135697431e-06
puma_4400400,RI,6.0438231175399136e-06
puma_4500101,SC,8.258282936925848e-06
puma_4500102,SC,8.20773703233133e-06
puma_4500103,SC,8.29910839601506e-06
puma_4500104,SC,8.259865025718849e-06
puma_4500105,SC,8.314618903765328e-06
puma_4500200,SC,8.359429663601375e-06
puma_4500301,SC,8.33180827498793e-06
puma_4500302,SC,8.22597007422241e-06
puma_4500400,SC,8.23759332566447e-06
puma_4500501,SC,8.23986442568493e-06
puma_4500502,SC,8.444052225236559e-06
puma_4500601,SC,8.594482592308476e-06
puma_4500602,SC,8.770756852091884e-06
puma_4500603,SC,8.636220278515274e-06
puma_4500604,SC,8.983694240085321e-06
puma_4500605,SC,8.61577413531816e-06
puma_4500700,SC,8.396758448584497e-06
puma_4500800,SC,8.720786904442092e-06
puma_4500900,SC,8.694255780276481e-06
puma_4501000,SC,8.787539307599475e-06
puma_4501101,SC,8.854161652140359e-06
puma_4501102,SC,8.862245986012696e-06
puma_4501201,SC,8.946124703396401e-06
puma_4501202,SC,9.332275865188845e-06
puma_4501203,SC,9.094542279944957e-06
puma_4501204,SC,9.206759499684278e-06
puma_4501300,SC,8.881998174888207e-06
puma_4501400,SC,9.344121284214675e-06
puma_4501500,SC,8.750221879038758e-06
puma_4501600,SC,8.484853498765446e-06
puma_4600100,SD,3.0763157236788428e-06
puma_4600200,SD,3.0538180574127097e-06
puma_4600300,SD,2.7942863679659533e-06
puma_4600400,SD,2.938849160411439e-06
puma_4600500,SD,3.0061067024322696e-06
puma_4600600,SD,2.9436105267309597e-06
puma_4700100,TN,7.987879662672622e-06
puma_4700200,TN,7.943775789253056e-06
puma_4700300,TN,7.956115817115665e-06
puma_4700400,TN,7.843857153019423e-06
puma_4700500,TN,7.847361249653851e-06
puma_4700600,TN,8.043371917697146e-06
puma_4700700,TN,7.78730206721674e-06
puma_4700800,TN,7.741560140431179e-06
puma_4700900,TN,7.609870792941941e-06
puma_4701000,TN,7.802068800632227e-06
puma_4701100,TN,7.675296063329797e-06
puma_4701200,TN,7.6494480897335e-06
puma_4701300,TN,7.716599655135321e-06
puma_4701400,TN,7.833409083819346e-06
puma_4701500,TN,7.693763931836385e-06
puma_4701601,TN,7.870021593550032e-06
puma_4701602,TN,7.889379296101378e-06
puma_4701603,TN,7.925954216966767e-06
puma_4701604,TN,8.020880018613639e-06
puma_4701700,TN,8.093365627725782e-06
puma_4701800,TN,8.024186747866215e-06
puma_4701900,TN,8.054689444384265e-06
puma_4702001,TN,8.246398172313357e-06
puma_4702002,TN,8.228348046916139e-06
puma_4702003,TN,7.979614717976618e-06
puma_4702100,TN,7.938183459213578e-06
puma_4702200,TN,8.06138625956596e-06
puma_4702300,TN,7.898271793760197e-06
puma_4702401,TN,7.858476026444213e-06
puma_4702402,TN,7.91274464949994e-06
puma_4702501,TN,8.036923018341406e-06
puma_4702502,TN,7.834140799758998e-06
puma_4702503,TN,8.063457024505841e-06
puma_4702504,TN,8.01330491203299e-06
puma_4702505,TN,7.92958160642531e-06
puma_4702600,TN,7.939344565143454e-06
puma_4702700,TN,7.963600032912864e-06
puma_4702800,TN,7.98052916043335e-06
puma_4702900,TN,8.18660078615693e-06
puma_4703000,TN,8.070135421588584e-06
puma_4703100,TN,8.23055740499187e-06
puma_4703201,TN,8.380606085819258e-06
puma_4703202,TN,8.37094886345835e-06
puma_4703203,TN,8.341105420855183e-06
puma_4703204,TN,8.388377788483343e-06
puma_4703205,TN,8.272769844899029e-06
puma_4703206,TN,8.312845041427742e-06
puma_4703207,TN,8.35510845736966e-06
puma_4703208,TN,8.55017434619324e-06
puma_4800100,TX,8.119577213012975e-06
puma_4800200,TX,8.144434564130886e-06
puma_4800300,TX,8.09396584201587e-06
puma_4800400,TX,8.523535292836967e-06
puma_4800501,TX,8.71760952652921e-06
puma_4800502,TX,8.709504746678653e-06
puma_4800600,TX,9.012772402562506e-06
puma_4800700,TX,9.013769372819631e-06
puma_4800800,TX,9.032026749667381e-06
puma_4800900,TX,9.44462326893923e-06
puma_4801000,TX,9.173111409107754e-06
puma_4801100,TX,9.244163110218366e-06
puma_4801200,TX,9.398217184148365e-06
puma_4801300,TX,9.311295897482309e-06
puma_4801400,TX,9.443525414537096e-06
puma_4801501,TX,9.571705546835032e-06
puma_4801502,TX,9.648016282932674e-06
puma_4801600,TX,9.505992374355779e-06
puma_4801700,TX,9.533906035211092e-06
puma_4801800,TX,9.512554739107675e-06
puma_4801901,TX,9.427025880713994e-06
puma_4801902,TX,9.427025880713994e-06
puma_4801903,TX,9.427025880713994e-06
puma_4801904,TX,9.37643332369894e-06
puma_4801905,TX,8.974156489926963e-06
puma_4801906,TX,9.1931655542364e-06
puma_4801907,TX,9.301097868595013e-06
puma_4802001,TX,9.429079355691413e-06
puma_4802002,TX,9.327638434820465e-06
puma_4802003,TX,9.322792823306028e-06
puma_4802004,TX,9.369779673608032e-06
puma_4802005,TX,9.300265850933879e-06
puma_4802006,TX,9.255059986943435e-06
puma_4802101,TX,9.392484845303878e-06
puma_4802102,TX,9.382211864434355e-06
puma_4802200,TX,9.26332745128277e-06
puma_4802301,TX,9.434723082446153e-06
puma_4802302,TX,9.428300319615586e-06
puma_4802303,TX,9.429259371557171e-06
puma_4802304,TX,9.494555853349308e-06
puma_4802305,TX,9.530406868857435e-06
puma_4802306,TX,9.561288926531497e-06
puma_4802307,TX,9.48446850536725e-06
puma_4802308,TX,9.427025880713994e-06
puma_4802309,TX,9.427025880713994e-06
puma_4802310,TX,9.554470125854948e-06
puma_4802311,TX,9.663608628257031e-06
puma_4802312,TX,9.663608628257031e-06
puma_4802313,TX,9.663608628257031e-06
puma_4802314,TX,9.60205802328686e-06
puma_4802315,TX,9.596040232003971e-06
puma_4802316,TX,9.572832352895051e-06
puma_4802317,TX,9.550962760573026e-06
puma_4802318,TX,9.354602310964313e-06
puma_4802319,TX,9.523597254214601e-06
puma_4802320,TX,9.578884325371202e-06
puma_4802321,TX,9.553309846787757e-06
puma_4802322,TX,9.524116766763932e-06
puma_4802400,TX,9.28349194818636e-06
puma_4802501,TX,9.349944133913907e-06
puma_4802502,TX,9.418024074204954e-06
puma_4802503,TX,9.46631225348553e-06
puma_4802504,TX,9.585728191407029e-06
puma_4802505,TX,9.585728191407029e-06
puma_4802506,TX,9.397795381486068e-06
puma_4802507,TX,9.514973734458124e-06
puma_4802508,TX,9.493614961008616e-06
puma_4802509,TX,9.449092988398108e-06
puma_4802510,TX,9.476256716090946e-06
puma_4802511,TX,9.437261542847787e-06
puma_4802512,TX,9.487391576982385e-06
puma_4802513,TX,9.432061145259953e-06
puma_4802514,TX,9.48459241403119e-06
puma_4802515,TX,9.59571497889111e-06
puma_4802516,TX,9.425807913686061e-06
puma_4802600,TX,9.220505583588834e-06
puma_4802700,TX,9.31331366519121e-06
puma_4802800,TX,9.242255891609166e-06
puma_4802900,TX,9.371609778538768e-06
puma_4803000,TX,9.417821327204613e-06
puma_4803100,TX,9.462721633279107e-06
puma_4803200,TX,9.296972686145413e-06
puma_4803301,TX,9.324600975451062e-06
puma_4803302,TX,9.375193591183232e-06
puma_4803303,TX,9.37704762854897e-06
puma_4803304,TX,9.392167295994721e-06
puma_4803305,TX,9.352097764982151e-06
puma_4803306,TX,9.311096617837489e-06
puma_4803400,TX,9.724391880525499e-06
puma_4803501,TX,9.803559998644704e-06
puma_4803502,TX,9.71547849040804e-06
puma_4803601,TX,9.784561297288118e-06
puma_4803602,TX,1.0099313941329235e-05
puma_4803700,TX,9.572152290908307e-06
puma_4803801,TX,9.661161686711757e-06
puma_4803802,TX,9.627356828747496e-06
puma_4803900,TX,9.897789779644643e-06
puma_4804000,TX,9.682498636609631e-06
puma_4804100,TX,9.76529066238763e-06
puma_4804200,TX,1.004934181183638e-05
puma_4804301,TX,1.0165804333578679e-05
puma_4804302,TX,1.02752987081776e-05
puma_4804400,TX,1.0121935877379716e-05
puma_4804501,TX,1.0006917913899336e-05
puma_4804502,TX,1.0090815544002016e-05
puma_4804503,TX,1.0107925129099832e-05
puma_4804504,TX,1.0221197680799262e-05
puma_4804601,TX,1.0436011271723677e-05
puma_4804602,TX,1.0436011271723677e-05
puma_4804603,TX,1.0441602485066801e-05
puma_4804604,TX,1.0436011271723677e-05
puma_4804605,TX,1.0445239778166071e-05
puma_4804606,TX,1.0396251895548863e-05
puma_4804607,TX,1.0310658110612468e-05
puma_4804608,TX,1.033467171039194e-05
puma_4804609,TX,1.0352696774347748e-05
puma_4804610,TX,1.0306156683908789e-05
puma_4804611,TX,1.0278140816933332e-05
puma_4804612,TX,1.0441929717963632e-05
puma_4804613,TX,1.0469228783515347e-05
puma_4804614,TX,1.047711891372822e-05
puma_4804615,TX,1.0481459593790719e-05
puma_4804616,TX,1.04779753122547e-05
puma_4804617,TX,1.0453003184454555e-05
puma_4804618,TX,1.0449308965855512e-05
puma_4804619,TX,1.0451433616897587e-05
puma_4804620,TX,1.0365881143225445e-05
puma_4804621,TX,1.033616470087375e-05
puma_4804622,TX,1.0279271080804833e-05
puma_4804623,TX,1.0290585843521826e-05
puma_4804624,TX,1.0177646812497078e-05
puma_4804625,TX,1.0231081804324412e-05
puma_4804626,TX,1.0303471838903756e-05
puma_4804627,TX,1.0259363379936656e-05
puma_4804628,TX,1.0137329874487282e-05
puma_4804629,TX,1.0150499368588441e-05
puma_4804630,TX,1.013135000067383e-05
puma_4804631,TX,1.013135000067383e-05
puma_4804632,TX,1.019523730418872e-05
puma_4804633,TX,1.013135000067383e-05
puma_4804634,TX,1.0250920671222816e-05
puma_4804635,TX,1.0271049834738794e-05
puma_4804636,TX,1.0343936167526564e-05
puma_4804637,TX,1.0452495346681585e-05
puma_4804638,TX,1.0481459593790719e-05
puma_4804701,TX,1.0465518183073904e-05
puma_4804702,TX,1.0308141236146044e-05
puma_4804801,TX,1.0433093531915323e-05
puma_4804802,TX,1.0329871386947439e-05
puma_4804803,TX,1.0414050070449378e-05
puma_4804901,TX,1.044922299063324e-05
puma_4804902,TX,1.0451171069640303e-05
puma_4804903,TX,1.027292508280093e-05
puma_4804904,TX,1.0285397280315774e-05
puma_4804905,TX,1.0285896270583032e-05
puma_4805000,TX,1.0229231494908288e-05
puma_4805100,TX,9.951645915839781e-06
puma_4805201,TX,9.781431681763776e-06
puma_4805202,TX,9.820299855002886e-06
puma_4805203,TX,9.862998829732079e-06
puma_4805204,TX,9.832993394853426e-06
puma_4805301,TX,9.894641510514092e-06
puma_4805302,TX,9.924055923158836e-06
puma_4805303,TX,1.0039567157858208e-05
puma_4805304,TX,9.844700948851141e-06
puma_4805305,TX,9.933390382087396e-06
puma_4805306,TX,1.0142647452322874e-05
puma_4805307,TX,9.8428904160001e-06
puma_4805308,TX,9.90802223795487e-06
puma_4805309,TX,9.854357823089971e-06
puma_4805400,TX,9.986993595760302e-06
puma_4805500,TX,1.0229724066356707e-05
puma_4805600,TX,1.0446610687373418e-05
puma_4805700,TX,1.0011585036029471e-05
puma_4805800,TX,9.93427112667951e-06
puma_4805901,TX,1.0137928048738015e-05
puma_4805902,TX,1.0116839428734804e-05
puma_4805903,TX,1.0264518248520707e-05
puma_4805904,TX,1.0117492261597494e-05
puma_4805905,TX,1.0223473605880962e-05
puma_4805906,TX,1.028238509887114e-05
puma_4805907,TX,1.0273951508580462e-05
puma_4805908,TX,1.0292364353496793e-05
puma_4805909,TX,1.0287018668957564e-05
puma_4805910,TX,1.0243344237707157e-05
puma_4805911,TX,1.0206586768965486e-05
puma_4805912,TX,1.0206586768965486e-05
puma_4805913,TX,1.0142984646959602e-05
puma_4805914,TX,1.0170838899405599e-05
puma_4805915,TX,1.0206586768965486e-05
puma_4805916,TX,1.0128008314847512e-05
puma_4806000,TX,9.615535272007987e-06
puma_4806100,TX,1.0191789000881195e-05
puma_4806200,TX,1.0304579973945038e-05
puma_4806301,TX,1.0722170206247347e-05
puma_4806302,TX,1.0718498824252312e-05
puma_4806400,TX,1.0722378468626447e-05
puma_4806500,TX,1.0645667636585357e-05
puma_4806601,TX,1.0773401069409424e-05
puma_4806602,TX,1.079854812884262e-05
puma_4806603,TX,1.0877832796132673e-05
puma_4806701,TX,1.1068163342574541e-05
puma_4806702,TX,1.0955771725994092e-05
puma_4806703,TX,1.108072526398901e-05
puma_4806801,TX,1.0989834609365703e-05
puma_4806802,TX,1.0969466206969132e-05
puma_4806803,TX,1.0995885739184972e-05
puma_4806804,TX,1.094621211514415e-05
puma_4806805,TX,1.098264487922248e-05
puma_4806806,TX,1.0977561324374111e-05
puma_4806807,TX,1.0958689461258282e-05
puma_4806900,TX,1.0747730882312634e-05
puma_4903001,UT,4.3139875505963185e-06
puma_4905001,UT,3.912550560030075e-06
puma_4911001,UT,4.40085252157995e-06
puma_4911002,UT,4.394115603742314e-06
puma_4913001,UT,4.152295817270342e-06
puma_4921001,UT,4.231896298237781e-06
puma_4935001,UT,4.545686926002277e-06
puma_4935002,UT,4.582631628245405e-06
puma_4935003,UT,4.465717127738649e-06
puma_4935004,UT,4.5885094591046135e-06
puma_4935005,UT,4.475618050783035e-06
puma_4935006,UT,4.640112591940719e-06
puma_4935007,UT,4.6764637626787475e-06
puma_4935008,UT,4.460117297042072e-06
puma_4935009,UT,4.621087193587145e-06
puma_4949001,UT,4.263610345337038e-06
puma_4949002,UT,4.488923310662488e-06
puma_4949003,UT,4.569252355007134e-06
puma_4949004,UT,4.414310968028754e-06
puma_4953001,UT,5.44605503287939e-06
puma_4957001,UT,4.3929287494335884e-06
puma_4957002,UT,4.350669973442286e-06
puma_5000100,VT,4.160338475361961e-06
puma_5000200,VT,3.9623423726299834e-06
puma_5000300,VT,4.170389406630864e-06
puma_5000400,VT,4.213484999745907e-06
puma_5101301,VA,6.108995091707915e-06
puma_5101302,VA,6.24747924833289e-06
puma_5104101,VA,6.379810368895083e-06
puma_5104102,VA,6.337199205807492e-06
puma_5104103,VA,6.232368695827809e-06
puma_5110701,VA,5.882959283933349e-06
puma_5110702,VA,5.840827522702175e-06
puma_5110703,VA,5.762199798602797e-06
puma_5151010,VA,5.81892981721347e-06
puma_5151020,VA,5.757542576454129e-06
puma_5151040,VA,5.674148596218877e-06
puma_5151044,VA,6.224390577635456e-06
puma_5151045,VA,6.113255452873501e-06
puma_5151080,VA,5.82239585474982e-06
puma_5151084,VA,5.744108073157198e-06
puma_5151085,VA,5.718800357775769e-06
puma_5151087,VA,5.92114485025605e-06
puma_5151089,VA,6.047140787106166e-06
puma_5151090,VA,6.106661997039876e-06
puma_5151095,VA,6.078669381547678e-06
puma_5151096,VA,5.992127034566616e-06
puma_5151097,VA,6.164552425540693e-06
puma_5151105,VA,6.234433315424587e-06
puma_5151110,VA,5.615930833614683e-06
puma_5151115,VA,6.0812101130385434e-06
puma_5151120,VA,6.1274169460808445e-06
puma_5151125,VA,6.377029818432663e-06
puma_5151135,VA,6.465528461926364e-06
puma_5151145,VA,6.602248477958322e-06
puma_5151154,VA,6.694099807422699e-06
puma_5151155,VA,6.71291503973382e-06
puma_5151164,VA,6.613268376735906e-06
puma_5151165,VA,6.641188851374317e-06
puma_5151167,VA,6.625473345010081e-06
puma_5151175,VA,6.695078193693001e-06
puma_5151186,VA,6.69502472768049e-06
puma_5151206,VA,6.51104732576766e-06
puma_5151215,VA,6.280936081271139e-06
puma_5151224,VA,6.3788759073017995e-06
puma_5151225,VA,6.28739257025903e-06
puma_5151235,VA,6.405496144522001e-06
puma_5151244,VA,5.9943807615922375e-06
puma_5151245,VA,5.986962297188506e-06
puma_5151246,VA,6.149121916086857e-06
puma_5151255,VA,6.278396379951739e-06
puma_5155001,VA,6.670356721862373e-06
puma_5155002,VA,6.642133921967454e-06
puma_5159301,VA,6.034719646708971e-06
puma_5159302,VA,6.20778909975787e-06
puma_5159303,VA,5.8758051724698e-06
puma_5159304,VA,5.96669031547704e-06
puma_5159305,VA,5.8758051724698e-06
puma_5159306,VA,6.045428048065304e-06
puma_5159307,VA,5.92997394199813e-06
puma_5159308,VA,5.988297803546668e-06
puma_5159309,VA,5.938954863676477e-06
puma_5310100,WA,6.5402662665557876e-06
puma_5310200,WA,6.560583330786072e-06
puma_5310300,WA,6.1849387866346044e-06
puma_5310400,WA,5.789140810320022e-06
puma_5310501,WA,5.976185053150189e-06
puma_5310502,WA,5.988821090565621e-06
puma_5310503,WA,6.019341997845741e-06
puma_5310504,WA,5.721970534218483e-06
puma_5310600,WA,6.07354680828061e-06
puma_5310701,WA,6.660758692848715e-06
puma_5310702,WA,6.738234711346202e-06
puma_5310703,WA,6.555840199308861e-06
puma_5310800,WA,6.147532006921392e-06
puma_5310901,WA,6.266087390965696e-06
puma_5310902,WA,6.380095487358061e-06
puma_5311000,WA,6.467987932390554e-06
puma_5311101,WA,6.960670779529157e-06
puma_5311102,WA,6.691285390691109e-06
puma_5311103,WA,6.874186458955439e-06
puma_5311104,WA,6.588237738665071e-06
puma_5311200,WA,6.672283090760564e-06
puma_5311300,WA,6.545721593816157e-06
puma_5311401,WA,6.442438312819901e-06
puma_5311402,WA,6.504238669995341e-06
puma_5311501,WA,6.933976059831465e-06
puma_5311502,WA,6.723045916545307e-06
puma_5311503,WA,6.761856919806039e-06
puma_5311504,WA,6.884714445964267e-06
puma_5311505,WA,6.67379094229896e-06
puma_5311506,WA,6.551311576155291e-06
puma_5311507,WA,6.433493109333272e-06
puma_5311601,WA,6.966586793658105e-06
puma_5311602,WA,6.914465623020839e-06
puma_5311603,WA,6.966586793658105e-06
puma_5311604,WA,6.924741041244267e-06
puma_5311605,WA,6.867034404071515e-06
puma_5311606,WA,6.860847714846867e-06
puma_5311607,WA,6.849928867803818e-06
puma_5311608,WA,6.864667537524108e-06
puma_5311609,WA,6.757598356953275e-06
puma_5311610,WA,6.878356889323803e-06
puma_5311611,WA,6.821603772343182e-06
puma_5311612,WA,6.8928267903286076e-06
puma_5311613,WA,6.879366797214418e-06
puma_5311614,WA,6.829238734440575e-06
puma_5311615,WA,6.501491738348705e-06
puma_5311616,WA,6.531903435915697e-06
puma_5311701,WA,6.640442731382105e-06
puma_5311702,WA,6.585369372215689e-06
puma_5311703,WA,6.639837153211048e-06
puma_5311704,WA,6.6579948111955185e-06
puma_5311705,WA,6.601521372988771e-06
puma_5311706,WA,6.6544852857090575e-06
puma_5311801,WA,6.675099364889534e-06
puma_5311802,WA,6.676548942025695e-06
puma_5311900,WA,6.383455962716334e-06
puma_5400100,WV,4.96732123967291e-06
puma_5400200,WV,5.023208802769971e-06
puma_5400300,WV,4.934595220204172e-06
puma_5400400,WV,5.045242736384248e-06
puma_5400500,WV,4.886032858644711e-06
puma_5400600,WV,5.0612524350932055e-06
puma_5400700,WV,5.1678848122437994e-06
puma_5400800,WV,5.244222254264364e-06
puma_5400900,WV,5.294897358048833e-06
puma_5401000,WV,5.2665362529751925e-06
puma_5401100,WV,4.915981866186525e-06
puma_5401200,WV,5.012959091379868e-06
puma_5401300,WV,5.27070280687825e-06
puma_5500100,WI,2.7322941136422244e-06
puma_5500101,WI,3.054818193351645e-06
puma_5500102,WI,3.0262199020804647e-06
puma_5500103,WI,3.0672231569302922e-06
puma_5500200,WI,2.9488233241201202e-06
puma_5500300,WI,2.9399850456889564e-06
puma_5500600,WI,2.7016837474675845e-06
puma_5500700,WI,2.93899639135524e-06
puma_5500800,WI,3.050506399493465e-06
puma_5500900,WI,3.006205960534614e-06
puma_5501000,WI,3.0264275491937218e-06
puma_5501001,WI,3.0388464908566378e-06
puma_5501300,WI,2.86529399191221e-06
puma_5501301,WI,2.953104737931855e-06
puma_5501400,WI,2.9096504344078343e-06
puma_5501401,WI,2.983099104581648e-06
puma_5501500,WI,2.969751737139819e-06
puma_5501501,WI,3.0029530402013717e-06
puma_5501600,WI,2.8459352570655523e-06
puma_5501601,WI,2.909131658916317e-06
puma_5502400,WI,3.1069953281804367e-06
puma_5502500,WI,3.043317313073214e-06
puma_5510000,WI,3.1452210905486436e-06
puma_5520000,WI,3.0130712255238227e-06
puma_5530000,WI,3.112672961309073e-06
puma_5540101,WI,3.159199264056613e-06
puma_5540301,WI,3.1143551860851294e-06
puma_5540701,WI,3.142896443877461e-06
puma_5541001,WI,3.1601703447710056e-06
puma_5541002,WI,3.1727689121629368e-06
puma_5541003,WI,3.1855014101601837e-06
puma_5541004,WI,3.1686057308544884e-06
puma_5541005,WI,3.154765480935827e-06
puma_5550000,WI,3.148731189086644e-06
puma_5555101,WI,2.8112882400757673e-06
puma_5555102,WI,2.9218567331853494e-06
puma_5555103,WI,2.898709665450956e-06
puma_5570101,WI,3.037218769104116e-06
puma_5570201,WI,3.0693644083273916e-06
puma_5570301,WI,3.036248757579277e-06
puma_5600100,WY,3.918603635650255e-06
puma_5600200,WY,4.260501119547344e-06
puma_5600300,WY,4.167712071646965e-06
puma_5600400,WY,4.245669134108067e-06
puma_5600500,WY,4.0219619987681185e-06
