state,puma,htg_slope_com_mmbtu_m2_degC
AL,puma_0100100,1.2288416010591034e-05
AL,puma_0100200,1.2373677007128677e-05
AL,puma_0100301,1.269631746023442e-05
AL,puma_0100302,1.2334815309061628e-05
AL,puma_0100400,1.2242945666835406e-05
AL,puma_0100500,1.2474172019278507e-05
AL,puma_0100600,1.2455895094225063e-05
AL,puma_0100700,1.2470011896625274e-05
AL,puma_0100800,1.2595139922784443e-05
AL,puma_0100900,1.2663451832496318e-05
AL,puma_0101000,1.2653678709208956e-05
AL,puma_0101100,1.2778857694611772e-05
AL,puma_0101200,1.3018926251835395e-05
AL,puma_0101301,1.299388908208947e-05
AL,puma_0101302,1.3045642237747102e-05
AL,puma_0101303,1.2973557422129013e-05
AL,puma_0101304,1.2686039526203316e-05
AL,puma_0101305,1.2955101303596583e-05
AL,puma_0101400,1.249550448657384e-05
AL,puma_0101500,1.3240342353079388e-05
AL,puma_0101600,1.3426753719061175e-05
AL,puma_0101700,1.3204637657506893e-05
AL,puma_0101800,1.2941217113567366e-05
AL,puma_0101900,1.3217032289053276e-05
AL,puma_0102000,1.3503992309693802e-05
AL,puma_0102100,1.3409964865122076e-05
AL,puma_0102200,1.3590953553436712e-05
AL,puma_0102300,1.3762615779216684e-05
AL,puma_0102400,1.350650208218314e-05
AL,puma_0102500,1.3975155964352816e-05
AL,puma_0102600,1.4038103155594794e-05
AL,puma_0102701,1.423889751307273e-05
AL,puma_0102702,1.4207437737297828e-05
AL,puma_0102703,1.414949092407317e-05
AZ,puma_0400100,2.5741028953946665e-05
AZ,puma_0400101,2.608063377313933e-05
AZ,puma_0400102,2.6129334134370258e-05
AZ,puma_0400103,2.618361362198081e-05
AZ,puma_0400104,2.6104082572086236e-05
AZ,puma_0400105,2.6057633935513412e-05
AZ,puma_0400106,2.611590138993116e-05
AZ,puma_0400107,2.5853638159176024e-05
AZ,puma_0400108,2.618361362198081e-05
AZ,puma_0400109,2.6227534653358026e-05
AZ,puma_0400110,2.626397425151765e-05
AZ,puma_0400111,2.619207710850324e-05
AZ,puma_0400112,2.596317325192042e-05
AZ,puma_0400113,2.6394650741439726e-05
AZ,puma_0400114,2.6235454969382395e-05
AZ,puma_0400115,2.6132905322058676e-05
AZ,puma_0400116,2.7129335447190818e-05
AZ,puma_0400117,2.6924213309760102e-05
AZ,puma_0400118,2.7082042590859607e-05
AZ,puma_0400119,2.6260207645153793e-05
AZ,puma_0400120,2.6054299014869622e-05
AZ,puma_0400121,2.6576931244635466e-05
AZ,puma_0400122,2.7129335447190818e-05
AZ,puma_0400123,2.66095326723348e-05
AZ,puma_0400124,2.669336068286221e-05
AZ,puma_0400125,2.668574085898981e-05
AZ,puma_0400126,2.641389170806563e-05
AZ,puma_0400127,2.6490689102047074e-05
AZ,puma_0400128,2.6132905322058676e-05
AZ,puma_0400129,2.621698104136959e-05
AZ,puma_0400130,2.6490689102047074e-05
AZ,puma_0400131,2.6471245728822748e-05
AZ,puma_0400132,2.613406113601226e-05
AZ,puma_0400133,2.6160748706240587e-05
AZ,puma_0400134,2.5832236090842534e-05
AZ,puma_0400201,2.521800955693455e-05
AZ,puma_0400202,2.5614127391381578e-05
AZ,puma_0400203,2.4904282295069672e-05
AZ,puma_0400204,2.539338807362407e-05
AZ,puma_0400205,2.520256298080695e-05
AZ,puma_0400206,2.5462905344153918e-05
AZ,puma_0400207,2.577683048325459e-05
AZ,puma_0400208,2.5700400343828558e-05
AZ,puma_0400209,2.5455422895978116e-05
AZ,puma_0400300,1.877318511870066e-05
AZ,puma_0400400,1.767793675284509e-05
AZ,puma_0400500,2.1049614209085073e-05
AZ,puma_0400600,2.479817190665183e-05
AZ,puma_0400700,2.711163625029624e-05
AZ,puma_0400800,2.2471069615701542e-05
AZ,puma_0400803,2.592168574297577e-05
AZ,puma_0400805,2.5516354117150443e-05
AZ,puma_0400807,2.5853099011655596e-05
AZ,puma_0400900,2.367596332963833e-05
AR,puma_0500100,1.3222953804269525e-05
AR,puma_0500200,1.3431471464945196e-05
AR,puma_0500300,1.3458817533525993e-05
AR,puma_0500400,1.3600888175672322e-05
AR,puma_0500500,1.3678432527882542e-05
AR,puma_0500600,1.4085115102736619e-05
AR,puma_0500700,1.4117568997379226e-05
AR,puma_0500800,1.4049671048911375e-05
AR,puma_0500900,1.4559540597087783e-05
AR,puma_0501000,1.4581362139834972e-05
AR,puma_0501100,1.4096157039666561e-05
AR,puma_0501200,1.4569541883293912e-05
AR,puma_0501300,1.4111329260687699e-05
AR,puma_0501400,1.4224927300949213e-05
AR,puma_0501500,1.4133740780070823e-05
AR,puma_0501600,1.4376910884185967e-05
AR,puma_0501700,1.4601301143755342e-05
AR,puma_0501800,1.4895228697187526e-05
AR,puma_0501900,1.4802762512180446e-05
AR,puma_0502000,1.4817923827453278e-05
CA,puma_0600101,8.572191903175478e-06
CA,puma_0600102,8.795601142642617e-06
CA,puma_0600103,8.677283105164796e-06
CA,puma_0600104,8.544150251891029e-06
CA,puma_0600105,8.642540068307493e-06
CA,puma_0600106,8.693340730342595e-06
CA,puma_0600107,8.706420113449682e-06
CA,puma_0600108,8.801964018686773e-06
CA,puma_0600109,8.807761730299643e-06
CA,puma_0600110,8.568629688661466e-06
CA,puma_0600300,7.63656002105447e-06
CA,puma_0600701,8.474852536225625e-06
CA,puma_0600702,8.505441542204354e-06
CA,puma_0601100,8.376134301728781e-06
CA,puma_0601301,8.676864120210287e-06
CA,puma_0601302,8.63955259771141e-06
CA,puma_0601303,8.676404030787193e-06
CA,puma_0601304,8.7345138032685e-06
CA,puma_0601305,8.253971333259866e-06
CA,puma_0601306,8.614413162290575e-06
CA,puma_0601307,8.606343541404276e-06
CA,puma_0601308,8.705880663230307e-06
CA,puma_0601309,8.754170383558465e-06
CA,puma_0601500,6.7883922329478035e-06
CA,puma_0601700,7.86762195327594e-06
CA,puma_0601901,8.726090994296029e-06
CA,puma_0601902,8.807570162476332e-06
CA,puma_0601903,8.843127912809917e-06
CA,puma_0601904,8.833348169135187e-06
CA,puma_0601905,8.877853872410715e-06
CA,puma_0601906,8.841756029311455e-06
CA,puma_0601907,8.550607707987132e-06
CA,puma_0602300,7.482730514655565e-06
CA,puma_0602500,1.0008208544366248e-05
CA,puma_0602901,8.760200681126275e-06
CA,puma_0602902,8.825017893987029e-06
CA,puma_0602903,8.813665140172004e-06
CA,puma_0602904,8.813665140172004e-06
CA,puma_0602905,8.362875371986224e-06
CA,puma_0603100,8.67121126586804e-06
CA,puma_0603300,7.945998882718551e-06
CA,puma_0603701,8.833892462585731e-06
CA,puma_0603702,9.23736331546013e-06
CA,puma_0603703,8.406111888092269e-06
CA,puma_0603704,8.65734736846665e-06
CA,puma_0603705,9.526319085370707e-06
CA,puma_0603706,9.581669730964892e-06
CA,puma_0603707,9.480992375274433e-06
CA,puma_0603708,9.442825535976239e-06
CA,puma_0603709,9.319776150907366e-06
CA,puma_0603710,9.339691085171128e-06
CA,puma_0603711,9.559211517970854e-06
CA,puma_0603712,9.559211517970854e-06
CA,puma_0603713,9.565085573018809e-06
CA,puma_0603714,9.66962408348975e-06
CA,puma_0603715,9.614794069972057e-06
CA,puma_0603716,9.782380364977745e-06
CA,puma_0603717,9.513274629579594e-06
CA,puma_0603718,9.880741296898782e-06
CA,puma_0603719,9.669794897888362e-06
CA,puma_0603720,9.465826265893113e-06
CA,puma_0603721,9.442825535976239e-06
CA,puma_0603722,9.505464774297346e-06
CA,puma_0603723,9.508807038001239e-06
CA,puma_0603724,9.472730456910353e-06
CA,puma_0603725,9.38862855916332e-06
CA,puma_0603726,9.380035736760016e-06
CA,puma_0603727,9.560781534766861e-06
CA,puma_0603728,9.467518382395316e-06
CA,puma_0603729,9.625685607866915e-06
CA,puma_0603730,9.782021313200564e-06
CA,puma_0603731,9.73950863346329e-06
CA,puma_0603732,9.83327198478156e-06
CA,puma_0603733,9.855356823757876e-06
CA,puma_0603734,9.855356823757876e-06
CA,puma_0603735,9.857776861894903e-06
CA,puma_0603736,9.732411763480539e-06
CA,puma_0603737,9.814333970156273e-06
CA,puma_0603738,9.694106151995753e-06
CA,puma_0603739,9.920589114574194e-06
CA,puma_0603740,1.0062733001930694e-05
CA,puma_0603741,1.0057519924946848e-05
CA,puma_0603742,9.858682633356886e-06
CA,puma_0603743,1.0055662997875907e-05
CA,puma_0603744,9.87191626599847e-06
CA,puma_0603745,9.855356823757876e-06
CA,puma_0603746,9.855356823757876e-06
CA,puma_0603747,9.775756822460384e-06
CA,puma_0603748,9.578572726075155e-06
CA,puma_0603749,9.701975441050916e-06
CA,puma_0603750,9.840945182906203e-06
CA,puma_0603751,9.835215317480603e-06
CA,puma_0603752,9.867493842218567e-06
CA,puma_0603753,1.0009098108548328e-05
CA,puma_0603754,9.783728914100348e-06
CA,puma_0603755,9.823628544580084e-06
CA,puma_0603756,9.739204764313054e-06
CA,puma_0603757,9.785123314514777e-06
CA,puma_0603758,9.81266636894628e-06
CA,puma_0603759,9.770435540303474e-06
CA,puma_0603760,9.582650755209547e-06
CA,puma_0603761,9.59408730789831e-06
CA,puma_0603762,9.579622366264327e-06
CA,puma_0603763,9.739204764313054e-06
CA,puma_0603764,9.737700507917637e-06
CA,puma_0603765,9.739204764313054e-06
CA,puma_0603766,9.739204764313054e-06
CA,puma_0603767,9.51605161565215e-06
CA,puma_0603768,9.487705126465498e-06
CA,puma_0603769,9.739204764313054e-06
CA,puma_0603900,8.454375383460255e-06
CA,puma_0604101,8.499356523672031e-06
CA,puma_0604102,8.546499717349255e-06
CA,puma_0604701,8.776771158374622e-06
CA,puma_0604702,8.604869334838387e-06
CA,puma_0605301,8.232662981291035e-06
CA,puma_0605302,8.51350105213643e-06
CA,puma_0605303,8.438421429522345e-06
CA,puma_0605500,8.578691482970211e-06
CA,puma_0605700,7.245049697272565e-06
CA,puma_0605901,9.440321361702793e-06
CA,puma_0605902,9.4760273298079e-06
CA,puma_0605903,9.499667527229218e-06
CA,puma_0605904,9.683430824413317e-06
CA,puma_0605905,9.73037113351069e-06
CA,puma_0605906,9.750128188657541e-06
CA,puma_0605907,9.878873234117226e-06
CA,puma_0605908,9.734441927971362e-06
CA,puma_0605909,9.75049298112381e-06
CA,puma_0605910,9.897967008634837e-06
CA,puma_0605911,9.943390446479005e-06
CA,puma_0605912,9.795342045494083e-06
CA,puma_0605913,9.855330465534352e-06
CA,puma_0605914,9.69780974282493e-06
CA,puma_0605915,9.377655720651691e-06
CA,puma_0605916,9.894688244707226e-06
CA,puma_0605917,9.893623025624298e-06
CA,puma_0605918,9.66378851086598e-06
CA,puma_0606101,8.733207048542163e-06
CA,puma_0606102,8.657043739407338e-06
CA,puma_0606103,7.861340344322478e-06
CA,puma_0606501,1.0069852066061626e-05
CA,puma_0606502,9.816273292946447e-06
CA,puma_0606503,9.467788325366985e-06
CA,puma_0606504,9.343995910058458e-06
CA,puma_0606505,9.225558744473556e-06
CA,puma_0606506,9.197649209892097e-06
CA,puma_0606507,9.065220112050442e-06
CA,puma_0606508,9.362042180520652e-06
CA,puma_0606509,9.217536296822506e-06
CA,puma_0606510,9.555124125021118e-06
CA,puma_0606511,9.564951723289614e-06
CA,puma_0606512,9.523279721959185e-06
CA,puma_0606513,9.29458086110585e-06
CA,puma_0606514,9.443072330740118e-06
CA,puma_0606515,1.0137794520751204e-05
CA,puma_0606701,8.756644383543712e-06
CA,puma_0606702,8.834155162171975e-06
CA,puma_0606703,8.840888116987169e-06
CA,puma_0606704,8.864859030138733e-06
CA,puma_0606705,8.655963205333121e-06
CA,puma_0606706,8.82940645933342e-06
CA,puma_0606707,8.760961166302085e-06
CA,puma_0606708,8.794711450017133e-06
CA,puma_0606709,8.629660697084462e-06
CA,puma_0606710,8.71981432221139e-06
CA,puma_0606711,8.79468240079369e-06
CA,puma_0606712,8.745793572508672e-06
CA,puma_0607101,8.961213374594133e-06
CA,puma_0607102,8.508801689686147e-06
CA,puma_0607103,8.466038461344835e-06
CA,puma_0607104,7.162099266162801e-06
CA,puma_0607105,9.256926608700734e-06
CA,puma_0607106,9.4885654335972e-06
CA,puma_0607107,9.566760271989173e-06
CA,puma_0607108,9.566760271989173e-06
CA,puma_0607109,9.553828427140866e-06
CA,puma_0607110,9.530871190433762e-06
CA,puma_0607111,9.469256804084364e-06
CA,puma_0607112,9.512067809283123e-06
CA,puma_0607113,9.452500897416312e-06
CA,puma_0607114,9.340212004972279e-06
CA,puma_0607115,9.487476069846296e-06
CA,puma_0607301,9.177419833103241e-06
CA,puma_0607302,9.157643272129595e-06
CA,puma_0607303,9.469645399341526e-06
CA,puma_0607304,9.319086878146972e-06
CA,puma_0607305,9.56720326118224e-06
CA,puma_0607306,9.635925657405778e-06
CA,puma_0607307,9.386372092705248e-06
CA,puma_0607308,9.440471698201882e-06
CA,puma_0607309,9.457583567541483e-06
CA,puma_0607310,9.534822038372201e-06
CA,puma_0607311,9.445299183220375e-06
CA,puma_0607312,9.439711537831577e-06
CA,puma_0607313,9.702371020631967e-06
CA,puma_0607314,9.721668598357367e-06
CA,puma_0607315,9.474858497598248e-06
CA,puma_0607316,9.72507832968224e-06
CA,puma_0607317,9.744501342329196e-06
CA,puma_0607318,9.739767039758977e-06
CA,puma_0607319,9.7707923234296e-06
CA,puma_0607320,9.431028869719032e-06
CA,puma_0607321,9.698050351682914e-06
CA,puma_0607322,9.51258093817214e-06
CA,puma_0607501,8.30809428473513e-06
CA,puma_0607502,8.428212744002949e-06
CA,puma_0607503,8.42131451740094e-06
CA,puma_0607504,8.42131451740094e-06
CA,puma_0607505,8.095980731286702e-06
CA,puma_0607506,8.125129010499189e-06
CA,puma_0607507,8.42131451740094e-06
CA,puma_0607701,8.798685954564998e-06
CA,puma_0607702,8.722713936459312e-06
CA,puma_0607703,8.664876305288176e-06
CA,puma_0607704,8.697771313633873e-06
CA,puma_0607901,8.57658174826279e-06
CA,puma_0607902,8.503137642698486e-06
CA,puma_0608101,8.213324987281028e-06
CA,puma_0608102,8.619777984557613e-06
CA,puma_0608103,8.605599148817551e-06
CA,puma_0608104,8.474138420638176e-06
CA,puma_0608105,8.68966332614599e-06
CA,puma_0608106,8.545444655487286e-06
CA,puma_0608301,8.489147584298675e-06
CA,puma_0608302,8.773361196740554e-06
CA,puma_0608303,9.126221772765808e-06
CA,puma_0608501,8.694587930401873e-06
CA,puma_0608502,8.956208327720435e-06
CA,puma_0608503,8.898203736788301e-06
CA,puma_0608504,8.898203736788301e-06
CA,puma_0608505,8.770231902243137e-06
CA,puma_0608506,8.889415156378495e-06
CA,puma_0608507,8.753064520813408e-06
CA,puma_0608508,8.694873009797157e-06
CA,puma_0608509,8.898203736788301e-06
CA,puma_0608510,8.84262117929605e-06
CA,puma_0608511,8.641014898340342e-06
CA,puma_0608512,8.497859828374778e-06
CA,puma_0608513,8.159351767615224e-06
CA,puma_0608514,8.898203736788301e-06
CA,puma_0608701,8.512269035789419e-06
CA,puma_0608702,8.725902548127027e-06
CA,puma_0608900,8.181729329950791e-06
CA,puma_0609501,8.204775465247081e-06
CA,puma_0609502,8.715665686460196e-06
CA,puma_0609503,8.691214314988123e-06
CA,puma_0609701,8.42828835247125e-06
CA,puma_0609702,8.520336789329364e-06
CA,puma_0609703,8.642679655351436e-06
CA,puma_0609901,8.96821365297665e-06
CA,puma_0609902,8.963111815028116e-06
CA,puma_0609903,8.880566226179708e-06
CA,puma_0609904,8.963111815028116e-06
CA,puma_0610100,8.74566170442849e-06
CA,puma_0610701,8.800930585373975e-06
CA,puma_0610702,8.928533222637807e-06
CA,puma_0610703,8.809027665376573e-06
CA,puma_0611101,9.33324414563535e-06
CA,puma_0611102,9.33713395957716e-06
CA,puma_0611103,9.25397997732101e-06
CA,puma_0611104,9.154052209347123e-06
CA,puma_0611105,9.198140679024742e-06
CA,puma_0611106,9.176797423374065e-06
CA,puma_0611300,8.681140685859486e-06
CO,puma_0800100,8.673684132886728e-06
CO,puma_0800102,8.415307370298088e-06
CO,puma_0800103,8.75173239074461e-06
CO,puma_0800200,7.799244683454331e-06
CO,puma_0800300,9.128193560516005e-06
CO,puma_0800400,6.925365944941394e-06
CO,puma_0800600,8.128288215029023e-06
CO,puma_0800700,9.353447335356888e-06
CO,puma_0800800,8.299536762867236e-06
CO,puma_0800801,7.737949567920402e-06
CO,puma_0800802,8.54928080818933e-06
CO,puma_0800803,9.24068026488756e-06
CO,puma_0800804,9.200044470084653e-06
CO,puma_0800805,9.265500378902967e-06
CO,puma_0800806,9.244601944854157e-06
CO,puma_0800807,8.954268461305664e-06
CO,puma_0800808,8.881841652982194e-06
CO,puma_0800809,8.901183558643405e-06
CO,puma_0800810,8.86090235003089e-06
CO,puma_0800811,8.851459858305248e-06
CO,puma_0800812,8.962904730220734e-06
CO,puma_0800813,9.253432802930973e-06
CO,puma_0800814,9.243316075298468e-06
CO,puma_0800815,8.915733992912865e-06
CO,puma_0800816,9.131963123294269e-06
CO,puma_0800817,8.884626655259342e-06
CO,puma_0800818,8.925374893207866e-06
CO,puma_0800819,8.975256560115802e-06
CO,puma_0800820,8.928748133282416e-06
CO,puma_0800821,8.872063022391416e-06
CO,puma_0800822,8.71304471569726e-06
CO,puma_0800823,8.723466943318939e-06
CO,puma_0800824,8.897875962541817e-06
CO,puma_0800900,7.892518269794544e-06
CO,puma_0801001,9.238111258837367e-06
CO,puma_0801002,8.577198323972929e-06
CO,puma_0804101,8.112076827884757e-06
CO,puma_0804102,7.298387334983349e-06
CO,puma_0804103,8.66472584298984e-06
CO,puma_0804104,8.690434495535672e-06
CO,puma_0804105,8.690434495535672e-06
CO,puma_0804106,8.440607679997013e-06
CT,puma_0900100,1.4696962420774627e-05
CT,puma_0900101,1.5160493439831144e-05
CT,puma_0900102,1.529740190112801e-05
CT,puma_0900103,1.5365003356030266e-05
CT,puma_0900104,1.5144636904372057e-05
CT,puma_0900105,1.5131452154982095e-05
CT,puma_0900300,1.4731810106814386e-05
CT,puma_0900301,1.4928975959395204e-05
CT,puma_0900302,1.4928975959395204e-05
CT,puma_0900303,1.468125998283774e-05
CT,puma_0900304,1.45367502921345e-05
CT,puma_0900305,1.4974605659365787e-05
CT,puma_0900306,1.4937995280074164e-05
CT,puma_0900500,1.3824250344167507e-05
CT,puma_0900700,1.5196251159935094e-05
CT,puma_0900900,1.464665617541569e-05
CT,puma_0900901,1.4049573660042658e-05
CT,puma_0900902,1.4858770436030415e-05
CT,puma_0900903,1.5121437295827153e-05
CT,puma_0900904,1.5383979118254395e-05
CT,puma_0900905,1.53889763771693e-05
CT,puma_0900906,1.5353967446090453e-05
CT,puma_0901100,1.4865365096073525e-05
CT,puma_0901101,1.5156364625997913e-05
CT,puma_0901300,1.4352730127226845e-05
CT,puma_0901500,1.4183366972288472e-05
DE,puma_1000101,1.481476289552133e-05
DE,puma_1000102,1.4910550328683423e-05
DE,puma_1000103,1.500790518127034e-05
DE,puma_1000104,1.479318927064235e-05
DE,puma_1000200,1.548013560859036e-05
DE,puma_1000300,1.548993624780863e-05
DC,puma_1100101,1.586946245362303e-05
DC,puma_1100102,1.608893039629531e-05
DC,puma_1100103,1.6150526879150602e-05
DC,puma_1100104,1.6168384580718964e-05
DC,puma_1100105,1.6214001342783077e-05
FL,puma_1200101,5.821650083349219e-05
FL,puma_1200102,5.794013188475985e-05
FL,puma_1200500,5.722320004975768e-05
FL,puma_1200901,6.165484362561156e-05
FL,puma_1200902,6.15748057467349e-05
FL,puma_1200903,6.172693874302012e-05
FL,puma_1200904,6.174628792497973e-05
FL,puma_1201101,6.390663497755443e-05
FL,puma_1201102,6.390322830401111e-05
FL,puma_1201103,6.399846293336981e-05
FL,puma_1201104,6.39551059020512e-05
FL,puma_1201105,6.400961623640303e-05
FL,puma_1201106,6.392166223874191e-05
FL,puma_1201107,6.396823528605111e-05
FL,puma_1201108,6.411285956534379e-05
FL,puma_1201109,6.414143564398059e-05
FL,puma_1201110,6.404122216692416e-05
FL,puma_1201111,6.405824787794576e-05
FL,puma_1201112,6.41684549780012e-05
FL,puma_1201113,6.409521055655528e-05
FL,puma_1201114,6.406191877621453e-05
FL,puma_1201500,6.283778973211455e-05
FL,puma_1201701,5.972927219382795e-05
FL,puma_1201900,5.803180135095136e-05
FL,puma_1202101,6.348901580427323e-05
FL,puma_1202102,6.343054950180061e-05
FL,puma_1202103,6.293936299988944e-05
FL,puma_1202300,5.777025371018037e-05
FL,puma_1202700,6.172023952610926e-05
FL,puma_1203101,5.757318383780157e-05
FL,puma_1203102,5.8241309054090825e-05
FL,puma_1203103,5.8384469963797535e-05
FL,puma_1203104,5.887164284029377e-05
FL,puma_1203105,5.8761291443597725e-05
FL,puma_1203106,5.892455404022726e-05
FL,puma_1203107,5.8573321034729484e-05
FL,puma_1203301,5.637670885739098e-05
FL,puma_1203302,5.6525576332113386e-05
FL,puma_1203500,5.942252662031615e-05
FL,puma_1205301,6.032421521345159e-05
FL,puma_1205701,6.193871767910349e-05
FL,puma_1205702,6.193871767910349e-05
FL,puma_1205703,6.188793544157015e-05
FL,puma_1205704,6.193871767910349e-05
FL,puma_1205705,6.190090905927198e-05
FL,puma_1205706,6.177877394463903e-05
FL,puma_1205707,6.178165612171497e-05
FL,puma_1205708,6.1743908598817e-05
FL,puma_1206100,6.235921001480203e-05
FL,puma_1206300,5.6318719535597125e-05
FL,puma_1206901,5.9818810428746636e-05
FL,puma_1206902,6.0640144958386564e-05
FL,puma_1206903,6.093541757683743e-05
FL,puma_1207101,6.335147686833206e-05
FL,puma_1207102,6.334415684522174e-05
FL,puma_1207103,6.314319195281211e-05
FL,puma_1207104,6.334834176371866e-05
FL,puma_1207105,6.320891853796881e-05
FL,puma_1207300,5.638537287858521e-05
FL,puma_1207301,5.6377723648933534e-05
FL,puma_1208101,6.209959531512531e-05
FL,puma_1208102,6.225728731012127e-05
FL,puma_1208103,6.22367007995399e-05
FL,puma_1208301,5.988411763062857e-05
FL,puma_1208302,6.045489012007927e-05
FL,puma_1208303,6.038659095367733e-05
FL,puma_1208500,6.309866783766557e-05
FL,puma_1208601,6.422243024514399e-05
FL,puma_1208602,6.413491478217287e-05
FL,puma_1208603,6.400596080971865e-05
FL,puma_1208604,6.404796156608979e-05
FL,puma_1208605,6.400596080971865e-05
FL,puma_1208606,6.414846043615071e-05
FL,puma_1208607,6.422243024514399e-05
FL,puma_1208608,6.415498797639028e-05
FL,puma_1208609,6.408666763452742e-05
FL,puma_1208610,6.412957119458342e-05
FL,puma_1208611,6.414863172256328e-05
FL,puma_1208612,6.418376917622214e-05
FL,puma_1208613,6.413427791094276e-05
FL,puma_1208614,6.434339820364256e-05
FL,puma_1208615,6.420881867139945e-05
FL,puma_1208616,6.432408451428289e-05
FL,puma_1208617,6.427096470801769e-05
FL,puma_1208618,6.404683960268645e-05
FL,puma_1208619,6.389365959653983e-05
FL,puma_1208620,6.412711202104217e-05
FL,puma_1208621,6.380229694033919e-05
FL,puma_1208622,6.355236453215861e-05
FL,puma_1208623,6.366699241847583e-05
FL,puma_1208624,6.365637419845007e-05
FL,puma_1208700,6.446169758437262e-05
FL,puma_1208900,5.7615608802225046e-05
FL,puma_1209100,5.590089573255075e-05
FL,puma_1209300,6.229755810790564e-05
FL,puma_1209501,6.0323761134836884e-05
FL,puma_1209502,6.155673307481493e-05
FL,puma_1209503,6.144915079126897e-05
FL,puma_1209504,6.184059927775248e-05
FL,puma_1209505,6.198901890494704e-05
FL,puma_1209506,6.198901890494704e-05
FL,puma_1209507,6.198901890494704e-05
FL,puma_1209508,6.198901890494704e-05
FL,puma_1209509,6.172544909701707e-05
FL,puma_1209510,6.190608488841612e-05
FL,puma_1209701,6.130821188114074e-05
FL,puma_1209702,6.147173230217929e-05
FL,puma_1209901,6.331886170399893e-05
FL,puma_1209902,6.324271642541704e-05
FL,puma_1209903,6.367438589719576e-05
FL,puma_1209904,6.367438589719576e-05
FL,puma_1209905,6.368290961384444e-05
FL,puma_1209906,6.377379550856394e-05
FL,puma_1209907,6.380790214672818e-05
FL,puma_1209908,6.395993810360126e-05
FL,puma_1209909,6.38960946943376e-05
FL,puma_1209910,6.374707092430511e-05
FL,puma_1209911,6.315278346780289e-05
FL,puma_1210101,6.161891827637321e-05
FL,puma_1210102,6.0832247507702264e-05
FL,puma_1210103,6.134786993639498e-05
FL,puma_1210104,6.17778777289074e-05
FL,puma_1210301,6.143318655789352e-05
FL,puma_1210302,6.198615967591663e-05
FL,puma_1210303,6.235957728555687e-05
FL,puma_1210304,6.235957728555687e-05
FL,puma_1210305,6.237606218121063e-05
FL,puma_1210306,6.240512307160396e-05
FL,puma_1210307,6.259609148834902e-05
FL,puma_1210308,6.262527529866179e-05
FL,puma_1210501,6.19805892548e-05
FL,puma_1210502,6.183569575632962e-05
FL,puma_1210503,6.219438734472526e-05
FL,puma_1210504,6.209303904041527e-05
FL,puma_1210700,5.953829705315122e-05
FL,puma_1210900,5.931036950222947e-05
FL,puma_1211101,6.248293041470996e-05
FL,puma_1211102,6.289792958878784e-05
FL,puma_1211300,5.679035210033749e-05
FL,puma_1211501,6.227962885389404e-05
FL,puma_1211502,6.226188656803928e-05
FL,puma_1211503,6.245958576637224e-05
FL,puma_1211701,6.127279909313822e-05
FL,puma_1211702,6.151670933559703e-05
FL,puma_1211703,6.188059400042531e-05
FL,puma_1211704,6.165485562189552e-05
FL,puma_1212100,5.7240948874634784e-05
FL,puma_1212701,6.0027320544574655e-05
FL,puma_1212702,6.031391753410777e-05
FL,puma_1212703,6.072301913334446e-05
FL,puma_1212704,6.095711499217127e-05
GA,puma_1300100,1.1894898214951281e-05
GA,puma_1300200,1.1769694674738818e-05
GA,puma_1300300,1.1371885458187874e-05
GA,puma_1300401,1.1582230410550933e-05
GA,puma_1300402,1.1583516943218862e-05
GA,puma_1300500,1.1564405933167051e-05
GA,puma_1300600,1.1742137465095192e-05
GA,puma_1300700,1.146914940747459e-05
GA,puma_1300800,1.1669711040138175e-05
GA,puma_1300900,1.1440913598926605e-05
GA,puma_1301001,1.045483183976906e-05
GA,puma_1301002,9.949666199419285e-06
GA,puma_1301003,1.0642320915483034e-05
GA,puma_1301004,1.0647584920834692e-05
GA,puma_1301005,9.95217968879014e-06
GA,puma_1301006,1.053391188659976e-05
GA,puma_1301007,1.0581017746506798e-05
GA,puma_1301008,1.051018363158812e-05
GA,puma_1301100,1.1519006957158343e-05
GA,puma_1301200,1.141163441385158e-05
GA,puma_1301300,1.1159297124989952e-05
GA,puma_1301400,1.1031288132334442e-05
GA,puma_1301500,1.1035375487083275e-05
GA,puma_1301600,1.0850783760506229e-05
GA,puma_1301700,1.1172426113025616e-05
GA,puma_1301800,1.101221325820988e-05
GA,puma_1301900,1.0651501352986114e-05
GA,puma_1302001,1.05153273848966e-05
GA,puma_1302002,1.0518179062531072e-05
GA,puma_1302003,1.0518179062531072e-05
GA,puma_1302004,1.0518179062531072e-05
GA,puma_1302100,1.0492978147321965e-05
GA,puma_1302200,1.0703062423912065e-05
GA,puma_1302300,1.0190993932450969e-05
GA,puma_1302400,1.0502982880759616e-05
GA,puma_1302500,1.0261279432243432e-05
GA,puma_1302600,1.0005980373289757e-05
GA,puma_1302700,1.0194287082315667e-05
GA,puma_1302800,1.0035496760222736e-05
GA,puma_1302900,1.0312162174295186e-05
GA,puma_1303001,1.031633044832545e-05
GA,puma_1303002,1.0216849346749992e-05
GA,puma_1303003,1.027523603956958e-05
GA,puma_1303004,1.0425552498894565e-05
GA,puma_1303005,1.0029328190205621e-05
GA,puma_1303101,9.945750387806671e-06
GA,puma_1303102,1.0030002141985357e-05
GA,puma_1303200,9.558747304331287e-06
GA,puma_1303300,9.99374505706081e-06
GA,puma_1303400,1.0276078981164168e-05
GA,puma_1303500,1.0164700798150624e-05
GA,puma_1303600,1.062135769588365e-05
GA,puma_1303700,1.0319210934848995e-05
GA,puma_1303800,1.0357731451265446e-05
GA,puma_1303900,1.044954032505286e-05
GA,puma_1304000,1.1176969619567038e-05
GA,puma_1304001,1.0453448724778172e-05
GA,puma_1304002,1.0111749078834872e-05
GA,puma_1304003,1.0325914367711436e-05
GA,puma_1304004,1.0252093450699273e-05
GA,puma_1304005,1.0488173426446755e-05
GA,puma_1304006,1.0518179062531072e-05
GA,puma_1304100,1.1040913773185124e-05
GA,puma_1304200,1.0775371641309835e-05
GA,puma_1304300,1.0502658971658343e-05
GA,puma_1304400,1.035128814313421e-05
GA,puma_1304500,1.020159365151563e-05
GA,puma_1304600,1.0602528699911334e-05
GA,puma_1305001,1.0414405452657814e-05
GA,puma_1305002,1.0511139468004767e-05
GA,puma_1306001,1.0518387142449876e-05
GA,puma_1306002,1.0428211699090198e-05
ID,puma_1600100,1.1402926442173767e-05
ID,puma_1600200,1.1792334144556544e-05
ID,puma_1600300,1.1365496043988404e-05
ID,puma_1600400,1.2329328169284436e-05
ID,puma_1600500,1.2654401788167896e-05
ID,puma_1600600,1.256172242963789e-05
ID,puma_1600701,1.2669253959150708e-05
ID,puma_1600702,1.2564455698759349e-05
ID,puma_1600800,1.2705635454449493e-05
ID,puma_1600900,1.2007914903764587e-05
ID,puma_1601000,1.1500551125846796e-05
ID,puma_1601100,1.0577946135504885e-05
ID,puma_1601200,1.0942372735344723e-05
ID,puma_1601300,1.1335020018045417e-05
IL,puma_1700104,9.206501600426044e-06
IL,puma_1700105,9.636122808933152e-06
IL,puma_1700202,9.69591564188862e-06
IL,puma_1700300,1.0078607122474215e-05
IL,puma_1700401,1.0209499461876466e-05
IL,puma_1700501,1.0437713931040419e-05
IL,puma_1700600,1.0201663516404783e-05
IL,puma_1700700,1.0462277070423639e-05
IL,puma_1700800,1.0934256085274093e-05
IL,puma_1700900,1.073927232147187e-05
IL,puma_1701001,1.0593798916271458e-05
IL,puma_1701104,1.0872665273819785e-05
IL,puma_1701105,1.0778880665130011e-05
IL,puma_1701204,1.0658972698002648e-05
IL,puma_1701205,1.0840504172173561e-05
IL,puma_1701300,1.0133391737172863e-05
IL,puma_1701500,1.0224676996122547e-05
IL,puma_1701602,9.97017916473218e-06
IL,puma_1701701,9.86084559860529e-06
IL,puma_1701900,9.819759299976908e-06
IL,puma_1702000,9.642768797993557e-06
IL,puma_1702100,9.830324859804597e-06
IL,puma_1702200,9.846103280825e-06
IL,puma_1702300,9.65468446703581e-06
IL,puma_1702400,9.45277686351245e-06
IL,puma_1702501,9.59718950400522e-06
IL,puma_1702601,9.15841382841818e-06
IL,puma_1702700,9.15394321122416e-06
IL,puma_1702801,9.321568906980338e-06
IL,puma_1702901,9.114583743885997e-06
IL,puma_1703005,9.52698772463329e-06
IL,puma_1703007,9.480972799158275e-06
IL,puma_1703008,9.247382945743534e-06
IL,puma_1703009,9.232232127308505e-06
IL,puma_1703102,9.622769895753917e-06
IL,puma_1703105,9.590380540245e-06
IL,puma_1703106,9.516640761531921e-06
IL,puma_1703107,9.55344586276519e-06
IL,puma_1703108,9.558516177476542e-06
IL,puma_1703202,9.306707100502156e-06
IL,puma_1703203,9.306707100502156e-06
IL,puma_1703204,9.306707100502156e-06
IL,puma_1703205,9.377253429801418e-06
IL,puma_1703207,9.407902861266049e-06
IL,puma_1703208,9.320138303723e-06
IL,puma_1703209,9.467516515632605e-06
IL,puma_1703306,9.191208774049722e-06
IL,puma_1703307,9.187705539259523e-06
IL,puma_1703308,9.09749799174441e-06
IL,puma_1703309,9.20790333352457e-06
IL,puma_1703310,9.370713497828633e-06
IL,puma_1703401,9.215610200508258e-06
IL,puma_1703407,9.635035056847768e-06
IL,puma_1703408,9.744766893992273e-06
IL,puma_1703409,9.738356476193101e-06
IL,puma_1703410,9.62562131248338e-06
IL,puma_1703411,9.780895412491463e-06
IL,puma_1703412,9.52188204797415e-06
IL,puma_1703413,9.63086243810331e-06
IL,puma_1703414,9.502212624714337e-06
IL,puma_1703415,9.443138721595149e-06
IL,puma_1703416,9.483949606475646e-06
IL,puma_1703417,9.122375798734276e-06
IL,puma_1703418,9.173185287440129e-06
IL,puma_1703419,9.483472093855215e-06
IL,puma_1703420,9.586752314339713e-06
IL,puma_1703421,9.502323343735133e-06
IL,puma_1703422,9.524272203028139e-06
IL,puma_1703501,9.85020896294276e-06
IL,puma_1703502,9.89528454895061e-06
IL,puma_1703503,9.798824064479356e-06
IL,puma_1703504,9.77679489135239e-06
IL,puma_1703520,9.612693131697707e-06
IL,puma_1703521,9.736487550752454e-06
IL,puma_1703522,9.867728113827125e-06
IL,puma_1703523,9.779554733236725e-06
IL,puma_1703524,9.89528454895061e-06
IL,puma_1703525,9.89528454895061e-06
IL,puma_1703526,9.863872441113452e-06
IL,puma_1703527,9.744766893992273e-06
IL,puma_1703528,9.937227558348809e-06
IL,puma_1703529,1.0025443861299262e-05
IL,puma_1703530,9.884452330873907e-06
IL,puma_1703531,1.0052293466499807e-05
IL,puma_1703532,1.0052293466499807e-05
IL,puma_1703601,9.12978474394973e-06
IL,puma_1703602,9.071379737645993e-06
IL,puma_1703700,9.445067111764607e-06
IN,puma_1800101,1.0054763440592313e-05
IN,puma_1800102,9.811615383634812e-06
IN,puma_1800103,9.80621608575693e-06
IN,puma_1800104,9.770212258027655e-06
IN,puma_1800200,9.850755003955609e-06
IN,puma_1800300,9.843389589155668e-06
IN,puma_1800401,9.798778093839524e-06
IN,puma_1800402,9.757466940686207e-06
IN,puma_1800500,9.855214122679338e-06
IN,puma_1800600,9.67173786147223e-06
IN,puma_1800700,9.886424875802214e-06
IN,puma_1800800,9.795136250942957e-06
IN,puma_1800900,9.873042321014352e-06
IN,puma_1801001,9.957032760348465e-06
IN,puma_1801002,9.91128353852245e-06
IN,puma_1801003,9.881347229926236e-06
IN,puma_1801100,1.0013683397535829e-05
IN,puma_1801200,1.0274299111727849e-05
IN,puma_1801300,9.90134302170551e-06
IN,puma_1801400,9.942737021007013e-06
IN,puma_1801500,9.995929319912889e-06
IN,puma_1801600,1.042176868140823e-05
IN,puma_1801700,1.0638038344873965e-05
IN,puma_1801801,1.0198343042762697e-05
IN,puma_1801802,1.0203219783320324e-05
IN,puma_1801803,1.0149782743911837e-05
IN,puma_1801900,1.023345934330533e-05
IN,puma_1802000,1.019276383918726e-05
IN,puma_1802100,1.0229668977610417e-05
IN,puma_1802200,1.0429357939318259e-05
IN,puma_1802301,1.0520744861189003e-05
IN,puma_1802302,1.0287736141857505e-05
IN,puma_1802303,1.0137948107253898e-05
IN,puma_1802304,1.053115320113106e-05
IN,puma_1802305,1.0246177046678748e-05
IN,puma_1802306,1.0190333999340018e-05
IN,puma_1802307,1.031048234365683e-05
IN,puma_1802400,1.0281686927140958e-05
IN,puma_1802500,1.02774796346788e-05
IN,puma_1802600,1.018441165125345e-05
IN,puma_1802700,1.0735906713258645e-05
IN,puma_1802800,1.0591071770730673e-05
IN,puma_1802900,1.0605233141043402e-05
IN,puma_1803000,1.0864517590231129e-05
IN,puma_1803100,1.049347965139122e-05
IN,puma_1803200,1.1228162152805697e-05
IN,puma_1803300,1.1680672259394977e-05
IN,puma_1803400,1.1111751566187226e-05
IN,puma_1803500,1.1338711030810617e-05
IN,puma_1803600,1.134773816707644e-05
IA,puma_1900100,6.424994454959693e-06
IA,puma_1900200,6.336059866943291e-06
IA,puma_1900400,6.497485843683539e-06
IA,puma_1900500,6.662482849180095e-06
IA,puma_1900600,6.520208522331102e-06
IA,puma_1900700,6.652916785324361e-06
IA,puma_1900800,6.964001126971781e-06
IA,puma_1900900,7.132664392928033e-06
IA,puma_1901000,6.917979363671278e-06
IA,puma_1901100,6.991892141221074e-06
IA,puma_1901200,6.675040938195244e-06
IA,puma_1901300,6.733650656727714e-06
IA,puma_1901400,6.8669197226251286e-06
IA,puma_1901500,7.004409951822667e-06
IA,puma_1901600,6.913033128932644e-06
IA,puma_1901700,7.011450513930647e-06
IA,puma_1901800,6.922011880042658e-06
IA,puma_1901900,6.6181502289552e-06
IA,puma_1902000,6.697791155634243e-06
IA,puma_1902100,6.98763988290159e-06
IA,puma_1902200,7.016860193402487e-06
IA,puma_1902300,7.310298542427342e-06
KS,puma_2000100,8.686502772074876e-06
KS,puma_2000200,8.961312040357858e-06
KS,puma_2000300,8.935473498553288e-06
KS,puma_2000400,8.9555131295156e-06
KS,puma_2000500,9.224960301220669e-06
KS,puma_2000601,9.024460871639782e-06
KS,puma_2000602,9.184311801333002e-06
KS,puma_2000603,9.078920337364732e-06
KS,puma_2000604,9.139311654687412e-06
KS,puma_2000700,8.960201261950853e-06
KS,puma_2000801,9.065265940805529e-06
KS,puma_2000802,8.941669837197861e-06
KS,puma_2000900,9.147882976129933e-06
KS,puma_2001000,9.084511633835589e-06
KS,puma_2001100,9.308025743034821e-06
KS,puma_2001200,9.08911123376864e-06
KS,puma_2001301,9.336651698626323e-06
KS,puma_2001302,9.359877194464814e-06
KS,puma_2001303,9.414284689497574e-06
KS,puma_2001304,9.383014563526857e-06
KS,puma_2001400,9.148032967430675e-06
KS,puma_2001500,9.530344835015174e-06
KY,puma_2100100,1.3891763618049933e-05
KY,puma_2100200,1.3813047775087439e-05
KY,puma_2100300,1.3741329161750924e-05
KY,puma_2100400,1.375484578331112e-05
KY,puma_2100500,1.3784012205365625e-05
KY,puma_2100600,1.3372821565846912e-05
KY,puma_2100700,1.3304185417973896e-05
KY,puma_2100800,1.3329867360793744e-05
KY,puma_2100900,1.3316723161411508e-05
KY,puma_2101000,1.3211980802458272e-05
KY,puma_2101100,1.3034814623800054e-05
KY,puma_2101200,1.3386571915058072e-05
KY,puma_2101300,1.3127668216425331e-05
KY,puma_2101400,1.351685384720745e-05
KY,puma_2101500,1.3928828905339496e-05
KY,puma_2101600,1.3201584278066531e-05
KY,puma_2101701,1.3738054814420092e-05
KY,puma_2101702,1.3612630629264918e-05
KY,puma_2101703,1.331748605772499e-05
KY,puma_2101704,1.3442578948481276e-05
KY,puma_2101705,1.3401105669416172e-05
KY,puma_2101706,1.3738054814420092e-05
KY,puma_2101800,1.2879798971126987e-05
KY,puma_2101901,1.3188211877897266e-05
KY,puma_2101902,1.3185155778862283e-05
KY,puma_2102000,1.3049256631003474e-05
KY,puma_2102100,1.3206571073578632e-05
KY,puma_2102200,1.3165783938451672e-05
KY,puma_2102300,1.2979424179506406e-05
KY,puma_2102400,1.2818497305794569e-05
KY,puma_2102500,1.2799687952451264e-05
KY,puma_2102600,1.2911113748280649e-05
KY,puma_2102700,1.2857520539982811e-05
KY,puma_2102800,1.2687650827237227e-05
LA,puma_2200100,8.883949125014843e-06
LA,puma_2200101,8.826835668484859e-06
LA,puma_2200200,8.77045570066594e-06
LA,puma_2200300,8.785742760679564e-06
LA,puma_2200400,8.814621651742106e-06
LA,puma_2200500,8.759835333132076e-06
LA,puma_2200600,9.043667272150655e-06
LA,puma_2200700,9.08926661186597e-06
LA,puma_2200800,9.303674121856243e-06
LA,puma_2200900,9.470694179019682e-06
LA,puma_2201000,9.403599932153046e-06
LA,puma_2201100,9.425285163146653e-06
LA,puma_2201200,9.426756722579268e-06
LA,puma_2201201,9.493469957310745e-06
LA,puma_2201300,9.561416444771509e-06
LA,puma_2201400,9.305524629344783e-06
LA,puma_2201500,9.358796170721938e-06
LA,puma_2201501,9.410822549032694e-06
LA,puma_2201502,9.444955402726416e-06
LA,puma_2201600,9.462091650608638e-06
LA,puma_2201700,9.363161537822933e-06
LA,puma_2201800,9.232540946274991e-06
LA,puma_2201900,9.603331255506118e-06
LA,puma_2202000,9.593953501283868e-06
LA,puma_2202100,9.669116209833121e-06
LA,puma_2202200,9.29817369947492e-06
LA,puma_2202201,9.360946335553692e-06
LA,puma_2202300,9.717961924594532e-06
LA,puma_2202301,9.747389969099224e-06
LA,puma_2202302,9.718613125291963e-06
LA,puma_2202400,9.757406796472752e-06
LA,puma_2202401,9.768965993860825e-06
LA,puma_2202402,9.739829435272629e-06
LA,puma_2202500,9.688126399831002e-06
ME,puma_2300100,2.4667127740563457e-05
ME,puma_2300200,2.5598863642516875e-05
ME,puma_2300300,2.618966942899407e-05
ME,puma_2300400,2.690562750061807e-05
ME,puma_2300500,2.7076881554089407e-05
ME,puma_2300600,2.656590663184593e-05
ME,puma_2300700,2.7399155731842992e-05
ME,puma_2300800,2.749729793230158e-05
ME,puma_2300900,2.758229905095142e-05
ME,puma_2301000,2.7906566066382103e-05
MD,puma_2400100,1.340994414950696e-05
MD,puma_2400200,1.3969945603114865e-05
MD,puma_2400301,1.4216286609237341e-05
MD,puma_2400302,1.4612368622577197e-05
MD,puma_2400400,1.4182140490744617e-05
MD,puma_2400501,1.457584945073794e-05
MD,puma_2400502,1.4561728923761237e-05
MD,puma_2400503,1.433194935742839e-05
MD,puma_2400504,1.4395042561775644e-05
MD,puma_2400505,1.5190744914307056e-05
MD,puma_2400506,1.5373839974455005e-05
MD,puma_2400507,1.4903055469311152e-05
MD,puma_2400601,1.4875838080321313e-05
MD,puma_2400602,1.4794646603858045e-05
MD,puma_2400700,1.4460292188057907e-05
MD,puma_2400801,1.4632910045496297e-05
MD,puma_2400802,1.5043464667486215e-05
MD,puma_2400803,1.5006278715687658e-05
MD,puma_2400804,1.551817387008265e-05
MD,puma_2400805,1.5670115753064554e-05
MD,puma_2400901,1.4424986517358695e-05
MD,puma_2400902,1.4584237969343493e-05
MD,puma_2401001,1.4399577233609919e-05
MD,puma_2401002,1.4321979203354307e-05
MD,puma_2401003,1.4690866881995476e-05
MD,puma_2401004,1.4822128806403189e-05
MD,puma_2401005,1.4735968802932973e-05
MD,puma_2401006,1.465006080258859e-05
MD,puma_2401007,1.500247789014603e-05
MD,puma_2401101,1.4955338581420748e-05
MD,puma_2401102,1.462575046205862e-05
MD,puma_2401103,1.5039672096659213e-05
MD,puma_2401104,1.4982107279245505e-05
MD,puma_2401105,1.4489631076774225e-05
MD,puma_2401106,1.4952188161045913e-05
MD,puma_2401107,1.5090409326869598e-05
MD,puma_2401201,1.4531411069936556e-05
MD,puma_2401202,1.4753775059637893e-05
MD,puma_2401203,1.525376631793795e-05
MD,puma_2401204,1.5411722753089977e-05
MD,puma_2401300,1.506849232986437e-05
MD,puma_2401400,1.528072051714307e-05
MD,puma_2401500,1.5242310685266084e-05
MD,puma_2401600,1.533990933385496e-05
MA,puma_2500100,1.3124341708149362e-05
MA,puma_2500200,1.3374631677144734e-05
MA,puma_2500300,1.3670787065750803e-05
MA,puma_2500301,1.3769044467421429e-05
MA,puma_2500302,1.3534458742715516e-05
MA,puma_2500303,1.3816179711744392e-05
MA,puma_2500304,1.3793644363111864e-05
MA,puma_2500400,1.344514403341027e-05
MA,puma_2500501,1.3765467515901451e-05
MA,puma_2500502,1.3756392866526596e-05
MA,puma_2500503,1.4187296664252678e-05
MA,puma_2500504,1.3930944891660965e-05
MA,puma_2500505,1.4290345827968794e-05
MA,puma_2500506,1.4435999304810021e-05
MA,puma_2500507,1.4612770797173342e-05
MA,puma_2500508,1.454601057829789e-05
MA,puma_2500701,1.4098957957447238e-05
MA,puma_2500702,1.3958837948477232e-05
MA,puma_2500703,1.3965479044422368e-05
MA,puma_2500704,1.401070605782057e-05
MA,puma_2501000,1.4059202476096272e-05
MA,puma_2501300,1.4112844417982272e-05
MA,puma_2501400,1.3996709024451008e-05
MA,puma_2501600,1.3598052344947795e-05
MA,puma_2501900,1.3769220157470362e-05
MA,puma_2501901,1.3817487051350202e-05
MA,puma_2501902,1.3874454093434283e-05
MA,puma_2502400,1.411215727222212e-05
MA,puma_2502800,1.408174583984733e-05
MA,puma_2503301,1.4404394825460823e-05
MA,puma_2503302,1.4700477318587616e-05
MA,puma_2503303,1.4573599038182476e-05
MA,puma_2503304,1.4404394825460823e-05
MA,puma_2503305,1.4365624768734962e-05
MA,puma_2503306,1.4770579520574867e-05
MA,puma_2503400,1.4371437834246003e-05
MA,puma_2503500,1.4005051075437486e-05
MA,puma_2503601,1.4238980746073515e-05
MA,puma_2503602,1.409088438778101e-05
MA,puma_2503603,1.4438179734878037e-05
MA,puma_2503900,1.4620818968107872e-05
MA,puma_2504000,1.4065720938991985e-05
MA,puma_2504200,1.4344635839244668e-05
MA,puma_2504301,1.4579352345811799e-05
MA,puma_2504302,1.4954014915882644e-05
MA,puma_2504303,1.429764103224455e-05
MA,puma_2504500,1.4559524770045586e-05
MA,puma_2504700,1.4542504812545907e-05
MA,puma_2504800,1.4674212945224585e-05
MA,puma_2504901,1.44147838597573e-05
MA,puma_2504902,1.4498693157760889e-05
MA,puma_2504903,1.4403970314071373e-05
MI,puma_2600100,7.224786151081052e-06
MI,puma_2600200,7.420726306764918e-06
MI,puma_2600300,7.62852421343027e-06
MI,puma_2600400,7.74648015388535e-06
MI,puma_2600500,8.071089377283684e-06
MI,puma_2600600,8.149630797911929e-06
MI,puma_2600700,8.49889550791467e-06
MI,puma_2600801,8.610005922675008e-06
MI,puma_2600802,8.663499731210955e-06
MI,puma_2600900,8.441633084092666e-06
MI,puma_2601001,8.576140725233613e-06
MI,puma_2601002,8.601537013935039e-06
MI,puma_2601003,8.601537013935039e-06
MI,puma_2601004,8.459014071508076e-06
MI,puma_2601100,8.071902034582528e-06
MI,puma_2601200,8.083643788126191e-06
MI,puma_2601300,7.818305357108516e-06
MI,puma_2601400,8.265793857704062e-06
MI,puma_2601500,8.28787907720228e-06
MI,puma_2601600,8.089019714687187e-06
MI,puma_2601701,8.27435386836015e-06
MI,puma_2601702,8.284764835771833e-06
MI,puma_2601703,8.282810159914007e-06
MI,puma_2601704,8.286329372781517e-06
MI,puma_2601801,8.529821641901307e-06
MI,puma_2601802,8.490324423007952e-06
MI,puma_2601900,8.386263458024152e-06
MI,puma_2602000,8.445115131266846e-06
MI,puma_2602101,8.65239603649342e-06
MI,puma_2602102,8.646865454456855e-06
MI,puma_2602200,8.537653685066793e-06
MI,puma_2602300,8.448417749777382e-06
MI,puma_2602400,8.820300089107593e-06
MI,puma_2602500,8.462765613017025e-06
MI,puma_2602600,8.490559946627412e-06
MI,puma_2602701,8.475787254184956e-06
MI,puma_2602702,8.52917064873381e-06
MI,puma_2602703,8.512523037322286e-06
MI,puma_2602800,8.337643045470201e-06
MI,puma_2602901,8.287462891680987e-06
MI,puma_2602902,8.33565843305585e-06
MI,puma_2602903,8.342378422232304e-06
MI,puma_2602904,8.384399407546175e-06
MI,puma_2602905,8.392285927879325e-06
MI,puma_2602906,8.370840428600081e-06
MI,puma_2602907,8.427518555512865e-06
MI,puma_2602908,8.655723544661825e-06
MI,puma_2603001,8.346889688621125e-06
MI,puma_2603002,8.414051221997958e-06
MI,puma_2603003,8.636090213431369e-06
MI,puma_2603004,8.49751757700643e-06
MI,puma_2603005,8.676339339499859e-06
MI,puma_2603006,8.751661109461463e-06
MI,puma_2603100,8.443218141770608e-06
MI,puma_2603201,8.487260757462167e-06
MI,puma_2603202,8.474053928874674e-06
MI,puma_2603203,8.761756183509925e-06
MI,puma_2603204,8.780740288326552e-06
MI,puma_2603205,8.78279880729665e-06
MI,puma_2603206,8.78448692222399e-06
MI,puma_2603207,8.759188107634961e-06
MI,puma_2603208,8.715505391237891e-06
MI,puma_2603209,8.731430189848589e-06
MI,puma_2603210,8.78434315927723e-06
MI,puma_2603211,8.728841590085029e-06
MI,puma_2603212,8.732074343994848e-06
MI,puma_2603213,8.645232432422111e-06
MI,puma_2603300,8.625595537702563e-06
MN,puma_2700100,8.619292524836829e-06
MN,puma_2700200,8.505796904804634e-06
MN,puma_2700300,8.686941037473825e-06
MN,puma_2700400,8.285565950941603e-06
MN,puma_2700500,8.534341108415975e-06
MN,puma_2700600,9.104922847415008e-06
MN,puma_2700700,8.835138019900124e-06
MN,puma_2700800,8.967477629359804e-06
MN,puma_2700900,9.213711565935987e-06
MN,puma_2701000,9.277699746507766e-06
MN,puma_2701101,9.311742496086e-06
MN,puma_2701102,9.492147323275278e-06
MN,puma_2701103,9.448796470047531e-06
MN,puma_2701201,9.590367996846213e-06
MN,puma_2701202,9.617408684861827e-06
MN,puma_2701301,9.868929794432476e-06
MN,puma_2701302,9.806157091899926e-06
MN,puma_2701303,9.75392275560598e-06
MN,puma_2701304,9.70436259810701e-06
MN,puma_2701401,9.487509503846574e-06
MN,puma_2701402,9.594025083894756e-06
MN,puma_2701403,9.618238700842009e-06
MN,puma_2701404,9.608508636066593e-06
MN,puma_2701405,9.798833453395338e-06
MN,puma_2701406,9.799339037623565e-06
MN,puma_2701407,9.815509836314976e-06
MN,puma_2701408,9.62931731758547e-06
MN,puma_2701409,9.666530690205666e-06
MN,puma_2701410,9.711026081419746e-06
MN,puma_2701501,9.737175644063792e-06
MN,puma_2701502,9.593793981733848e-06
MN,puma_2701503,9.692078668095257e-06
MN,puma_2701600,9.644557017393747e-06
MN,puma_2701700,9.398742180906985e-06
MN,puma_2701800,9.283576923769719e-06
MN,puma_2701900,9.273683720289033e-06
MN,puma_2702000,9.424654014634235e-06
MN,puma_2702100,9.507606053886903e-06
MN,puma_2702200,9.553496490411273e-06
MN,puma_2702300,9.401352790927994e-06
MN,puma_2702400,9.402662098194844e-06
MN,puma_2702500,9.511363890065085e-06
MN,puma_2702600,9.704267958053179e-06
MS,puma_2800100,1.5608739211487297e-05
MS,puma_2800200,1.4989348015724259e-05
MS,puma_2800300,1.5561717553108486e-05
MS,puma_2800400,1.5576775872936358e-05
MS,puma_2800500,1.547064343121678e-05
MS,puma_2800600,1.5986707769626435e-05
MS,puma_2800700,1.581988853906422e-05
MS,puma_2800800,1.6026608320799822e-05
MS,puma_2800900,1.6415089644899456e-05
MS,puma_2801000,1.6799721130434836e-05
MS,puma_2801100,1.6773942884872295e-05
MS,puma_2801200,1.6748289341997704e-05
MS,puma_2801300,1.6550916867247502e-05
MS,puma_2801400,1.6310445510060746e-05
MS,puma_2801500,1.6359940310337868e-05
MS,puma_2801600,1.689148774850897e-05
MS,puma_2801700,1.679063206463281e-05
MS,puma_2801800,1.7098471261386463e-05
MS,puma_2801900,1.727181851211159e-05
MS,puma_2802000,1.782724380242589e-05
MS,puma_2802100,1.7600431845428328e-05
MO,puma_2900100,9.036472057433498e-06
MO,puma_2900200,9.266649953097953e-06
MO,puma_2900300,9.126282310915768e-06
MO,puma_2900400,9.488049970595844e-06
MO,puma_2900500,9.672569755744229e-06
MO,puma_2900600,9.802475952460107e-06
MO,puma_2900700,9.491300637602686e-06
MO,puma_2900800,9.376084797241795e-06
MO,puma_2900901,9.401442858657591e-06
MO,puma_2900902,9.726688588655859e-06
MO,puma_2900903,9.668915505712287e-06
MO,puma_2901001,9.845001413396928e-06
MO,puma_2901002,9.55357404353928e-06
MO,puma_2901003,9.546915776997303e-06
MO,puma_2901004,9.585569555805065e-06
MO,puma_2901005,9.711674066095945e-06
MO,puma_2901100,9.586526259838878e-06
MO,puma_2901200,9.899502286579438e-06
MO,puma_2901300,9.782626841420928e-06
MO,puma_2901400,9.895632672844984e-06
MO,puma_2901500,9.701524696754467e-06
MO,puma_2901600,9.851094571767561e-06
MO,puma_2901701,9.663852424561761e-06
MO,puma_2901702,9.64172749762658e-06
MO,puma_2901703,9.644259234595605e-06
MO,puma_2901801,9.991547690234997e-06
MO,puma_2901802,9.9912317152575e-06
MO,puma_2901803,1.0006357281445953e-05
MO,puma_2901804,9.831922867056969e-06
MO,puma_2901805,9.954224669778151e-06
MO,puma_2901806,9.78116419626957e-06
MO,puma_2901807,9.999964757343211e-06
MO,puma_2901808,9.902129930208327e-06
MO,puma_2901901,1.0017476386602401e-05
MO,puma_2901902,9.97757882103514e-06
MO,puma_2902001,9.752651294457497e-06
MO,puma_2902002,9.72596723999856e-06
MO,puma_2902100,9.767759003883198e-06
MO,puma_2902200,1.0146541926913066e-05
MO,puma_2902300,1.0436237021857605e-05
MO,puma_2902400,1.0070541731404263e-05
MO,puma_2902500,9.888773337314553e-06
MO,puma_2902601,9.715211286775567e-06
MO,puma_2902602,9.957318439543375e-06
MO,puma_2902603,9.955841589505737e-06
MO,puma_2902700,1.0058967204407012e-05
MO,puma_2902800,1.0257496410867269e-05
MT,puma_3000100,1.2558887103940015e-05
MT,puma_3000200,1.3316351157055129e-05
MT,puma_3000300,1.247475930482779e-05
MT,puma_3000400,1.3059104114272108e-05
MT,puma_3000500,1.2798353921850416e-05
MT,puma_3000600,1.305832689557284e-05
MT,puma_3000700,1.387287719205795e-05
NE,puma_3100100,1.0563495230753678e-05
NE,puma_3100200,1.0537894423750058e-05
NE,puma_3100300,1.0925898763372233e-05
NE,puma_3100400,1.0859059751190177e-05
NE,puma_3100500,1.0928006662484765e-05
NE,puma_3100600,1.1112728519070446e-05
NE,puma_3100701,1.0854411501245166e-05
NE,puma_3100702,1.0918192300271247e-05
NE,puma_3100801,1.1091538770373138e-05
NE,puma_3100802,1.1105953793496797e-05
NE,puma_3100901,1.0795340020278432e-05
NE,puma_3100902,1.0857944968612032e-05
NE,puma_3100903,1.0910752974195845e-05
NE,puma_3100904,1.1010174087968018e-05
NV,puma_3200101,1.5851138416218362e-05
NV,puma_3200102,1.5353877312404432e-05
NV,puma_3200103,1.5793828038311525e-05
NV,puma_3200200,1.5174590138243105e-05
NV,puma_3200300,1.5128888260339345e-05
NV,puma_3200401,2.0372357213696608e-05
NV,puma_3200402,2.038491001286512e-05
NV,puma_3200403,2.0509695953405016e-05
NV,puma_3200404,2.0482973864413863e-05
NV,puma_3200405,2.0506661195002666e-05
NV,puma_3200406,2.0461792023799165e-05
NV,puma_3200407,1.988661308431521e-05
NV,puma_3200408,1.9870829115261007e-05
NV,puma_3200409,2.061256638066826e-05
NV,puma_3200410,2.057782084776679e-05
NV,puma_3200411,2.0439035261232335e-05
NV,puma_3200412,2.017259784651422e-05
NV,puma_3200413,2.0163584611228872e-05
NH,puma_3300100,1.4341844888434826e-05
NH,puma_3300200,1.5169174112198439e-05
NH,puma_3300300,1.578945091109888e-05
NH,puma_3300400,1.5521133582615966e-05
NH,puma_3300500,1.5265494813880296e-05
NH,puma_3300600,1.5829269875905254e-05
NH,puma_3300700,1.613861352972779e-05
NH,puma_3300800,1.637023597323616e-05
NH,puma_3300900,1.6104599837232172e-05
NH,puma_3301000,1.6148286130793807e-05
NJ,puma_3400101,1.4018778435523737e-05
NJ,puma_3400102,1.3636221507272202e-05
NJ,puma_3400301,1.3582464713311562e-05
NJ,puma_3400302,1.3602800854687543e-05
NJ,puma_3400303,1.3757410652464699e-05
NJ,puma_3400304,1.3522225315157074e-05
NJ,puma_3400305,1.1749536219678496e-05
NJ,puma_3400306,1.2812062369450604e-05
NJ,puma_3400307,1.3582464713311562e-05
NJ,puma_3400308,1.2085289352348517e-05
NJ,puma_3400400,1.300000987661203e-05
NJ,puma_3400501,1.3378396322934331e-05
NJ,puma_3400502,1.3001869877970238e-05
NJ,puma_3400503,1.2805813689947191e-05
NJ,puma_3400601,1.3775360122830939e-05
NJ,puma_3400602,1.366433563765076e-05
NJ,puma_3400701,1.3783346331668974e-05
NJ,puma_3400702,1.3830168836090885e-05
NJ,puma_3400703,1.3679302285765057e-05
NJ,puma_3400800,1.280160837106423e-05
NJ,puma_3400901,1.3344986047419695e-05
NJ,puma_3400902,1.3280402479944333e-05
NJ,puma_3400903,1.346953958579773e-05
NJ,puma_3400904,1.3408223532588987e-05
NJ,puma_3400905,1.3440479218767567e-05
NJ,puma_3400906,1.3279438099187762e-05
NJ,puma_3400907,1.3323802201690701e-05
NJ,puma_3401001,1.2805178936180033e-05
NJ,puma_3401002,1.3071201231230198e-05
NJ,puma_3401003,1.2925692134109424e-05
NJ,puma_3401101,1.3539169053507277e-05
NJ,puma_3401102,1.3402552184272858e-05
NJ,puma_3401103,1.3539169053507277e-05
NJ,puma_3401104,1.3609913930280393e-05
NJ,puma_3401105,1.347753158817723e-05
NJ,puma_3401106,1.3418619076228004e-05
NJ,puma_3401201,1.346091923622746e-05
NJ,puma_3401202,1.3309195251126867e-05
NJ,puma_3401203,1.3309195251126867e-05
NJ,puma_3401204,1.3332499085981695e-05
NJ,puma_3401205,1.3319303584343286e-05
NJ,puma_3401301,1.3659966007934463e-05
NJ,puma_3401302,1.3678189281586902e-05
NJ,puma_3401401,1.3589789087430446e-05
NJ,puma_3401402,1.344007944352633e-05
NJ,puma_3401403,1.302633418820248e-05
NJ,puma_3401404,1.2936025631634796e-05
NJ,puma_3401501,1.27506116138343e-05
NJ,puma_3401502,1.2406765293613582e-05
NJ,puma_3401503,1.2876254603264275e-05
NJ,puma_3401504,1.2899030676777958e-05
NJ,puma_3401600,1.2427651130052563e-05
NJ,puma_3401700,1.2600796912773286e-05
NJ,puma_3401800,1.3700686835746846e-05
NJ,puma_3401901,1.3409017764548311e-05
NJ,puma_3401902,1.3185535479522065e-05
NJ,puma_3401903,1.3444146292992782e-05
NJ,puma_3401904,1.3369395106657151e-05
NJ,puma_3402001,1.3562879877757325e-05
NJ,puma_3402002,1.365995409491469e-05
NJ,puma_3402003,1.3638710154927782e-05
NJ,puma_3402101,1.4425081718214335e-05
NJ,puma_3402102,1.395004720912425e-05
NJ,puma_3402103,1.343803539448272e-05
NJ,puma_3402104,1.3822567473682164e-05
NJ,puma_3402201,1.35876121929475e-05
NJ,puma_3402202,1.3542449397399675e-05
NJ,puma_3402301,1.3395935511220542e-05
NJ,puma_3402302,1.3292860762672794e-05
NJ,puma_3402303,1.3325390691675425e-05
NJ,puma_3402400,1.3519666318336028e-05
NJ,puma_3402500,1.3829595965083731e-05
NJ,puma_3402600,1.3806141422568527e-05
NM,puma_3500100,1.3169747875914955e-05
NM,puma_3500200,1.3763475799450529e-05
NM,puma_3500300,1.2882442036218565e-05
NM,puma_3500400,1.4985607687508639e-05
NM,puma_3500500,1.3377620435319122e-05
NM,puma_3500600,1.4766949032823335e-05
NM,puma_3500700,1.4602765703170127e-05
NM,puma_3500801,1.4691861226043457e-05
NM,puma_3500802,1.490980276512763e-05
NM,puma_3500803,1.5012039318956578e-05
NM,puma_3500804,1.5113599138663023e-05
NM,puma_3500805,1.5206653200207605e-05
NM,puma_3500806,1.4885172737277111e-05
NM,puma_3500900,1.547085240462277e-05
NM,puma_3501001,1.6773629599127767e-05
NM,puma_3501002,1.6898187441821585e-05
NM,puma_3501100,1.5836236032202107e-05
NM,puma_3501200,1.6626280641114558e-05
NY,puma_3600100,1.3723929765289504e-05
NY,puma_3600200,1.3729928542558183e-05
NY,puma_3600300,1.4327362241161233e-05
NY,puma_3600401,1.4127080420776682e-05
NY,puma_3600402,1.450565993836554e-05
NY,puma_3600403,1.4294262520328263e-05
NY,puma_3600500,1.4139555660910221e-05
NY,puma_3600600,1.4744492675581365e-05
NY,puma_3600701,1.5381677488882066e-05
NY,puma_3600702,1.489357689676083e-05
NY,puma_3600703,1.5316952015331233e-05
NY,puma_3600704,1.4685101653160315e-05
NY,puma_3600800,1.5256423987488636e-05
NY,puma_3600901,1.52140729422709e-05
NY,puma_3600902,1.52140729422709e-05
NY,puma_3600903,1.52140729422709e-05
NY,puma_3600904,1.52140729422709e-05
NY,puma_3600905,1.5248940834055588e-05
NY,puma_3600906,1.521643916914453e-05
NY,puma_3601000,1.532825401533097e-05
NY,puma_3601101,1.5182086706638602e-05
NY,puma_3601102,1.5350503239567904e-05
NY,puma_3601201,1.5286927054576567e-05
NY,puma_3601202,1.52659315607925e-05
NY,puma_3601203,1.5118762435935668e-05
NY,puma_3601204,1.5246559469937854e-05
NY,puma_3601205,1.5260742837381538e-05
NY,puma_3601206,1.5309583553492694e-05
NY,puma_3601207,1.4750783809723226e-05
NY,puma_3601300,1.4764091034011248e-05
NY,puma_3601400,1.5150937815296243e-05
NY,puma_3601500,1.4248123194017794e-05
NY,puma_3601600,1.427456170525882e-05
NY,puma_3601700,1.5054875044463394e-05
NY,puma_3601801,1.5167050423753325e-05
NY,puma_3601802,1.4877648230056521e-05
NY,puma_3601900,1.520906134419091e-05
NY,puma_3602001,1.5180978049589106e-05
NY,puma_3602002,1.512411294871193e-05
NY,puma_3602100,1.5340236598634892e-05
NY,puma_3602201,1.4783664057417301e-05
NY,puma_3602202,1.4730129158497099e-05
NY,puma_3602203,1.4405724623499505e-05
NY,puma_3602300,1.4597101761326409e-05
NY,puma_3602401,1.4647730924909672e-05
NY,puma_3602402,1.4525222551612156e-05
NY,puma_3602500,1.434359866647412e-05
NY,puma_3602600,1.51692319218142e-05
NY,puma_3602701,1.4648646049654674e-05
NY,puma_3602702,1.5148746546756598e-05
NY,puma_3602801,1.5257861313296862e-05
NY,puma_3602802,1.5812760514467896e-05
NY,puma_3602901,1.5778742940327948e-05
NY,puma_3602902,1.5902730415386226e-05
NY,puma_3602903,1.5928371926306817e-05
NY,puma_3603001,1.389688110862716e-05
NY,puma_3603002,1.4182326732022669e-05
NY,puma_3603003,1.5005733739697477e-05
NY,puma_3603101,1.5775049471886383e-05
NY,puma_3603102,1.5959627391490994e-05
NY,puma_3603103,1.6112649169619967e-05
NY,puma_3603104,1.6377207917487456e-05
NY,puma_3603105,1.6708856212632854e-05
NY,puma_3603106,1.7037198589891012e-05
NY,puma_3603107,1.723656178294807e-05
NY,puma_3603201,1.7457344901946137e-05
NY,puma_3603202,1.7259046809169312e-05
NY,puma_3603203,1.7024366493379578e-05
NY,puma_3603204,1.7423203231292867e-05
NY,puma_3603205,1.740353872917034e-05
NY,puma_3603206,1.7174229416680743e-05
NY,puma_3603207,1.7251302096912594e-05
NY,puma_3603208,1.698232188383307e-05
NY,puma_3603209,1.71405674312905e-05
NY,puma_3603210,1.6797006740651608e-05
NY,puma_3603211,1.715987816168745e-05
NY,puma_3603212,1.7138680167475894e-05
NY,puma_3603301,1.6849565772201804e-05
NY,puma_3603302,1.686347515834405e-05
NY,puma_3603303,1.682095280229255e-05
NY,puma_3603304,1.709153545217408e-05
NY,puma_3603305,1.64565527992626e-05
NY,puma_3603306,1.6615267150461542e-05
NY,puma_3603307,1.6926082909938748e-05
NY,puma_3603308,1.6842764152683573e-05
NY,puma_3603309,1.6681230639226716e-05
NY,puma_3603310,1.6728018079766216e-05
NY,puma_3603311,1.676169670808832e-05
NY,puma_3603312,1.6896425904104602e-05
NY,puma_3603313,1.6896425904104602e-05
NY,puma_3603701,1.75658360247384e-05
NY,puma_3603702,1.75658360247384e-05
NY,puma_3603703,1.75658360247384e-05
NY,puma_3603704,1.75658360247384e-05
NY,puma_3603705,1.758190373247871e-05
NY,puma_3603706,1.75658360247384e-05
NY,puma_3603707,1.75658360247384e-05
NY,puma_3603708,1.7614227565081516e-05
NY,puma_3603709,1.75658360247384e-05
NY,puma_3603710,1.7667213017203027e-05
NY,puma_3603801,1.756976872949271e-05
NY,puma_3603802,1.7572735631294676e-05
NY,puma_3603803,1.7572735631294676e-05
NY,puma_3603804,1.7574380341671384e-05
NY,puma_3603805,1.7572735631294676e-05
NY,puma_3603806,1.7572735631294676e-05
NY,puma_3603807,1.7572735631294676e-05
NY,puma_3603808,1.7572735631294676e-05
NY,puma_3603809,1.7572735631294676e-05
NY,puma_3603810,1.7572737091706444e-05
NY,puma_3603901,1.7377908779041e-05
NY,puma_3603902,1.7513798374213965e-05
NY,puma_3603903,1.7469410866153716e-05
NY,puma_3604001,1.7572735631294676e-05
NY,puma_3604002,1.7653147701583134e-05
NY,puma_3604003,1.7598946500289508e-05
NY,puma_3604004,1.7605648922093247e-05
NY,puma_3604005,1.76747082171058e-05
NY,puma_3604006,1.7682268231560492e-05
NY,puma_3604007,1.7684257110791464e-05
NY,puma_3604008,1.7653162947057216e-05
NY,puma_3604009,1.7682268231560492e-05
NY,puma_3604010,1.7682268231560492e-05
NY,puma_3604011,1.7682268231560492e-05
NY,puma_3604012,1.7682268231560492e-05
NY,puma_3604013,1.7682268231560492e-05
NY,puma_3604014,1.7682268231560492e-05
NY,puma_3604015,1.7682268231560492e-05
NY,puma_3604016,1.7682268231560492e-05
NY,puma_3604017,1.7682268231560492e-05
NY,puma_3604018,1.7682268231560492e-05
NY,puma_3604101,1.7648881697132955e-05
NY,puma_3604102,1.7690627193339174e-05
NY,puma_3604103,1.766612814039024e-05
NY,puma_3604104,1.754202115833071e-05
NY,puma_3604105,1.744444780859572e-05
NY,puma_3604106,1.7560776854294456e-05
NY,puma_3604107,1.7690627193339174e-05
NY,puma_3604108,1.7690627193339174e-05
NY,puma_3604109,1.7673403545093414e-05
NY,puma_3604110,1.7690627193339174e-05
NY,puma_3604111,1.759501208843907e-05
NY,puma_3604112,1.7449136405669263e-05
NY,puma_3604113,1.7455920196539377e-05
NY,puma_3604114,1.7457365391961207e-05
NC,puma_3700100,1.181214330869732e-05
NC,puma_3700200,1.2993451569756547e-05
NC,puma_3700300,1.3514273862815514e-05
NC,puma_3700400,1.3648315374547096e-05
NC,puma_3700500,1.3656273715965892e-05
NC,puma_3700600,1.3997962160960605e-05
NC,puma_3700700,1.4462027677318761e-05
NC,puma_3700800,1.4649968158341589e-05
NC,puma_3700900,1.41552646441999e-05
NC,puma_3701000,1.4594736699376324e-05
NC,puma_3701100,1.412931920273293e-05
NC,puma_3701201,1.444764545784729e-05
NC,puma_3701202,1.4251261163042145e-05
NC,puma_3701203,1.397245597127346e-05
NC,puma_3701204,1.4235302379431e-05
NC,puma_3701205,1.4379393235000988e-05
NC,puma_3701206,1.4233155120650248e-05
NC,puma_3701207,1.4189925573229494e-05
NC,puma_3701208,1.4105166140792163e-05
NC,puma_3701301,1.396498100231546e-05
NC,puma_3701302,1.379839775472032e-05
NC,puma_3701400,1.4096235522293868e-05
NC,puma_3701500,1.414341641857807e-05
NC,puma_3701600,1.3957624582205629e-05
NC,puma_3701701,1.3972274622095166e-05
NC,puma_3701702,1.3972274622095166e-05
NC,puma_3701703,1.3911272324416909e-05
NC,puma_3701704,1.4336760240942303e-05
NC,puma_3701801,1.400802201186238e-05
NC,puma_3701802,1.4142530169565763e-05
NC,puma_3701803,1.3797260249277666e-05
NC,puma_3701900,1.3320989978461298e-05
NC,puma_3702000,1.3756600816292947e-05
NC,puma_3702100,1.3428301487999499e-05
NC,puma_3702201,1.3207810715141213e-05
NC,puma_3702202,1.28327193563144e-05
NC,puma_3702300,1.2852282115977362e-05
NC,puma_3702400,1.3224170611097328e-05
NC,puma_3702500,1.3261147956003298e-05
NC,puma_3702600,1.3876496492884104e-05
NC,puma_3702700,1.4038834450059562e-05
NC,puma_3702800,1.3914797690305736e-05
NC,puma_3702900,1.3260903274855664e-05
NC,puma_3703001,1.4251379031504799e-05
NC,puma_3703002,1.4304512102605627e-05
NC,puma_3703101,1.4298426434149872e-05
NC,puma_3703102,1.423460796792742e-05
NC,puma_3703103,1.4275698404499548e-05
NC,puma_3703104,1.4322233404902964e-05
NC,puma_3703105,1.423460796792742e-05
NC,puma_3703106,1.4236629818298579e-05
NC,puma_3703107,1.4347253427265723e-05
NC,puma_3703108,1.4361129559364437e-05
NC,puma_3703200,1.4242807399880354e-05
NC,puma_3703300,1.4226999880418253e-05
NC,puma_3703400,1.3960105156298911e-05
NC,puma_3703500,1.4102755438330717e-05
NC,puma_3703600,1.4204133623234522e-05
NC,puma_3703700,1.4271417001897071e-05
NC,puma_3703800,1.447217477680036e-05
NC,puma_3703900,1.4514457041169286e-05
NC,puma_3704000,1.4770803958938376e-05
NC,puma_3704100,1.48368904044322e-05
NC,puma_3704200,1.4668822114501791e-05
NC,puma_3704300,1.5087703509528076e-05
NC,puma_3704400,1.5157291583506454e-05
NC,puma_3704500,1.500756576372747e-05
NC,puma_3704600,1.5162759972993595e-05
NC,puma_3704700,1.5411806268224157e-05
NC,puma_3704800,1.53731155344857e-05
NC,puma_3704900,1.480304934425887e-05
NC,puma_3705001,1.4657772862234184e-05
NC,puma_3705002,1.4784042074067206e-05
NC,puma_3705003,1.4968582998041942e-05
NC,puma_3705100,1.4825776591863717e-05
NC,puma_3705200,1.451285687350373e-05
NC,puma_3705300,1.443674094913352e-05
NC,puma_3705400,1.4471515748307349e-05
ND,puma_3800100,1.0510223159887541e-05
ND,puma_3800200,1.0297899435945609e-05
ND,puma_3800300,1.0679201176581525e-05
ND,puma_3800400,1.0205101593137914e-05
ND,puma_3800500,1.0583171389289634e-05
OH,puma_3900100,9.105768564884185e-06
OH,puma_3900200,9.125010916347323e-06
OH,puma_3900300,9.241471356119179e-06
OH,puma_3900400,9.380498360353095e-06
OH,puma_3900500,9.495278648227967e-06
OH,puma_3900600,9.35392647960493e-06
OH,puma_3900700,9.314955088592264e-06
OH,puma_3900801,9.439721084044957e-06
OH,puma_3900802,9.47859732431661e-06
OH,puma_3900901,9.514201731072467e-06
OH,puma_3900902,9.532135245198116e-06
OH,puma_3900903,9.564445919025616e-06
OH,puma_3900904,9.612210528866569e-06
OH,puma_3900905,9.611360504096773e-06
OH,puma_3900906,9.747613274891e-06
OH,puma_3900907,9.747613274891e-06
OH,puma_3900908,9.747613274891e-06
OH,puma_3900909,9.692249640506646e-06
OH,puma_3900910,9.489449119476237e-06
OH,puma_3901000,9.251084575929661e-06
OH,puma_3901100,9.3936150462103e-06
OH,puma_3901200,8.955051327301314e-06
OH,puma_3901300,9.040806297233917e-06
OH,puma_3901400,8.969857145484456e-06
OH,puma_3901500,8.962919389147963e-06
OH,puma_3901600,9.156437854311995e-06
OH,puma_3901700,9.13590896632718e-06
OH,puma_3901801,9.592465501833339e-06
OH,puma_3901802,9.486188341501653e-06
OH,puma_3901803,9.440673632683093e-06
OH,puma_3901804,9.576377743764162e-06
OH,puma_3901805,9.436211830085544e-06
OH,puma_3901900,9.211346907652793e-06
OH,puma_3902000,9.26737570199633e-06
OH,puma_3902100,9.151986004270867e-06
OH,puma_3902200,9.125144789381725e-06
OH,puma_3902300,9.219324407070747e-06
OH,puma_3902400,9.368558516101126e-06
OH,puma_3902500,9.356731154707462e-06
OH,puma_3902600,9.41175721878561e-06
OH,puma_3902700,9.362879667026798e-06
OH,puma_3902800,9.123885582549125e-06
OH,puma_3902900,9.480373009217868e-06
OH,puma_3903000,9.32163480509966e-06
OH,puma_3903100,9.241074252337294e-06
OH,puma_3903200,9.235774109108094e-06
OH,puma_3903300,9.20590271082566e-06
OH,puma_3903400,9.216758757701444e-06
OH,puma_3903500,9.614681659382001e-06
OH,puma_3903600,9.778778983331274e-06
OH,puma_3903700,9.587114919170496e-06
OH,puma_3903800,9.489670242669853e-06
OH,puma_3903900,9.790944912028931e-06
OH,puma_3904000,9.651665962663704e-06
OH,puma_3904101,9.880294497954208e-06
OH,puma_3904102,9.795371198736593e-06
OH,puma_3904103,9.667565449697455e-06
OH,puma_3904104,9.650381378885877e-06
OH,puma_3904105,9.66791416036937e-06
OH,puma_3904106,9.843454483049646e-06
OH,puma_3904107,9.786716578065734e-06
OH,puma_3904108,9.823982787441266e-06
OH,puma_3904109,9.721496246786575e-06
OH,puma_3904110,9.669565043788414e-06
OH,puma_3904111,9.650381378885877e-06
OH,puma_3904200,9.616095134620597e-06
OH,puma_3904300,9.419811848651479e-06
OH,puma_3904400,9.67308692755185e-06
OH,puma_3904500,9.33029424475952e-06
OH,puma_3904601,9.74573472760007e-06
OH,puma_3904602,9.70788819924769e-06
OH,puma_3904603,9.89194903607997e-06
OH,puma_3904604,9.845026939674786e-06
OH,puma_3904700,9.911180913201141e-06
OH,puma_3904800,9.806685959176016e-06
OH,puma_3904900,9.699696128360144e-06
OH,puma_3905000,9.92809501742957e-06
OH,puma_3905100,1.0154386936531223e-05
OH,puma_3905200,9.698931747855685e-06
OH,puma_3905301,9.823398329840008e-06
OH,puma_3905302,9.807721900682998e-06
OH,puma_3905401,9.867656561097813e-06
OH,puma_3905402,9.909115630873162e-06
OH,puma_3905403,9.850890007042769e-06
OH,puma_3905501,9.98217990805959e-06
OH,puma_3905502,9.917712905965823e-06
OH,puma_3905503,9.922678754395126e-06
OH,puma_3905504,1.006375190480871e-05
OH,puma_3905505,1.0117084192201343e-05
OH,puma_3905506,9.97432352164069e-06
OH,puma_3905507,9.977805834181436e-06
OH,puma_3905600,9.90188491374298e-06
OH,puma_3905700,9.836225051718669e-06
OK,puma_4000100,9.469719940115323e-06
OK,puma_4000200,9.749479370199576e-06
OK,puma_4000300,9.982571194042294e-06
OK,puma_4000400,9.576455059232468e-06
OK,puma_4000500,9.111712428851606e-06
OK,puma_4000601,9.930135514583146e-06
OK,puma_4000602,9.793600715576106e-06
OK,puma_4000701,1.0042319510340423e-05
OK,puma_4000702,1.0048461022566623e-05
OK,puma_4000800,9.651351375202463e-06
OK,puma_4000900,9.76671866116602e-06
OK,puma_4001001,9.820059006933682e-06
OK,puma_4001002,9.683820507907488e-06
OK,puma_4001003,9.591953354167823e-06
OK,puma_4001004,9.794736356522437e-06
OK,puma_4001005,9.877876407669407e-06
OK,puma_4001006,9.720340541310945e-06
OK,puma_4001101,9.776400059100238e-06
OK,puma_4001102,9.632333325133715e-06
OK,puma_4001201,9.660095500497737e-06
OK,puma_4001202,9.62797555316664e-06
OK,puma_4001203,9.71562072622719e-06
OK,puma_4001204,9.596034352159334e-06
OK,puma_4001301,9.552428785629977e-06
OK,puma_4001302,9.772269243234379e-06
OK,puma_4001400,9.308755721210299e-06
OK,puma_4001501,9.660686251766585e-06
OK,puma_4001601,9.430825318710727e-06
OR,puma_4100100,1.1900503359011209e-05
OR,puma_4100200,1.1691324321749433e-05
OR,puma_4100300,1.1357297793982822e-05
OR,puma_4100400,1.0897821809162333e-05
OR,puma_4100500,1.2647083841112661e-05
OR,puma_4100600,1.2921174646711656e-05
OR,puma_4100703,1.2846145901701284e-05
OR,puma_4100704,1.2897821727076685e-05
OR,puma_4100705,1.2837881635079065e-05
OR,puma_4100800,1.3118760020678215e-05
OR,puma_4100901,1.305960020711542e-05
OR,puma_4100902,1.2746284981301569e-05
OR,puma_4101000,1.3480922768489644e-05
OR,puma_4101103,1.300361543789037e-05
OR,puma_4101104,1.300361543789037e-05
OR,puma_4101105,1.2940873492435006e-05
OR,puma_4101200,1.2832991035447695e-05
OR,puma_4101301,1.3386226111801685e-05
OR,puma_4101302,1.3294704525876076e-05
OR,puma_4101303,1.337947864969626e-05
OR,puma_4101305,1.3397547026900113e-05
OR,puma_4101314,1.3451975601026857e-05
OR,puma_4101316,1.3063639184785645e-05
OR,puma_4101317,1.2992435547386333e-05
OR,puma_4101318,1.3593449101836337e-05
OR,puma_4101319,1.338128482758902e-05
OR,puma_4101320,1.3216168953023276e-05
OR,puma_4101321,1.3136890014021787e-05
OR,puma_4101322,1.3087859761708052e-05
OR,puma_4101323,1.3677740779541507e-05
OR,puma_4101324,1.3506571167852573e-05
PA,puma_4200101,1.1099364552645507e-05
PA,puma_4200102,1.0997010515842405e-05
PA,puma_4200200,1.0584360419123571e-05
PA,puma_4200300,1.0304186560448418e-05
PA,puma_4200400,1.0436692127502752e-05
PA,puma_4200500,1.0287992609835416e-05
PA,puma_4200600,1.0656919697718316e-05
PA,puma_4200701,1.1011027439268573e-05
PA,puma_4200702,1.0677864201557005e-05
PA,puma_4200801,1.091847238909507e-05
PA,puma_4200802,1.060547015486593e-05
PA,puma_4200803,1.0677173138219508e-05
PA,puma_4200900,1.129147068531932e-05
PA,puma_4201000,1.1102453659707388e-05
PA,puma_4201100,1.1310390256164808e-05
PA,puma_4201200,1.0951188731839751e-05
PA,puma_4201300,1.0586903095435143e-05
PA,puma_4201400,1.0815146990378669e-05
PA,puma_4201501,1.1184763504598864e-05
PA,puma_4201502,1.1634621928373563e-05
PA,puma_4201600,1.1017065610748044e-05
PA,puma_4201701,1.1600996836421141e-05
PA,puma_4201702,1.160088679561743e-05
PA,puma_4201801,1.1536286792431704e-05
PA,puma_4201802,1.144772555873924e-05
PA,puma_4201803,1.1600476732049092e-05
PA,puma_4201804,1.1523403352685761e-05
PA,puma_4201805,1.1558431905247767e-05
PA,puma_4201806,1.1600844425981827e-05
PA,puma_4201807,1.1525153711070484e-05
PA,puma_4201900,1.1028361229649363e-05
PA,puma_4202001,1.1330464573554094e-05
PA,puma_4202002,1.1410327394300824e-05
PA,puma_4202003,1.1274693740773386e-05
PA,puma_4202100,1.108851318116855e-05
PA,puma_4202200,1.1021178376500621e-05
PA,puma_4202301,1.164361219605404e-05
PA,puma_4202302,1.169692585538531e-05
PA,puma_4202401,1.1646595432641552e-05
PA,puma_4202402,1.1641865839302676e-05
PA,puma_4202500,1.1434144618767798e-05
PA,puma_4202600,1.1645452900954278e-05
PA,puma_4202701,1.1572012870477848e-05
PA,puma_4202702,1.1734398001344e-05
PA,puma_4202703,1.1711536186821729e-05
PA,puma_4202801,1.1184344982633448e-05
PA,puma_4202802,1.143827684500484e-05
PA,puma_4202803,1.1393975571559608e-05
PA,puma_4202901,1.1423252486984002e-05
PA,puma_4202902,1.1389114620140311e-05
PA,puma_4203001,1.154356805777365e-05
PA,puma_4203002,1.1906107187139377e-05
PA,puma_4203003,1.1883335597292157e-05
PA,puma_4203004,1.1858694479873678e-05
PA,puma_4203101,1.1785418156237829e-05
PA,puma_4203102,1.1628683635547087e-05
PA,puma_4203103,1.219005654623173e-05
PA,puma_4203104,1.2024981357206776e-05
PA,puma_4203105,1.2128819062452925e-05
PA,puma_4203106,1.220525620836934e-05
PA,puma_4203201,1.2166945921469052e-05
PA,puma_4203202,1.2210286392209378e-05
PA,puma_4203203,1.2312834666310899e-05
PA,puma_4203204,1.2817539476302199e-05
PA,puma_4203205,1.2930442030263737e-05
PA,puma_4203206,1.2713908957480401e-05
PA,puma_4203207,1.276063668252046e-05
PA,puma_4203208,1.275236596102362e-05
PA,puma_4203209,1.285271177392849e-05
PA,puma_4203210,1.2669934351235158e-05
PA,puma_4203211,1.2847291454894516e-05
PA,puma_4203301,1.2194203548369246e-05
PA,puma_4203302,1.2517415549726383e-05
PA,puma_4203303,1.2518640727279997e-05
PA,puma_4203304,1.2446254041774393e-05
PA,puma_4203401,1.1783364753196267e-05
PA,puma_4203402,1.1606461524100826e-05
PA,puma_4203403,1.1590577445824971e-05
PA,puma_4203404,1.1681740117282597e-05
PA,puma_4203501,1.1798530086300642e-05
PA,puma_4203502,1.1760110922882366e-05
PA,puma_4203503,1.1786267647316608e-05
PA,puma_4203504,1.1778939593642179e-05
PA,puma_4203601,1.204180630503261e-05
PA,puma_4203602,1.1803751569161205e-05
PA,puma_4203603,1.1800442199321402e-05
PA,puma_4203701,1.1621454797474027e-05
PA,puma_4203702,1.1715519126375114e-05
PA,puma_4203800,1.0863042705381653e-05
PA,puma_4203900,1.131638838170344e-05
PA,puma_4204001,1.1049710242820833e-05
PA,puma_4204002,1.1467979325910362e-05
RI,puma_4400101,1.278608423769595e-05
RI,puma_4400102,1.2887873836031582e-05
RI,puma_4400103,1.3274199727392967e-05
RI,puma_4400104,1.3274199727392967e-05
RI,puma_4400201,1.3235750711077186e-05
RI,puma_4400300,1.3384023330888798e-05
RI,puma_4400400,1.2923225655792732e-05
SC,puma_4500101,1.3266735251757366e-05
SC,puma_4500102,1.318433579703862e-05
SC,puma_4500103,1.3333296645082858e-05
SC,puma_4500104,1.3269314537628219e-05
SC,puma_4500105,1.3358586705368282e-05
SC,puma_4500200,1.3431656998205789e-05
SC,puma_4500301,1.3386615386650968e-05
SC,puma_4500302,1.3214057843706005e-05
SC,puma_4500400,1.3233005896354482e-05
SC,puma_4500501,1.3236708278848593e-05
SC,puma_4500502,1.3569669598321697e-05
SC,puma_4500601,1.3815084610175998e-05
SC,puma_4500602,1.4102782464048993e-05
SC,puma_4500603,1.3883193158897469e-05
SC,puma_4500604,1.4450488603515133e-05
SC,puma_4500605,1.3849827745804888e-05
SC,puma_4500700,1.349253346765339e-05
SC,puma_4500800,1.4021213245193153e-05
SC,puma_4500900,1.3977908946985372e-05
SC,puma_4501000,1.413017987254837e-05
SC,puma_4501101,1.4238952437039913e-05
SC,puma_4501102,1.425215275199963e-05
SC,puma_4501201,1.4389127819758408e-05
SC,puma_4501202,1.5020080501531843e-05
SC,puma_4501203,1.463156516488267e-05
SC,puma_4501204,1.4814928122708563e-05
SC,puma_4501300,1.4284405769917488e-05
SC,puma_4501400,1.5039444619089197e-05
SC,puma_4501500,1.4069260635957939e-05
SC,puma_4501600,1.3636224120126774e-05
SD,puma_4600100,8.96087086494077e-06
SD,puma_4600200,8.894527020514453e-06
SD,puma_4600300,8.12995930071046e-06
SD,puma_4600400,8.55565707221397e-06
SD,puma_4600500,8.753864603518269e-06
SD,puma_4600600,8.569685644316016e-06
TN,puma_4700100,1.74399762395416e-05
TN,puma_4700200,1.734229477583343e-05
TN,puma_4700300,1.736962432937515e-05
TN,puma_4700400,1.712103866883596e-05
TN,puma_4700500,1.7128796967786805e-05
TN,puma_4700600,1.756289757281959e-05
TN,puma_4700700,1.6995832553354954e-05
TN,puma_4700800,1.689458004328578e-05
TN,puma_4700900,1.6603151208068012e-05
TN,puma_4701000,1.702852239576217e-05
TN,puma_4701100,1.674792379442533e-05
TN,puma_4701200,1.6690724334892824e-05
TN,puma_4701300,1.6839334031518184e-05
TN,puma_4701400,1.7097906412380712e-05
TN,puma_4701500,1.6788794268011997e-05
TN,puma_4701601,1.7178970284130135e-05
TN,puma_4701602,1.7221833581074456e-05
TN,puma_4701603,1.730282685022752e-05
TN,puma_4701604,1.751307333563172e-05
TN,puma_4701700,1.767365500319381e-05
TN,puma_4701800,1.752039823673206e-05
TN,puma_4701900,1.758796940849229e-05
TN,puma_4702001,1.8012780646610685e-05
TN,puma_4702002,1.797277366152175e-05
TN,puma_4702003,1.7421670097512728e-05
TN,puma_4702100,1.7329909706923265e-05
TN,puma_4702200,1.7602805298253864e-05
TN,puma_4702300,1.724152479981064e-05
TN,puma_4702401,1.7153406312831098e-05
TN,puma_4702402,1.727357399810946e-05
TN,puma_4702501,1.7548611605153328e-05
TN,puma_4702502,1.7099526425631405e-05
TN,puma_4702503,1.760739285322e-05
TN,puma_4702504,1.749629358896616e-05
TN,puma_4702505,1.7310859964379027e-05
TN,puma_4702600,1.7332481137565857e-05
TN,puma_4702700,1.7386200132707338e-05
TN,puma_4702800,1.7423695488458812e-05
TN,puma_4702900,1.788025085170519e-05
TN,puma_4703000,1.7622188293539667e-05
TN,puma_4703100,1.7977670463179825e-05
TN,puma_4703201,1.831030438221633e-05
TN,puma_4703202,1.8288891889263177e-05
TN,puma_4703203,1.822272490766538e-05
TN,puma_4703204,1.8327536598298448e-05
TN,puma_4703205,1.8071235291051413e-05
TN,puma_4703206,1.8160072600855797e-05
TN,puma_4703207,1.825377090056223e-05
TN,puma_4703208,1.8686367988797773e-05
TX,puma_4800100,1.1703418147499439e-05
TX,puma_4800200,1.1739758454652762e-05
TX,puma_4800300,1.1665978048411598e-05
TX,puma_4800400,1.2294283816833497e-05
TX,puma_4800501,1.257837521448055e-05
TX,puma_4800502,1.2566508398577209e-05
TX,puma_4800600,1.3010709246262372e-05
TX,puma_4800700,1.301217007394255e-05
TX,puma_4800800,1.3038922637029033e-05
TX,puma_4800900,1.3643815001346499e-05
TX,puma_4801000,1.3245694288910868e-05
TX,puma_4801100,1.3349853303708619e-05
TX,puma_4801200,1.3575751138972386e-05
TX,puma_4801300,1.3448283599074604e-05
TX,puma_4801400,1.3642204691377034e-05
TX,puma_4801501,1.383024449535556e-05
TX,puma_4801502,1.394221858463118e-05
TX,puma_4801600,1.3733836496666275e-05
TX,puma_4801700,1.377478691956912e-05
TX,puma_4801800,1.3743463501358163e-05
TX,puma_4801901,1.3618004017728803e-05
TX,puma_4801902,1.3618004017728803e-05
TX,puma_4801903,1.3618004017728803e-05
TX,puma_4801904,1.354380328419331e-05
TX,puma_4801905,1.2954129368873761e-05
TX,puma_4801906,1.3275091082122034e-05
TX,puma_4801907,1.3433330205314121e-05
TX,puma_4802001,1.3621015898965914e-05
TX,puma_4802002,1.347224745467511e-05
TX,puma_4802003,1.346514200249926e-05
TX,puma_4802004,1.3534045476349765e-05
TX,puma_4802005,1.3432110231840714e-05
TX,puma_4802006,1.3365829266457994e-05
TX,puma_4802101,1.3567344025349562e-05
TX,puma_4802102,1.355227783812478e-05
TX,puma_4802200,1.3377950512519558e-05
TX,puma_4802301,1.3629293763710283e-05
TX,puma_4802302,1.3619873266271449e-05
TX,puma_4802303,1.362127993326604e-05
TX,puma_4802304,1.3717059444547183e-05
TX,puma_4802305,1.3769653361279602e-05
TX,puma_4802306,1.3814961260273334e-05
TX,puma_4802307,1.3702261961983534e-05
TX,puma_4802308,1.3618004017728803e-05
TX,puma_4802309,1.3618004017728803e-05
TX,puma_4802310,1.3804956935181208e-05
TX,puma_4802311,1.3965100333309633e-05
TX,puma_4802312,1.3965100333309633e-05
TX,puma_4802313,1.3965100333309633e-05
TX,puma_4802314,1.3874779657753878e-05
TX,puma_4802315,1.3865949708199066e-05
TX,puma_4802316,1.3831897764000719e-05
TX,puma_4802317,1.3799811103133512e-05
TX,puma_4802318,1.351178792280871e-05
TX,puma_4802319,1.3759663228807287e-05
TX,puma_4802320,1.3840777392611154e-05
TX,puma_4802321,1.3803254626765836e-05
TX,puma_4802322,1.3760425380787463e-05
TX,puma_4802400,1.3407515455713325e-05
TX,puma_4802501,1.350495688117127e-05
TX,puma_4802502,1.360480102241074e-05
TX,puma_4802503,1.3675628800203176e-05
TX,puma_4802504,1.3850819059850758e-05
TX,puma_4802505,1.3850819059850758e-05
TX,puma_4802506,1.357513251450506e-05
TX,puma_4802507,1.3747012210350063e-05
TX,puma_4802508,1.3715679202047708e-05
TX,puma_4802509,1.365037113547552e-05
TX,puma_4802510,1.36902160589024e-05
TX,puma_4802511,1.3633017054061698e-05
TX,puma_4802512,1.3706549881878081e-05
TX,puma_4802513,1.362538938740668e-05
TX,puma_4802514,1.3702443725813251e-05
TX,puma_4802515,1.386547246539601e-05
TX,puma_4802516,1.3616217602990429e-05
TX,puma_4802600,1.331517032431492e-05
TX,puma_4802700,1.3451242299520485e-05
TX,puma_4802800,1.3347057164213519e-05
TX,puma_4802900,1.3536729373221087e-05
TX,puma_4803000,1.3604503655567927e-05
TX,puma_4803100,1.3670361901429878e-05
TX,puma_4803200,1.3427281543484033e-05
TX,puma_4803301,1.346779341033641e-05
TX,puma_4803302,1.3541985162000381e-05
TX,puma_4803303,1.354470419121004e-05
TX,puma_4803304,1.3566878307221274e-05
TX,puma_4803305,1.3508115090873321e-05
TX,puma_4803306,1.344799139139375e-05
TX,puma_4803400,1.4054307475816168e-05
TX,puma_4803501,1.4170515243238159e-05
TX,puma_4803502,1.404122516962459e-05
TX,puma_4803601,1.41426258954069e-05
TX,puma_4803602,1.460482339747967e-05
TX,puma_4803700,1.3830899965195902e-05
TX,puma_4803801,1.396150939534154e-05
TX,puma_4803802,1.3911902120341881e-05
TX,puma_4803900,1.4308858509133847e-05
TX,puma_4804000,1.3992822493206703e-05
TX,puma_4804100,1.411433858471367e-05
TX,puma_4804200,1.453142041120363e-05
TX,puma_4804301,1.4702502179317626e-05
TX,puma_4804302,1.4863387477586244e-05
TX,puma_4804400,1.4638054922001916e-05
TX,puma_4804501,1.446911120618156e-05
TX,puma_4804502,1.4592339715282906e-05
TX,puma_4804503,1.461747300015593e-05
TX,puma_4804504,1.4783889486431632e-05
TX,puma_4804601,1.5099598841614535e-05
TX,puma_4804602,1.5099598841614535e-05
TX,puma_4804603,1.510781812858976e-05
TX,puma_4804604,1.5099598841614535e-05
TX,puma_4804605,1.5113165134150199e-05
TX,puma_4804606,1.5041153932107133e-05
TX,puma_4804607,1.4915350870608298e-05
TX,puma_4804608,1.4950642977727932e-05
TX,puma_4804609,1.4977135098447512e-05
TX,puma_4804610,1.4908735454056562e-05
TX,puma_4804611,1.4867564031182728e-05
TX,puma_4804612,1.5108299175874314e-05
TX,puma_4804613,1.5148431223916797e-05
TX,puma_4804614,1.5160030847906791e-05
TX,puma_4804615,1.5166412353303906e-05
TX,puma_4804616,1.5161289888330564e-05
TX,puma_4804617,1.5124577873749708e-05
TX,puma_4804618,1.5119147095633895e-05
TX,puma_4804619,1.5122270486645145e-05
TX,puma_4804620,1.499651331367197e-05
TX,puma_4804621,1.4952837243618068e-05
TX,puma_4804622,1.486922499079767e-05
TX,puma_4804623,1.488585262666227e-05
TX,puma_4804624,1.471990105215401e-05
TX,puma_4804625,1.4798412877218831e-05
TX,puma_4804626,1.4904789764843275e-05
TX,puma_4804627,1.4839970568054255e-05
TX,puma_4804628,1.466066957746983e-05
TX,puma_4804629,1.4680016915941682e-05
TX,puma_4804630,1.4651884712965922e-05
TX,puma_4804631,1.4651884712965922e-05
TX,puma_4804632,1.4745745686401343e-05
TX,puma_4804633,1.4651884712965922e-05
TX,puma_4804634,1.482756436362823e-05
TX,puma_4804635,1.4857143694043706e-05
TX,puma_4804636,1.4964259174188624e-05
TX,puma_4804637,1.512383131165152e-05
TX,puma_4804638,1.5166412353303906e-05
TX,puma_4804701,1.5142976175663642e-05
TX,puma_4804702,1.491165199697596e-05
TX,puma_4804801,1.5095309696752469e-05
TX,puma_4804802,1.4943587932836097e-05
TX,puma_4804803,1.5067316022651327e-05
TX,puma_4804901,1.5119020706122801e-05
TX,puma_4804902,1.5121884522386733e-05
TX,puma_4804903,1.48598993922697e-05
TX,puma_4804904,1.4878227711186484e-05
TX,puma_4804905,1.4878961004630473e-05
TX,puma_4805000,1.4795694072597161e-05
TX,puma_4805100,1.4387940408560478e-05
TX,puma_4805201,1.413803185763063e-05
TX,puma_4805202,1.419508968719634e-05
TX,puma_4805203,1.4257776833548153e-05
TX,puma_4805204,1.421372467608e-05
TX,puma_4805301,1.4304235911478599e-05
TX,puma_4805302,1.4347426306759335e-05
TX,puma_4805303,1.4517063576739895e-05
TX,puma_4805304,1.4230912642262355e-05
TX,puma_4805305,1.436113307094173e-05
TX,puma_4805306,1.4668481578056398e-05
TX,puma_4805307,1.42282545529639e-05
TX,puma_4805308,1.4323883033361513e-05
TX,puma_4805309,1.4245090327610492e-05
TX,puma_4805400,1.4439849802656638e-05
TX,puma_4805500,1.4796417845361097e-05
TX,puma_4805600,1.5115180451017485e-05
TX,puma_4805700,1.447596565725361e-05
TX,puma_4805800,1.436242637525286e-05
TX,puma_4805901,1.466154834476528e-05
TX,puma_4805902,1.4630568117587251e-05
TX,puma_4805903,1.4847545541364265e-05
TX,puma_4805904,1.4631527139940486e-05
TX,puma_4805905,1.478723362480274e-05
TX,puma_4805906,1.4873801162833903e-05
TX,puma_4805907,1.4861407741279122e-05
TX,puma_4805908,1.4888466277010306e-05
TX,puma_4805909,1.4880610433210297e-05
TX,puma_4805910,1.4816431306930118e-05
TX,puma_4805911,1.4762421286028073e-05
TX,puma_4805912,1.4762421286028073e-05
TX,puma_4805913,1.4668976950396936e-05
TX,puma_4805914,1.4709898867241584e-05
TX,puma_4805915,1.4762421286028073e-05
TX,puma_4805916,1.4646975586316396e-05
TX,puma_4806000,1.3894555368357848e-05
TX,puma_4806100,1.4740679227176956e-05
TX,puma_4806200,1.4906418294257085e-05
TX,puma_4806301,1.5520387193151395e-05
TX,puma_4806302,1.5514986940811632e-05
TX,puma_4806400,1.5520693528454277e-05
TX,puma_4806500,1.5407867719182772e-05
TX,puma_4806601,1.55957471758556e-05
TX,puma_4806602,1.5632741109658748e-05
TX,puma_4806603,1.5749389578516996e-05
TX,puma_4806701,1.602949233802364e-05
TX,puma_4806702,1.5864076510341488e-05
TX,puma_4806703,1.6047983056997457e-05
TX,puma_4806801,1.591420564898427e-05
TX,puma_4806802,1.588422977757443e-05
TX,puma_4806803,1.592311124342085e-05
TX,puma_4806804,1.5850008590953014e-05
TX,puma_4806805,1.590362449034609e-05
TX,puma_4806806,1.589614309227821e-05
TX,puma_4806807,1.5868370302636026e-05
TX,puma_4806900,1.5557985643404144e-05
UT,puma_4903001,9.92485449334518e-06
UT,puma_4905001,8.990158374911654e-06
UT,puma_4911001,1.0127361661073808e-05
UT,puma_4911002,1.01116528559059e-05
UT,puma_4913001,9.548140454014392e-06
UT,puma_4921001,9.733557174795266e-06
UT,puma_4935001,1.0465204089735846e-05
UT,puma_4935002,1.0551419475624208e-05
UT,puma_4935003,1.0278636231842359e-05
UT,puma_4935004,1.0565137574811008e-05
UT,puma_4935005,1.0301730968084681e-05
UT,puma_4935006,1.0685589003588894e-05
UT,puma_4935007,1.0770457023748846e-05
UT,puma_4935008,1.0265574647264209e-05
UT,puma_4935009,1.0641176728733585e-05
UT,puma_4949001,9.80745103912598e-06
UT,puma_4949002,1.0332768352624264e-05
UT,puma_4949003,1.052019540581154e-05
UT,puma_4949004,1.0158744946760547e-05
UT,puma_4953001,1.2570429815686989e-05
UT,puma_4957001,1.0108885462923162e-05
UT,puma_4957002,1.0010361085465475e-05
VT,puma_5000100,1.3859825447399358e-05
VT,puma_5000200,1.3192657685773953e-05
VT,puma_5000300,1.3893711230391685e-05
VT,puma_5000400,1.4039023604124522e-05
VA,puma_5101301,1.5174538827367931e-05
VA,puma_5101302,1.55234890837592e-05
VA,puma_5104101,1.5857093683636597e-05
VA,puma_5104102,1.574965489375671e-05
VA,puma_5104103,1.548540543244842e-05
VA,puma_5110701,1.4605350995698814e-05
VA,puma_5110702,1.4499309976584038e-05
VA,puma_5110703,1.4301457331118317e-05
VA,puma_5151010,1.4444202437944498e-05
VA,puma_5151020,1.4289740100006845e-05
VA,puma_5151040,1.4079962018775014e-05
VA,puma_5151044,1.546529872031637e-05
VA,puma_5151045,1.5185271455564877e-05
VA,puma_5151080,1.4452924731226966e-05
VA,puma_5151084,1.4255941027263369e-05
VA,puma_5151085,1.4192275520904774e-05
VA,puma_5151087,1.4701474201084517e-05
VA,puma_5151089,1.501873505293946e-05
VA,puma_5151090,1.5168661405078175e-05
VA,puma_5151095,1.5098147565269171e-05
VA,puma_5151096,1.488019112180629e-05
VA,puma_5151097,1.531451073517921e-05
VA,puma_5151105,1.549060884569086e-05
VA,puma_5151110,1.3933554561665081e-05
VA,puma_5151115,1.5104547415055705e-05
VA,puma_5151120,1.5220948021278738e-05
VA,puma_5151125,1.5850082386740685e-05
VA,puma_5151135,1.6073268951964632e-05
VA,puma_5151145,1.6418197808712004e-05
VA,puma_5151154,1.665001668739876e-05
VA,puma_5151155,1.6697512173480384e-05
VA,puma_5151164,1.6446006637028205e-05
VA,puma_5151165,1.6516468808462034e-05
VA,puma_5151167,1.64768071916085e-05
VA,puma_5151175,1.6652486365551707e-05
VA,puma_5151186,1.665235140449585e-05
VA,puma_5151206,1.618809014455565e-05
VA,puma_5151215,1.5607818689501298e-05
VA,puma_5151224,1.5854737384554304e-05
VA,puma_5151225,1.5624093726566545e-05
VA,puma_5151235,1.5921864821902092e-05
VA,puma_5151244,1.4885866252422164e-05
VA,puma_5151245,1.4867185925486863e-05
VA,puma_5151246,1.5275632115100194e-05
VA,puma_5151255,1.560141689999082e-05
VA,puma_5155001,1.659008597043488e-05
VA,puma_5155002,1.651885397273669e-05
VA,puma_5159301,1.498745184424705e-05
VA,puma_5159302,1.542346095035691e-05
VA,puma_5159303,1.4587343710804187e-05
VA,puma_5159304,1.4816141926965064e-05
VA,puma_5159305,1.4587343710804187e-05
VA,puma_5159306,1.5014421357894452e-05
VA,puma_5159307,1.472370129864675e-05
VA,puma_5159308,1.4870548807216433e-05
VA,puma_5159309,1.4746311367380117e-05
WA,puma_5310100,1.456262998210435e-05
WA,puma_5310200,1.460848810674098e-05
WA,puma_5310300,1.3761121134635686e-05
WA,puma_5310400,1.2869498309117536e-05
WA,puma_5310501,1.329069863279198e-05
WA,puma_5310502,1.3319163741577823e-05
WA,puma_5310503,1.3387923298776512e-05
WA,puma_5310504,1.2718309995309774e-05
WA,puma_5310600,1.3510058060358263e-05
WA,puma_5310701,1.4834641350141075e-05
WA,puma_5310702,1.5009600104359554e-05
WA,puma_5310703,1.459778199574473e-05
WA,puma_5310800,1.3676800115403146e-05
WA,puma_5310901,1.3944081265257143e-05
WA,puma_5310902,1.4201214049828374e-05
WA,puma_5311000,1.4399514056461285e-05
WA,puma_5311101,1.551215480235274e-05
WA,puma_5311102,1.4903572413886769e-05
WA,puma_5311103,1.531671650506134e-05
WA,puma_5311104,1.4670912492401225e-05
WA,puma_5311200,1.4860663304332846e-05
WA,puma_5311300,1.4574943025574956e-05
WA,puma_5311401,1.4341863781526241e-05
WA,puma_5311402,1.4481318877589243e-05
WA,puma_5311501,1.5451824053797965e-05
WA,puma_5311502,1.4975296818679742e-05
WA,puma_5311503,1.5062953272020302e-05
WA,puma_5311504,1.5340504911956912e-05
WA,puma_5311505,1.4864068087859715e-05
WA,puma_5311506,1.458756022651841e-05
WA,puma_5311507,1.4321680958593194e-05
WA,puma_5311601,1.552552583207417e-05
WA,puma_5311602,1.5407733183769326e-05
WA,puma_5311603,1.552552583207417e-05
WA,puma_5311604,1.5430953858910968e-05
WA,puma_5311605,1.5300556606185515e-05
WA,puma_5311606,1.528657822519057e-05
WA,puma_5311607,1.5261908545598626e-05
WA,puma_5311608,1.5295208808267394e-05
WA,puma_5311609,1.5053334572113173e-05
WA,puma_5311610,1.5326139663671916e-05
WA,puma_5311611,1.519791578042835e-05
WA,puma_5311612,1.5358835620940865e-05
WA,puma_5311613,1.5328421586595593e-05
WA,puma_5311614,1.5215164307007483e-05
WA,puma_5311615,1.4475119696949809e-05
WA,puma_5311616,1.4543754940664168e-05
WA,puma_5311701,1.4788770542331802e-05
WA,puma_5311702,1.4664437453602631e-05
WA,puma_5311703,1.4787403272246526e-05
WA,puma_5311704,1.482840068402906e-05
WA,puma_5311705,1.4700899715382893e-05
WA,puma_5311706,1.4820476483786668e-05
WA,puma_5311801,1.486702256718333e-05
WA,puma_5311802,1.487029579481944e-05
WA,puma_5311900,1.420879475619819e-05
WV,puma_5400100,1.5250655398120308e-05
WV,puma_5400200,1.542457374011739e-05
WV,puma_5400300,1.5148833925457966e-05
WV,puma_5400400,1.5493153451018838e-05
WV,puma_5400500,1.4997767387074025e-05
WV,puma_5400600,1.5542987068018346e-05
WV,puma_5400700,1.5874990260786668e-05
WV,puma_5400800,1.6112761190782787e-05
WV,puma_5400900,1.6270642543675776e-05
WV,puma_5401000,1.61822777156477e-05
WV,puma_5401100,1.5090928156231873e-05
WV,puma_5401200,1.539267416331526e-05
WV,puma_5401300,1.6195258816853633e-05
WI,puma_5500100,8.503663901520608e-06
WI,puma_5500101,9.519981113699306e-06
WI,puma_5500102,9.429768498530689e-06
WI,puma_5500103,9.559117878759565e-06
WI,puma_5500200,9.1857142881096e-06
WI,puma_5500300,9.157853172570346e-06
WI,puma_5500600,8.407332940142835e-06
WI,puma_5500700,9.15473672419628e-06
WI,puma_5500800,9.506378508284432e-06
WI,puma_5500900,9.366645792368457e-06
WI,puma_5501000,9.430423451065104e-06
WI,puma_5501001,9.46959653678106e-06
WI,puma_5501300,8.922474035032236e-06
WI,puma_5501301,9.199211327268093e-06
WI,puma_5501400,9.062242171846001e-06
WI,puma_5501401,9.293779346542432e-06
WI,puma_5501500,9.251694471039071e-06
WI,puma_5501501,9.356387130261557e-06
WI,puma_5501600,8.86148848645159e-06
WI,puma_5501601,9.060607237384453e-06
WI,puma_5502400,9.684618930291995e-06
WI,puma_5502500,9.48369969336173e-06
WI,puma_5510000,9.805272676258506e-06
WI,puma_5520000,9.388297399586564e-06
WI,puma_5530000,9.702537507630713e-06
WI,puma_5540101,9.849400496221256e-06
WI,puma_5540301,9.707846733613296e-06
WI,puma_5540701,9.797934385643267e-06
WI,puma_5541001,9.852466265243656e-06
WI,puma_5541002,9.892242643630975e-06
WI,puma_5541003,9.932445312735118e-06
WI,puma_5541004,9.879098212208887e-06
WI,puma_5541005,9.835402992862823e-06
WI,puma_5550000,9.816353342989288e-06
WI,puma_5555101,8.752362296702679e-06
WI,puma_5555102,9.100712416057417e-06
WI,puma_5555103,9.027763360211925e-06
WI,puma_5570101,9.464462017221754e-06
WI,puma_5570201,9.565873714575245e-06
WI,puma_5570301,9.461402220442623e-06
WY,puma_5600100,1.1676086303576517e-05
WY,puma_5600200,1.2707508108648715e-05
WY,puma_5600300,1.2427406465200856e-05
WY,puma_5600400,1.2662726101878358e-05
WY,puma_5600500,1.1987700071443713e-05
