puma,latitude,longitude
puma_0100100,34.6498811,-87.7645774
puma_0100200,34.8118859,-86.8032072
puma_0100301,34.758591,-86.6924729
puma_0100302,34.6879672,-86.5639822
puma_0100400,34.6444942,-85.9062041
puma_0100500,34.4213821,-86.356354
puma_0100600,34.4893614,-87.0971469
puma_0100700,34.1490444,-87.098188
puma_0100800,33.836126,-86.4323447
puma_0100900,34.0476377,-86.0344203
puma_0101000,33.7717061,-85.8225133
puma_0101100,33.2629366,-86.6781042
puma_0101200,33.49033,-86.8831392
puma_0101301,33.5559091,-86.7561424
puma_0101302,33.7142575,-86.8022643
puma_0101303,33.4345106,-87.0805286
puma_0101304,33.8346276,-87.7246848
puma_0101305,33.2814178,-87.7565882
puma_0101400,33.2012379,-87.5212106
puma_0101500,32.5894569,-87.5966439
puma_0101600,32.8899404,-86.0524585
puma_0101700,32.6040644,-85.3530477
puma_0101800,32.3419273,-86.2230041
puma_0101900,32.3565501,-86.4108522
puma_0102000,31.6002249,-87.6129034
puma_0102100,31.5029688,-86.3764987
puma_0102200,32.062466,-85.5704599
puma_0102300,31.2979368,-85.4994643
puma_0102400,30.6592183,-87.7460666
puma_0102500,30.6802152,-88.0713612
puma_0102600,30.6915147,-88.1667993
puma_0102701,33.5446787,-85.7423636
puma_0102702,33.4746118,-86.7113024
puma_0102703,30.9036887,-88.3148881
puma_0400100,33.391731,-111.8507655
puma_0400101,33.4000965,-111.7439721
puma_0400102,33.3470188,-111.7620296
puma_0400103,33.3177585,-111.849353
puma_0400104,33.2384161,-111.8306896
puma_0400105,33.3380754,-111.9344689
puma_0400106,33.4132672,-111.9328015
puma_0400107,33.5409991,-111.9302593
puma_0400108,33.7236294,-111.5853185
puma_0400109,33.765733,-111.932418
puma_0400110,33.5956997,-111.985722
puma_0400111,33.6135057,-112.0369029
puma_0400112,33.614768,-112.0904031
puma_0400113,33.5294311,-112.0868317
puma_0400114,33.4917746,-111.9935757
puma_0400115,33.4502013,-112.0444684
puma_0400116,33.3965727,-112.0742192
puma_0400117,33.3258649,-112.065647
puma_0400118,33.4104503,-112.1995877
puma_0400119,33.4881935,-112.149536
puma_0400120,33.4857881,-112.2296574
puma_0400121,33.5315077,-112.2264551
puma_0400122,33.5692007,-112.1381723
puma_0400123,33.6340341,-112.1878957
puma_0400124,33.6081601,-112.2397176
puma_0400125,33.6466097,-112.1355662
puma_0400126,33.8457852,-112.1631671
puma_0400127,33.6257768,-112.3198374
puma_0400128,33.6213406,-112.404973
puma_0400129,33.4505055,-112.4098954
puma_0400130,33.4459833,-112.3197246
puma_0400131,33.2205762,-112.7988218
puma_0400132,32.0845295,-112.0945702
puma_0400133,32.36414,-111.162707
puma_0400134,32.4258634,-110.8992707
puma_0400201,32.4055095,-110.6674317
puma_0400202,33.2598555,-111.6889487
puma_0400203,33.382837,-111.6412026
puma_0400204,33.4523012,-111.7646664
puma_0400205,31.9832173,-110.7099605
puma_0400206,32.242476,-110.8633965
puma_0400207,32.264047,-110.9684067
puma_0400208,32.1678669,-110.9547043
puma_0400209,32.1833394,-110.8514042
puma_0400300,35.3877821,-109.8804675
puma_0400400,35.8296919,-111.7737277
puma_0400500,34.6300439,-112.5737449
puma_0400600,35.2017781,-113.8295447
puma_0400700,32.7739424,-113.910905
puma_0400800,33.3031892,-110.2313244
puma_0400803,33.3521289,-111.3209893
puma_0400805,32.8376579,-111.2003391
puma_0400807,31.8243111,-109.9260473
puma_0400900,32.8018978,-111.8807513
puma_0500100,35.40305,-94.257523
puma_0500200,34.710455,-94.0247264
puma_0500300,34.3588783,-93.2501937
puma_0500400,34.2848158,-92.0192278
puma_0500500,33.6495898,-91.6529564
puma_0500600,33.477038,-92.7462555
puma_0500700,33.6428944,-93.7135069
puma_0500800,34.7000658,-91.8776196
puma_0500900,35.2461078,-93.1450333
puma_0501000,36.3378246,-94.2561871
puma_0501100,35.9712088,-94.2184168
puma_0501200,36.1368223,-93.0809188
puma_0501300,35.8843111,-91.9354511
puma_0501400,36.1599376,-90.7800118
puma_0501500,35.5712053,-90.1939337
puma_0501600,34.96847,-90.832407
puma_0501700,35.2083595,-91.4665902
puma_0501800,34.7773239,-92.3035928
puma_0501900,34.7235951,-92.3562059
puma_0502000,34.6485246,-92.674463
puma_0600101,34.002556,-118.099263
puma_0600102,33.9844402,-118.1647577
puma_0600103,33.9834652,-117.8619374
puma_0600104,33.9849068,-118.2232225
puma_0600105,34.0324103,-118.1695919
puma_0600106,41.4045388,-121.0906168
puma_0600107,38.785532,-120.5343981
puma_0600108,36.4792051,-120.2753015
puma_0600109,36.8464245,-119.81151
puma_0600110,34.0543565,-117.9187162
puma_0600300,34.0361759,-117.9686888
puma_0600701,34.1221969,-118.0617713
puma_0600702,34.1532887,-118.1376979
puma_0601100,34.1813929,-118.2458301
puma_0601301,34.168344,-118.3157654
puma_0601302,34.1785029,-118.3872082
puma_0601303,34.185162,-118.449805
puma_0601304,34.2417993,-118.4550489
puma_0601305,34.174912,-118.5240932
puma_0601306,34.1819888,-118.6068214
puma_0601307,34.0678923,-118.7455588
puma_0601308,37.8739149,-122.2865585
puma_0601309,37.812827,-122.2820917
puma_0601500,37.8065759,-122.1935601
puma_0601700,37.7620457,-122.190369
puma_0601901,37.7200105,-122.2213677
puma_0601902,37.7403521,-122.0708227
puma_0601903,37.6339857,-122.0602561
puma_0601904,37.5383776,-122.028054
puma_0601905,37.5404111,-121.9514287
puma_0601906,37.6193177,-121.7216797
puma_0601907,39.6005027,-121.5007714
puma_0602300,40.1019501,-122.6002028
puma_0602500,37.9348821,-122.3651832
puma_0602901,37.9906354,-122.3263128
puma_0602902,37.9801846,-122.1784816
puma_0602903,34.1093072,-118.4517505
puma_0602904,34.0188318,-118.480931
puma_0602905,37.8721041,-122.1062238
puma_0603100,34.0400161,-118.4317918
puma_0603300,34.059816,-118.3509415
puma_0603701,34.0915082,-118.3796058
puma_0603702,34.0986967,-118.3125317
puma_0603703,34.0809927,-118.2607303
puma_0603704,34.1058139,-118.2018507
puma_0603705,34.0935109,-118.143543
puma_0603706,34.0575988,-118.1113391
puma_0603707,34.0620096,-118.0376005
puma_0603708,33.9760214,-118.008555
puma_0603709,37.8154406,-121.8400492
puma_0603710,37.9118859,-121.9657028
puma_0603711,38.0164285,-121.9573682
puma_0603712,37.9573143,-121.8137879
puma_0603713,37.9449952,-121.6475434
puma_0603714,36.7765452,-119.727836
puma_0603715,36.7416046,-119.8585967
puma_0603716,36.7091827,-119.7161989
puma_0603717,36.7933248,-119.6588903
puma_0603718,37.0038713,-119.0568644
puma_0603719,40.7066731,-123.9258181
puma_0603720,33.0408155,-115.3553946
puma_0603721,35.3869039,-119.4635468
puma_0603722,35.3337384,-119.0875535
puma_0603723,35.4028502,-118.8830702
puma_0603724,37.2305581,-118.4559235
puma_0603725,39.813844,-121.7787873
puma_0603726,35.2887396,-118.9559198
puma_0603727,35.334658,-118.3110997
puma_0603728,36.072478,-119.8155301
puma_0603729,39.3496347,-123.2569651
puma_0603730,34.5372469,-118.1734319
puma_0603731,34.7248924,-118.2095693
puma_0603732,34.248524,-118.5783491
puma_0603733,34.2893278,-118.475095
puma_0603734,34.2756283,-118.4108463
puma_0603735,34.2409055,-118.3395158
puma_0603736,34.2126868,-118.1111932
puma_0603737,34.1259249,-117.9480445
puma_0603738,34.1267186,-117.7921926
puma_0603739,34.0579785,-117.7621676
puma_0603740,34.0604954,-117.8675254
puma_0603741,34.125683,-117.5644324
puma_0603742,34.1050476,-117.6715355
puma_0603743,37.2131009,-121.5503766
puma_0603744,37.2063274,-121.9693936
puma_0603745,37.2944367,-121.972817
puma_0603746,37.3385006,-121.9055803
puma_0603747,37.2958072,-121.878903
puma_0603748,37.2584074,-121.882102
puma_0603749,37.2851422,-121.7665561
puma_0603750,37.3424357,-121.8383834
puma_0603751,37.0740305,-122.0110269
puma_0603752,36.900407,-122.0003192
puma_0603753,38.1027798,-122.2182299
puma_0603754,38.2073034,-122.0296674
puma_0603755,38.3258991,-121.8439736
puma_0603756,38.5575417,-122.9643554
puma_0603757,38.2509414,-122.6009796
puma_0603758,38.4310662,-122.7268965
puma_0603759,37.4295365,-121.2165543
puma_0603760,37.6559256,-121.0245573
puma_0603761,37.6977768,-120.7491389
puma_0603762,37.6649562,-120.9603437
puma_0603763,39.1650644,-121.5014099
puma_0603764,36.3583459,-119.3467968
puma_0603765,33.9056788,-118.4638374
puma_0603766,33.8378688,-118.3386877
puma_0603767,33.8351801,-118.2593229
puma_0603768,33.8493465,-118.185406
puma_0603769,33.8572932,-118.0924889
puma_0603900,33.7923987,-118.1238129
puma_0604101,33.7607708,-118.2133203
puma_0604102,34.0432949,-118.2266539
puma_0604701,34.0154561,-118.3456742
puma_0604702,33.1314541,-117.0171166
puma_0605301,32.9664457,-116.8607238
puma_0605302,32.9906016,-117.047418
puma_0605303,33.0263829,-117.1916701
puma_0605500,32.8945149,-117.308183
puma_0605700,32.9347739,-117.193117
puma_0605901,33.7678835,-117.9976519
puma_0605902,33.7768788,-117.942384
puma_0605903,33.7601182,-118.2821091
puma_0605904,33.380049,-118.500889
puma_0605905,33.7762508,-118.1703632
puma_0605906,37.2100387,-119.7498519
puma_0605907,38.0603769,-122.7575828
puma_0605908,37.928774,-122.5139225
puma_0605909,37.1262825,-120.7914067
puma_0605910,37.416308,-120.457938
puma_0605911,36.5459225,-121.7007658
puma_0605912,33.5596175,-117.8895202
puma_0605913,33.5738568,-117.5501482
puma_0605914,33.7348371,-117.9071721
puma_0605915,33.737043,-117.8628689
puma_0605916,33.6769905,-117.9302282
puma_0605917,32.8795137,-117.1455631
puma_0605918,32.8150026,-116.9605216
puma_0606101,32.8403917,-117.0405302
puma_0606102,32.8048916,-117.1688759
puma_0606103,32.7193767,-117.1597424
puma_0606501,32.752171,-117.0876813
puma_0606502,32.696966,-117.0605136
puma_0606503,36.7046927,-121.5899645
puma_0606504,36.2639502,-121.1713619
puma_0606505,33.9739904,-118.4089812
puma_0606506,33.9560678,-118.3442743
puma_0606507,33.9683397,-118.2982141
puma_0606508,38.5073511,-122.3259947
puma_0606509,39.4097111,-120.601709
puma_0606510,33.4703981,-117.6742206
puma_0606511,33.6109105,-117.6484471
puma_0606512,33.585416,-117.7988845
puma_0606513,33.6760489,-117.7866528
puma_0606514,33.7723962,-117.6878592
puma_0606515,33.9098752,-117.8242129
puma_0606701,38.8169789,-121.3700839
puma_0606702,38.8378476,-121.2454948
puma_0606703,32.6847645,-116.8293378
puma_0606704,32.6409829,-116.9885597
puma_0606705,39.098162,-120.612536
puma_0606706,33.7505711,-115.3891989
puma_0606707,33.7332209,-116.6536518
puma_0606708,33.4895753,-117.162311
puma_0606709,33.6009458,-117.1937497
puma_0606710,33.6483829,-117.3166621
puma_0606711,33.6180323,-117.0033572
puma_0606712,33.9056503,-116.935359
puma_0607101,34.0470602,-117.6088329
puma_0607102,33.9659712,-117.6941427
puma_0607103,34.0948635,-117.48251
puma_0607104,33.3397393,-117.3977678
puma_0607105,33.0780565,-116.5416868
puma_0607106,33.2113664,-117.2114071
puma_0607107,33.1332675,-117.2865276
puma_0607108,33.1296103,-117.1543781
puma_0607109,32.6382813,-117.0855165
puma_0607110,32.5669618,-117.015969
puma_0607111,37.7334084,-123.0519507
puma_0607112,37.8505976,-122.4013963
puma_0607113,37.7541806,-122.4280615
puma_0607114,37.7530484,-122.4823007
puma_0607115,37.7267387,-122.4699541
puma_0607301,37.7252532,-122.3959302
puma_0607302,38.0231813,-121.318694
puma_0607303,37.9468526,-121.2902244
puma_0607304,33.9515695,-118.2618787
puma_0607305,33.9367856,-118.1968162
puma_0607306,33.9372993,-118.1320968
puma_0607307,33.9224561,-118.0342281
puma_0607308,33.9047927,-118.0880132
puma_0607309,33.8919816,-118.1489824
puma_0607310,33.9191968,-117.1860718
puma_0607311,33.8253748,-117.2043191
puma_0607312,33.9356193,-117.3329946
puma_0607313,33.9512075,-117.4424934
puma_0607314,33.8835935,-117.9157627
puma_0607315,33.8045724,-118.0464939
puma_0607316,33.8213418,-117.9600763
puma_0607317,33.8504566,-117.7964541
puma_0607318,33.8016239,-117.8208702
puma_0607319,33.8532905,-117.475293
puma_0607320,33.8923344,-117.573285
puma_0607321,33.9845634,-117.5074885
puma_0607322,33.5767537,-116.2939801
puma_0607501,37.6806407,-121.381561
puma_0607502,38.0137419,-121.2335789
puma_0607503,35.398831,-120.9207608
puma_0607504,35.3886244,-120.3096757
puma_0607505,38.6914403,-121.2878248
puma_0607506,38.5756735,-121.2565443
puma_0607507,38.6241504,-121.3249111
puma_0607701,37.6369947,-122.4774315
puma_0607702,37.6519882,-122.4144037
puma_0607703,37.5766504,-122.3581534
puma_0607704,37.4146639,-122.3715417
puma_0607901,37.5049222,-122.2423393
puma_0607902,37.4262069,-122.2246899
puma_0608101,34.9159372,-120.4400706
puma_0608102,38.6527,-121.3816114
puma_0608103,38.6710288,-121.538354
puma_0608104,38.6853287,-121.4310644
puma_0608105,38.5669012,-121.4579003
puma_0608106,38.5146039,-121.3822174
puma_0608301,38.4843363,-121.486433
puma_0608302,38.4204077,-121.3992906
puma_0608303,38.3418571,-121.3224531
puma_0608501,38.6695011,-121.1681744
puma_0608502,34.9013017,-116.0487741
puma_0608503,33.8910741,-118.2348463
puma_0608504,33.8984586,-118.3124434
puma_0608505,33.9176993,-118.3497524
puma_0608506,34.5985721,-117.4823747
puma_0608507,34.4530743,-117.2833951
puma_0608508,34.2669488,-117.1456748
puma_0608509,34.0603197,-117.0907951
puma_0608510,34.0445291,-117.301765
puma_0608511,34.1191976,-117.2233449
puma_0608512,34.1331572,-117.3105348
puma_0608513,34.1296951,-117.3973777
puma_0608514,34.0809449,-117.4384314
puma_0608701,34.7375034,-120.0352243
puma_0608702,33.9746147,-120.1477892
puma_0608900,37.3608411,-122.1134537
puma_0609501,37.410909,-122.0035911
puma_0609502,37.3741251,-121.9541982
puma_0609503,37.4265177,-121.8757071
puma_0609701,37.3749829,-121.8011859
puma_0609702,36.2245837,-118.7366091
puma_0609703,34.2612055,-118.7362099
puma_0609901,34.1936331,-118.8211121
puma_0609902,34.1739498,-119.1985539
puma_0609903,34.2682801,-119.22628
puma_0609904,34.5336911,-119.1213624
puma_0610100,34.0710367,-119.0163158
puma_0610701,38.6792682,-121.9031776
puma_0610702,36.1327822,-119.2433168
puma_0610703,34.0289431,-118.2981142
puma_0611101,37.7709073,-122.4002708
puma_0611102,37.2099164,-121.8300692
puma_0611103,34.5913162,-118.1090011
puma_0611104,34.4140833,-118.4947294
puma_0611105,34.006186,-118.2598127
puma_0611106,34.0618113,-118.2965633
puma_0611300,40.7605215,-122.0435495
puma_0800100,39.6880157,-104.9082163
puma_0800102,39.5679764,-103.1987261
puma_0800103,40.4021536,-105.3885338
puma_0800200,40.7688622,-105.4821536
puma_0800300,40.2103211,-107.9277037
puma_0800400,40.4453419,-104.7278455
puma_0800600,39.9589863,-106.4508989
puma_0800700,38.5179392,-105.5493765
puma_0800800,39.6736465,-105.0391388
puma_0800801,39.8207889,-105.1359725
puma_0800802,39.7456426,-105.1339456
puma_0800803,39.6641507,-105.1306069
puma_0800804,39.6085228,-105.0270212
puma_0800805,39.5192469,-105.1298589
puma_0800806,39.3036123,-104.9507741
puma_0800807,39.3987092,-104.6265275
puma_0800808,39.9053201,-104.3099041
puma_0800809,38.3181188,-104.5780436
puma_0800810,37.3503224,-103.3168984
puma_0800811,37.8137556,-107.653248
puma_0800812,39.1107938,-108.5431903
puma_0800813,38.5932731,-108.3007337
puma_0800814,38.8291252,-104.6473497
puma_0800815,38.8478054,-104.8559986
puma_0800816,38.8719563,-104.7854143
puma_0800817,38.8969034,-104.7215373
puma_0800818,38.782955,-104.7253325
puma_0800819,39.0345433,-104.6875596
puma_0800820,39.8048802,-105.468265
puma_0800821,40.1570805,-105.0435865
puma_0800822,40.0336217,-105.2249602
puma_0800823,39.9437734,-105.0985696
puma_0800824,39.8902545,-105.0272925
puma_0800900,39.900736,-104.9520216
puma_0801001,39.9037101,-104.8124541
puma_0801002,39.614092,-104.7775206
puma_0804101,39.7170669,-104.8489459
puma_0804102,39.6038155,-104.9021603
puma_0804103,39.8196686,-104.7792652
puma_0804104,39.7599852,-105.0186725
puma_0804105,39.7011315,-104.9657496
puma_0804106,39.6902843,-104.8054748
puma_0900100,41.4078787,-73.4539737
puma_0900101,41.2091996,-73.3688218
puma_0900102,41.0786731,-73.6013318
puma_0900103,41.0404846,-73.3356176
puma_0900104,41.1873858,-73.1957339
puma_0900105,41.3268225,-73.2188797
puma_0900300,41.9457449,-72.6997227
puma_0900301,41.7718992,-72.5614424
puma_0900302,41.7660453,-72.6833394
puma_0900303,41.8133787,-72.8240939
puma_0900304,41.6761225,-72.9249838
puma_0900305,41.6311262,-72.8061829
puma_0900306,41.6762971,-72.5757987
puma_0900500,41.7918967,-73.2354279
puma_0900700,41.4345251,-72.5242267
puma_0900900,41.4931006,-73.0739055
puma_0900901,41.5585001,-73.0366845
puma_0900902,41.4624685,-72.815065
puma_0900903,41.3825016,-72.9949107
puma_0900904,41.252745,-73.026368
puma_0900905,41.3085073,-72.922924
puma_0900906,41.1903388,-72.7660563
puma_0901100,41.5435247,-72.0844139
puma_0901101,41.3433519,-72.1445027
puma_0901300,41.8580762,-72.3409774
puma_0901500,41.8249987,-71.9907017
puma_1000101,39.7316478,-75.5637842
puma_1000102,39.7853982,-75.5989171
puma_1000103,39.6829156,-75.6932261
puma_1000104,39.4816058,-75.6297897
puma_1000200,39.0970884,-75.5029819
puma_1000300,38.6775108,-75.335495
puma_1100101,38.9377578,-77.0732363
puma_1100102,38.9546968,-77.0248198
puma_1100103,38.9128016,-76.9822766
puma_1100104,38.8604134,-76.9789328
puma_1100105,38.89341,-77.0270937
puma_1200101,29.9871155,-81.8581472
puma_1200102,26.2279453,-80.1271692
puma_1200500,26.1929544,-80.2026693
puma_1200901,26.1391715,-80.2760448
puma_1200902,26.1593535,-80.2140975
puma_1200903,29.662549,-82.3361445
puma_1200904,29.8086076,-82.5044287
puma_1201101,30.5314448,-85.8665594
puma_1201102,28.4145821,-80.6266784
puma_1201103,28.0280386,-80.7616871
puma_1201104,27.9383135,-80.6142129
puma_1201105,26.2479437,-80.6053177
puma_1201106,26.2935742,-80.1170121
puma_1201107,26.1161405,-80.1510364
puma_1201108,26.1490785,-80.0637599
puma_1201109,26.0740593,-80.2848353
puma_1201110,26.0654258,-80.3912803
puma_1201111,25.985756,-80.3520584
puma_1201112,26.0065225,-80.2091598
puma_1201113,25.9835496,-80.1986649
puma_1201114,26.8688259,-81.9408583
puma_1201500,28.8436275,-82.5247964
puma_1201701,28.5021511,-80.8225327
puma_1201900,26.2652494,-80.1956881
puma_1202101,26.0333682,-81.7527154
puma_1202102,26.1200271,-81.3047914
puma_1202103,29.6704601,-82.7666987
puma_1202300,27.356293,-81.712868
puma_1202700,30.48124,-81.5061478
puma_1203101,30.3555878,-81.7152913
puma_1203102,30.3263147,-81.4456459
puma_1203103,30.2159102,-81.5064725
puma_1203104,30.191627,-81.618859
puma_1203105,30.2581283,-81.7378109
puma_1203106,30.7728842,-87.3975586
puma_1203107,30.3450361,-87.2558442
puma_1203301,29.4637084,-81.2899855
puma_1203302,28.5679113,-82.4648352
puma_1203500,28.009786,-82.4396977
puma_1205301,28.0944903,-82.4896128
puma_1205701,28.1054949,-82.3463054
puma_1205702,28.0455751,-82.1705624
puma_1205703,27.9116799,-82.3335487
puma_1205704,27.753037,-82.2894661
puma_1205705,30.2339787,-84.8470078
puma_1205706,28.868629,-82.0223947
puma_1205707,26.4468082,-81.7258948
puma_1205708,30.4798634,-84.345452
puma_1206100,30.4360368,-84.2890497
puma_1206300,27.5708241,-82.3402321
puma_1206901,27.4267746,-82.225023
puma_1206902,29.2541125,-82.0255965
puma_1206903,25.9371107,-80.1714824
puma_1207101,25.961695,-80.1204054
puma_1207102,25.9064963,-80.2019631
puma_1207103,25.8750852,-80.2436013
puma_1207104,25.8845031,-80.3172154
puma_1207105,25.855468,-80.2888087
puma_1207300,25.8050021,-80.298017
puma_1207301,25.8200782,-80.1936428
puma_1208101,25.7820502,-80.2038867
puma_1208102,25.7734707,-80.2616943
puma_1208103,25.6837807,-80.2949233
puma_1208301,25.7272353,-80.3221604
puma_1208302,25.6435327,-80.45181
puma_1208303,25.5712565,-80.4365439
puma_1208500,25.5447713,-80.3335428
puma_1208601,25.4970764,-80.4548191
puma_1208602,25.2124426,-80.9701715
puma_1208603,30.4905499,-82.0089768
puma_1208604,30.6658583,-86.5941941
puma_1208605,26.9921451,-81.1282655
puma_1208606,28.7021313,-81.5431058
puma_1208607,28.5752955,-81.5800465
puma_1208608,28.4228118,-81.5361968
puma_1208609,28.477325,-81.3607246
puma_1208610,28.5368801,-81.3374308
puma_1208611,28.5373492,-81.4376273
puma_1208612,28.5816614,-81.239999
puma_1208613,28.2438558,-81.4746117
puma_1208614,28.0460455,-81.0973922
puma_1208615,26.6465907,-80.124557
puma_1208616,26.5979471,-80.0969433
puma_1208617,26.3716841,-80.2072809
puma_1208618,26.5894892,-80.2310069
puma_1208619,26.6454288,-80.5712038
puma_1208620,28.309658,-82.58783
puma_1208621,28.0364548,-82.8373017
puma_1208622,28.0205902,-82.7320837
puma_1208623,27.959133,-82.7611068
puma_1208624,27.9147761,-82.7277997
puma_1208700,27.8499935,-82.6990497
puma_1208900,27.7739823,-82.5811442
puma_1209100,27.7237949,-82.7156597
puma_1209300,28.1828017,-81.9615499
puma_1209501,28.1778926,-81.710978
puma_1209502,27.8343695,-81.6092895
puma_1209503,27.4034827,-80.4605849
puma_1209504,27.3400553,-82.5352779
puma_1209505,27.1954945,-82.5008673
puma_1209506,27.16374,-82.2785873
puma_1209507,28.7630921,-81.3190762
puma_1209508,28.6657051,-81.3124261
puma_1209509,28.7166455,-81.1590905
puma_1209510,30.1965474,-83.3139842
puma_1209701,29.1449651,-81.4407358
puma_1209702,29.2454337,-81.1420637
puma_1209901,29.020878,-80.8980114
puma_1209902,28.9038685,-81.0869873
puma_1209903,27.7006382,-80.5748033
puma_1209904,26.6285185,-81.8251312
puma_1209905,27.4986463,-82.6741938
puma_1209906,25.9469107,-80.2554552
puma_1209907,25.834103,-80.4046925
puma_1209908,25.8195387,-80.1478789
puma_1209909,26.3781535,-80.1132545
puma_1209910,28.275453,-82.7825474
puma_1209911,27.8433313,-82.7933426
puma_1210101,29.986659,-81.4179495
puma_1210102,30.7036328,-87.0142549
puma_1210103,27.0799538,-80.3982112
puma_1210104,26.8064716,-80.0510503
puma_1210301,26.5424516,-82.1019765
puma_1210302,26.9241569,-80.1718836
puma_1210303,29.6375252,-81.664502
puma_1210304,28.0764509,-82.5946056
puma_1210305,28.5258604,-81.1024583
puma_1210306,28.4140627,-81.1469546
puma_1210307,26.7126594,-80.0837888
puma_1210308,26.5335922,-80.1040915
puma_1210501,26.4598072,-80.1151831
puma_1210502,25.7428519,-80.1664357
puma_1210503,26.6601243,-81.9975893
puma_1210504,26.2561171,-81.7599079
puma_1210700,30.3465823,-81.5709837
puma_1210900,27.8558258,-82.5053299
puma_1211101,26.6758423,-81.6978681
puma_1211102,27.2724685,-80.3809053
puma_1211300,25.7003634,-80.4479058
puma_1211501,25.7414175,-80.4340085
puma_1211502,25.9261137,-80.3610306
puma_1211503,29.0290228,-82.0850432
puma_1211701,25.6983953,-80.361841
puma_1211702,29.1770597,-82.1565716
puma_1211703,28.2072356,-82.3860979
puma_1211704,28.5800096,-81.9120969
puma_1212100,28.3415126,-82.263396
puma_1212701,28.9344948,-81.5641892
puma_1212702,28.7457691,-81.3931979
puma_1212703,27.9670396,-81.8520382
puma_1212704,28.6045929,-81.3791536
puma_1300100,33.8289967,-84.2218282
puma_1300200,33.9075729,-84.3085821
puma_1300300,33.3528965,-84.7621381
puma_1300401,33.1096584,-84.9109985
puma_1300402,33.5822366,-85.0805272
puma_1300500,31.960397,-81.070357
puma_1300600,31.1028352,-82.5215351
puma_1300700,30.8336801,-83.2689668
puma_1300800,31.3383303,-83.3979813
puma_1300900,31.20564,-83.8469507
puma_1301001,31.6639438,-84.1792937
puma_1301002,33.9253155,-84.3728766
puma_1301003,34.0457585,-84.2187616
puma_1301004,33.6928651,-84.4951753
puma_1301005,33.5892983,-84.6367665
puma_1301006,34.0831022,-84.3296024
puma_1301007,33.8228724,-84.4047178
puma_1301008,33.7360153,-84.3619647
puma_1301100,33.6762981,-84.2209564
puma_1301200,31.1985722,-84.5293387
puma_1301300,32.3724279,-83.5970156
puma_1301400,32.9199444,-83.5362863
puma_1301500,32.4241346,-84.8279403
puma_1301600,32.2146646,-84.444103
puma_1301700,33.098226,-84.2250998
puma_1301800,33.7431222,-84.1396736
puma_1301900,33.7663416,-84.2857366
puma_1302001,34.7132999,-85.3186992
puma_1302002,34.8017261,-84.968541
puma_1302003,34.6742401,-84.5785413
puma_1302004,33.4127172,-84.4939407
puma_1302100,34.0726523,-85.2039207
puma_1302200,33.833347,-84.028731
puma_1302300,33.9055581,-84.1164692
puma_1302400,33.5505555,-82.2513423
puma_1302500,34.3401807,-84.5703649
puma_1302600,34.0303045,-84.6479832
puma_1302700,33.2406116,-82.4988693
puma_1302800,33.5891106,-83.9063129
puma_1302900,33.6993166,-84.7659441
puma_1303001,33.9209028,-84.8669788
puma_1303002,34.2409175,-84.8381879
puma_1303003,33.9494618,-84.5337281
puma_1303004,34.7287725,-83.8161805
puma_1303005,34.225143,-84.1273355
puma_1303101,34.3175876,-83.8184973
puma_1303102,34.4501845,-83.3015874
puma_1303200,33.9522337,-83.3671299
puma_1303300,33.894929,-84.6624944
puma_1303400,33.8372473,-84.536635
puma_1303500,34.006448,-84.4623072
puma_1303600,34.1803379,-84.4927357
puma_1303700,33.8950699,-83.1144987
puma_1303800,34.0851472,-83.6079752
puma_1303900,33.5506697,-83.6382039
puma_1304000,33.361487,-82.0749983
puma_1304001,33.7442726,-84.4532162
puma_1304002,33.4832159,-84.3489281
puma_1304003,33.5972829,-84.3681284
puma_1304004,33.4060973,-84.12518
puma_1304005,33.5342347,-84.1950899
puma_1304006,33.9726462,-84.1784926
puma_1304100,34.0957404,-84.0036303
puma_1304200,33.9469981,-83.9788716
puma_1304300,33.9813033,-83.9090796
puma_1304400,31.9117588,-82.3379575
puma_1304500,31.1797423,-81.5158409
puma_1304600,32.3988779,-82.8114713
puma_1305001,32.8088443,-83.6941934
puma_1305002,31.8621048,-81.5322391
puma_1306001,32.5152073,-81.595208
puma_1306002,32.0219828,-81.2170428
puma_1600100,47.7150625,-116.3471885
puma_1600200,47.7844904,-116.8187621
puma_1600300,45.0350351,-114.828938
puma_1600400,44.1989949,-116.6635043
puma_1600500,42.6291746,-116.1980066
puma_1600600,43.617929,-116.5024994
puma_1600701,43.6113436,-116.3450452
puma_1600702,43.6436402,-116.2482054
puma_1600800,43.3548169,-116.214307
puma_1600900,42.3131785,-114.0785849
puma_1601000,43.2361534,-114.596363
puma_1601100,43.769755,-111.9392803
puma_1601200,43.3951708,-111.6218783
puma_1601300,42.5502596,-112.0975694
puma_1700104,38.8640719,-90.0890353
puma_1700105,39.7563782,-89.662311
puma_1700202,39.8602372,-88.9615288
puma_1700300,39.7699432,-89.2258108
puma_1700401,40.7859987,-89.7673577
puma_1700501,40.5080739,-89.5162597
puma_1700600,40.4945594,-88.8445391
puma_1700700,40.1391496,-88.1972014
puma_1700800,40.6262685,-88.0722629
puma_1700900,41.1394937,-87.8611252
puma_1701001,41.3433407,-88.8859312
puma_1701104,41.084134,-89.6242013
puma_1701105,41.8946125,-88.768991
puma_1701204,42.178523,-89.464243
puma_1701205,42.3082349,-89.1981973
puma_1701300,42.3513497,-88.9034299
puma_1701500,41.768869,-88.3189302
puma_1701602,41.913536,-88.311912
puma_1701701,42.0823536,-88.3096072
puma_1701900,41.9377265,-88.4689066
puma_1702000,41.5086211,-88.1331803
puma_1702100,41.5955195,-88.141176
puma_1702200,41.6828015,-88.145067
puma_1702300,41.5528728,-87.9168646
puma_1702400,41.3597898,-87.9181298
puma_1702501,41.8585485,-88.090736
puma_1702601,41.7719344,-88.0920926
puma_1702700,41.7544741,-87.9773764
puma_1702801,41.9641335,-89.8106004
puma_1702901,41.4684044,-90.5722031
puma_1703005,41.8615596,-87.9760217
puma_1703007,41.9554078,-88.0010367
puma_1703008,41.9291106,-88.1659673
puma_1703009,41.7959725,-88.2073305
puma_1703102,40.7713203,-90.6009598
puma_1703105,39.9553929,-90.7257251
puma_1703106,39.4472219,-90.2264085
puma_1703107,38.983122,-89.1878418
puma_1703108,39.600526,-88.0609101
puma_1703202,38.8368307,-88.0986908
puma_1703203,37.7149772,-88.5815732
puma_1703204,37.8789782,-89.1634899
puma_1703205,38.3264389,-89.410588
puma_1703207,38.5249888,-89.896576
puma_1703208,42.4115826,-88.0996011
puma_1703209,38.3341048,-89.8451903
puma_1703306,38.8065348,-89.8091313
puma_1703307,41.7747633,-87.8374564
puma_1703308,41.6488575,-87.8804153
puma_1703309,41.713415,-87.7537667
puma_1703310,41.6043616,-87.7374208
puma_1703401,41.6012732,-87.6003232
puma_1703407,42.0237057,-88.0831568
puma_1703408,42.0383966,-87.9743929
puma_1703409,42.0244564,-87.8534047
puma_1703410,42.0362208,-87.735193
puma_1703411,41.952119,-87.8698473
puma_1703412,41.9847908,-87.659585
puma_1703413,41.9343495,-87.6487472
puma_1703414,41.980448,-87.689639
puma_1703415,41.9745615,-87.7334516
puma_1703416,41.9570103,-87.7810712
puma_1703417,41.908163,-87.7667764
puma_1703418,41.9276283,-87.7086693
puma_1703419,41.8674073,-87.717095
puma_1703420,41.8779171,-87.6684285
puma_1703421,41.882645,-87.6235594
puma_1703422,41.8186679,-87.6734421
puma_1703501,41.7863928,-87.7408413
puma_1703502,41.5139134,-87.6572848
puma_1703503,42.1164213,-87.9431808
puma_1703504,41.7711925,-87.6551873
puma_1703520,41.7960662,-87.5959071
puma_1703521,41.697268,-87.6601515
puma_1703522,41.7290445,-87.6262812
puma_1703523,41.6901224,-87.570417
puma_1703524,42.3324183,-88.5025668
puma_1703525,42.2852249,-88.2743532
puma_1703526,42.2991286,-87.442223
puma_1703527,41.4200983,-88.4339373
puma_1703528,42.2413591,-88.1035532
puma_1703529,42.0082754,-87.3610261
puma_1703530,42.029564,-88.1916671
puma_1703531,42.3211323,-87.933851
puma_1703532,42.199319,-87.89174
puma_1703601,42.1087591,-88.1247073
puma_1703602,41.8640576,-87.8622461
puma_1703700,41.8580606,-87.7777803
puma_1800101,39.7066469,-85.1819129
puma_1800102,38.8671107,-86.7832343
puma_1800103,39.1607509,-86.5233253
puma_1800104,39.048475,-85.9757553
puma_1800200,41.6356441,-87.4717901
puma_1800300,41.7056716,-87.3478379
puma_1800401,41.5021277,-87.3585132
puma_1800402,41.3221729,-87.3932208
puma_1800500,41.509922,-87.0713082
puma_1800600,41.5490111,-86.7447293
puma_1800700,41.6918778,-86.2717355
puma_1800800,41.6011298,-86.2873744
puma_1800900,41.6006928,-85.8639864
puma_1801001,38.9752811,-85.5539657
puma_1801002,39.1433343,-85.0931582
puma_1801003,37.9611911,-87.8272151
puma_1801100,38.0200703,-87.5861659
puma_1801200,38.3274438,-86.9735269
puma_1801300,38.3963971,-86.0951257
puma_1801400,38.4762174,-85.7111221
puma_1801500,41.5166771,-85.2226879
puma_1801600,41.0626948,-86.8696134
puma_1801700,41.2797744,-86.0334169
puma_1801801,40.8577798,-85.2882114
puma_1801802,41.0506284,-85.1869181
puma_1801803,41.1097734,-85.0951175
puma_1801900,41.0036153,-84.935782
puma_1802000,40.6536998,-86.5607164
puma_1802100,40.3892597,-86.8939426
puma_1802200,40.5572827,-86.1921611
puma_1802301,40.7131582,-85.8198659
puma_1802302,40.2141256,-85.1555126
puma_1802303,39.7439634,-87.2887009
puma_1802304,39.4291426,-87.3903754
puma_1802305,40.0651309,-86.3658808
puma_1802306,39.963481,-86.1180674
puma_1802307,40.070101,-85.9445841
puma_1802400,40.166203,-85.7224543
puma_1802500,40.2271653,-85.3988555
puma_1802600,39.4832133,-86.5448244
puma_1802700,39.7687487,-86.5102865
puma_1802800,39.8748137,-86.2553548
puma_1802900,39.8717026,-86.137674
puma_1803000,39.8749384,-86.0133366
puma_1803100,39.7604345,-86.267581
puma_1803200,39.7748527,-86.1394918
puma_1803300,39.7335423,-86.0147073
puma_1803400,39.6746155,-86.1914928
puma_1803500,39.4959859,-86.0946003
puma_1803600,39.649763,-85.7749813
puma_1900100,43.0629319,-91.8324615
puma_1900200,42.4728884,-92.306059
puma_1900400,42.5686476,-93.509128
puma_1900500,42.3902104,-91.1417886
puma_1900600,41.8383645,-90.9523476
puma_1900700,41.6416793,-90.6222899
puma_1900800,42.0779506,-91.5976735
puma_1900900,41.6687365,-91.5888122
puma_1901000,42.0361283,-93.6980078
puma_1901100,41.6507462,-93.8436738
puma_1901200,41.7101204,-93.5273072
puma_1901300,41.0518103,-93.9709894
puma_1901400,42.5683422,-96.1250991
puma_1901500,41.1014164,-92.1821064
puma_1901600,41.929366,-92.4405104
puma_1901700,41.4722434,-93.5008743
puma_1901800,41.5841916,-93.6219979
puma_1901900,42.3330566,-95.1432249
puma_1902000,41.2435505,-95.411688
puma_1902100,40.9253304,-91.3810117
puma_1902200,43.2063501,-95.4770344
puma_1902300,43.2042204,-93.5154446
puma_2000100,39.1844618,-100.3759801
puma_2000200,39.3864089,-97.4713248
puma_2000300,39.2684241,-96.5622422
puma_2000400,39.4153741,-95.2144747
puma_2000500,39.1153842,-94.7630866
puma_2000601,38.9708517,-94.8861202
puma_2000602,38.985352,-94.6610815
puma_2000603,38.8320695,-94.8900842
puma_2000604,38.8351865,-94.680949
puma_2000700,38.8965726,-95.2905294
puma_2000801,39.0512254,-95.6806634
puma_2000802,39.1419668,-95.8403898
puma_2000900,37.9333918,-96.364385
puma_2001000,38.195448,-97.9890093
puma_2001100,37.6922557,-98.6597275
puma_2001200,37.631859,-100.8057016
puma_2001301,37.9527872,-97.4575805
puma_2001302,37.8296197,-96.8633531
puma_2001303,37.6759838,-97.3508349
puma_2001304,37.5751636,-97.2988866
puma_2001400,38.2154671,-95.0528741
puma_2001500,37.3173877,-95.2224621
puma_2100100,37.7656285,-86.9970972
puma_2100200,38.0447796,-85.4639574
puma_2100300,38.2315186,-85.8006712
puma_2100400,38.2442349,-85.6923102
puma_2100500,38.2893687,-85.5531379
puma_2100600,38.1778042,-85.5223699
puma_2100700,38.1352489,-85.6460077
puma_2100800,38.1226907,-85.8275661
puma_2100900,38.4349893,-85.2488092
puma_2101000,38.0309348,-84.5067855
puma_2101100,38.0201597,-84.8699836
puma_2101200,37.6591545,-85.4600145
puma_2101300,37.6010258,-87.4042643
puma_2101400,38.0431763,-84.4533489
puma_2101500,38.2894966,-83.6172655
puma_2101600,37.6211072,-84.6511119
puma_2101701,37.7271394,-84.0872225
puma_2101702,38.2556371,-84.2813751
puma_2101703,38.9304771,-84.533492
puma_2101704,38.9745952,-84.7314442
puma_2101705,38.2755182,-82.9116358
puma_2101706,38.6787292,-84.6564578
puma_2101800,36.793404,-88.6973282
puma_2101901,37.2529652,-87.7387203
puma_2101902,36.877122,-87.6107537
puma_2102000,36.835707,-85.849927
puma_2102100,36.995634,-86.4235786
puma_2102200,37.107247,-85.2164288
puma_2102300,36.9160848,-84.6305543
puma_2102400,37.2484968,-84.0062508
puma_2102500,36.8105594,-83.7206575
puma_2102600,37.3530036,-83.2773511
puma_2102700,37.605766,-82.6559262
puma_2102800,37.7018444,-86.2744746
puma_2200100,29.8137375,-91.616275
puma_2200101,30.611166,-91.3618802
puma_2200200,30.3703111,-91.0682855
puma_2200300,30.4437504,-91.1126435
puma_2200400,30.6081659,-91.10009
puma_2200500,30.2029461,-90.9100234
puma_2200600,30.5758781,-90.7187106
puma_2200700,30.7278587,-90.2426322
puma_2200800,30.0091489,-90.5186661
puma_2200900,29.5766204,-90.5374748
puma_2201000,29.3332656,-90.8441905
puma_2201100,30.5659607,-90.1034229
puma_2201200,30.3048839,-89.8067677
puma_2201201,30.1168076,-90.2120328
puma_2201300,32.7211105,-93.9113008
puma_2201400,29.9997624,-90.1776216
puma_2201500,29.9001996,-90.1575535
puma_2201501,30.08744,-89.917053
puma_2201502,29.9680498,-90.0804518
puma_2201600,29.9229611,-90.0206349
puma_2201700,29.5602282,-89.4369353
puma_2201800,30.6552251,-92.1777127
puma_2201900,30.136881,-92.0087649
puma_2202000,32.337665,-93.8376507
puma_2202100,32.6976795,-93.497604
puma_2202200,32.0866185,-93.2415134
puma_2202201,32.4774949,-92.1547984
puma_2202300,32.459092,-91.8042537
puma_2202301,31.5703579,-92.151583
puma_2202302,31.1531412,-92.8537036
puma_2202400,30.5382207,-93.2284102
puma_2202401,29.9649363,-93.1059974
puma_2202402,29.9521132,-92.3543316
puma_2202500,30.2433735,-92.0955054
puma_2300100,46.1159213,-68.2649644
puma_2300200,45.369441,-69.9310946
puma_2300300,45.3906022,-68.6574869
puma_2300400,44.4170119,-69.7657639
puma_2300500,44.3461907,-68.8096586
puma_2300600,44.1676811,-70.2074347
puma_2300700,43.8932484,-70.0303345
puma_2300800,43.5291279,-70.6711383
puma_2300900,43.5174087,-70.4351036
puma_2301000,43.621803,-70.149236
puma_2400100,39.5599954,-79.052724
puma_2400200,39.6036207,-77.8146709
puma_2400301,39.4718115,-77.388317
puma_2400302,39.4355941,-77.3979986
puma_2400400,39.5631892,-77.0155121
puma_2400501,39.578986,-76.7440443
puma_2400502,39.4067458,-76.7898967
puma_2400503,39.4201668,-76.652469
puma_2400504,39.4009365,-76.5583825
puma_2400505,39.3635664,-76.4650629
puma_2400506,39.2652436,-76.4756941
puma_2400507,39.2658695,-76.7229976
puma_2400601,39.5996414,-76.3569326
puma_2400602,39.3780643,-76.2351888
puma_2400700,39.5623524,-75.9415843
puma_2400801,39.3340485,-76.6771898
puma_2400802,39.3382802,-76.623688
puma_2400803,39.3451264,-76.56586
puma_2400804,39.2843215,-76.5646316
puma_2400805,39.2548518,-76.6167251
puma_2400901,39.272753,-76.9714618
puma_2400902,39.1924354,-76.803173
puma_2401001,39.1090971,-77.3917688
puma_2401002,39.1793431,-77.2257425
puma_2401003,39.1080057,-77.1913885
puma_2401004,39.0079493,-77.1552334
puma_2401005,39.0653967,-77.0689145
puma_2401006,39.0888582,-76.9835774
puma_2401007,39.0041683,-77.0192844
puma_2401101,38.989738,-76.9517146
puma_2401102,39.0445024,-76.8595743
puma_2401103,38.9524167,-76.9169316
puma_2401104,38.8809006,-76.884094
puma_2401105,38.887802,-76.7707432
puma_2401106,38.7074712,-76.8463595
puma_2401107,38.809663,-76.963703
puma_2401201,39.0956031,-76.7079818
puma_2401202,39.1775346,-76.5858253
puma_2401203,39.0809545,-76.506924
puma_2401204,38.9120706,-76.5296518
puma_2401300,38.7736282,-76.0726288
puma_2401400,38.2021529,-75.5747968
puma_2401500,38.3125996,-76.5275215
puma_2401600,38.4728532,-77.0154272
puma_2500100,42.115454,-72.5399783
puma_2500200,42.1180895,-72.708157
puma_2500300,42.0731994,-72.4287555
puma_2500301,42.2112641,-71.4630986
puma_2500302,42.4775746,-71.0836179
puma_2500303,42.3519144,-71.1324532
puma_2500304,42.3692408,-71.0347399
puma_2500400,42.3787963,-70.8028593
puma_2500501,42.30692,-71.0856537
puma_2500502,42.2811931,-71.1320744
puma_2500503,42.3772465,-70.9881186
puma_2500504,42.3298824,-71.1900418
puma_2500505,42.2866663,-71.2980317
puma_2500506,42.0923364,-71.3205843
puma_2500507,42.1872231,-71.1188837
puma_2500508,42.2552007,-71.0328409
puma_2500701,42.2536438,-70.88176
puma_2500702,42.1012625,-71.0566068
puma_2500703,41.8734476,-71.2826643
puma_2500704,41.6837105,-70.9104126
puma_2501000,41.7274076,-71.1149733
puma_2501300,41.9154035,-71.127122
puma_2501400,41.5281017,-70.9109028
puma_2501600,41.6614149,-70.4853421
puma_2501900,41.5702636,-70.3671147
puma_2501901,42.0368877,-71.0008676
puma_2501902,41.9468671,-70.8460273
puma_2502400,42.047799,-70.6232843
puma_2502800,42.3753141,-73.2139479
puma_2503301,42.5347721,-72.6410932
puma_2503302,42.2694781,-71.8077831
puma_2503303,42.5610715,-71.8337246
puma_2503304,42.3019022,-72.0220148
puma_2503305,42.2838174,-71.6644698
puma_2503306,42.0844895,-71.8172367
puma_2503400,42.6278563,-72.1064071
puma_2503500,42.6366927,-71.4396498
puma_2503601,42.638893,-71.3221073
puma_2503602,42.4498213,-71.2539485
puma_2503603,42.3168079,-71.4516208
puma_2503900,42.4136947,-71.1648652
puma_2504000,42.3759674,-71.1182745
puma_2504200,42.3982377,-71.0819697
puma_2504301,42.4254275,-71.089974
puma_2504302,42.7598899,-71.1318473
puma_2504303,42.7011199,-70.9882087
puma_2504500,42.6207591,-70.7601052
puma_2504700,42.4708331,-70.9479536
puma_2504800,42.5538602,-71.0202455
puma_2504901,42.5999568,-71.2068853
puma_2504902,42.4560743,-71.4632797
puma_2504903,42.2278834,-72.6071076
puma_2600100,42.5739748,-86.6343819
puma_2600200,42.5888793,-84.3606816
puma_2600300,42.4800001,-83.324276
puma_2600400,47.038733,-88.4881308
puma_2600500,46.358997,-86.022702
puma_2600600,45.0799287,-83.681859
puma_2600700,45.0672218,-85.2279902
puma_2600801,44.8282203,-86.1053925
puma_2600802,43.781611,-86.293971
puma_2600900,43.2664158,-86.754329
puma_2601001,42.9502842,-86.6668803
puma_2601002,42.967906,-85.8978097
puma_2601003,42.8860559,-85.7261275
puma_2601004,42.961156,-85.6555701
puma_2601100,42.896245,-85.4746272
puma_2601200,43.1635444,-85.542648
puma_2601300,43.4599139,-85.2138068
puma_2601400,43.6489029,-84.764403
puma_2601500,44.2541989,-83.6971118
puma_2601600,43.6901701,-84.1433561
puma_2601701,43.3282667,-84.05541
puma_2601702,43.6735718,-82.9065593
puma_2601703,43.0812195,-83.3038362
puma_2601704,43.0935918,-83.755462
puma_2601801,43.0244249,-83.6919833
puma_2601802,42.9664376,-84.0361657
puma_2601900,42.7143173,-84.5546852
puma_2602000,42.7723603,-84.722136
puma_2602101,42.407207,-85.1378325
puma_2602102,42.2469414,-85.5218439
puma_2602200,42.2310092,-85.5900839
puma_2602300,41.915913,-85.300887
puma_2602400,42.1633402,-86.2076595
puma_2602500,41.8923619,-86.7329744
puma_2602600,41.890199,-84.3036179
puma_2602701,42.2484738,-84.4208679
puma_2602702,42.2502106,-83.8885185
puma_2602703,42.2767978,-83.7306561
puma_2602800,42.2551675,-83.6439146
puma_2602901,42.6025316,-83.9117183
puma_2602902,42.6864786,-83.579863
puma_2602903,42.7956528,-83.275758
puma_2602904,42.6251693,-83.1483906
puma_2602905,42.661655,-83.3254603
puma_2602906,42.5179861,-83.5069318
puma_2602907,42.5672483,-83.3191098
puma_2602908,42.4914282,-83.1432007
puma_2603001,42.7834296,-82.8967602
puma_2603002,42.6688442,-82.9794229
puma_2603003,42.5812062,-83.0303162
puma_2603004,42.5598961,-82.8297069
puma_2603005,42.4925009,-82.9152797
puma_2603006,42.4929044,-83.0250007
puma_2603100,42.9288035,-82.6689135
puma_2603201,42.3067926,-83.4877294
puma_2603202,42.3967431,-83.3546244
puma_2603203,42.3252428,-83.2417333
puma_2603204,42.3094939,-83.3656478
puma_2603205,42.174869,-83.3753283
puma_2603206,42.1252371,-83.2065731
puma_2603207,42.2472421,-83.1710646
puma_2603208,42.3853248,-83.2265363
puma_2603209,42.4175711,-83.1707074
puma_2603210,42.423941,-83.0267653
puma_2603211,42.3627098,-83.0071008
puma_2603212,42.3348578,-83.1207705
puma_2603213,42.408209,-82.8957449
puma_2603300,41.916097,-83.4871059
puma_2700100,47.7765851,-95.152638
puma_2700200,47.0581058,-93.7273279
puma_2700300,47.7323098,-92.0778384
puma_2700400,46.7849991,-92.1620713
puma_2700500,45.9129075,-93.0773273
puma_2700600,46.2479759,-94.4635991
puma_2700700,45.9464292,-95.8854485
puma_2700800,45.5552345,-94.6104822
puma_2700900,45.5646741,-93.8671187
puma_2701000,45.3243755,-93.346125
puma_2701101,45.1366705,-93.2877066
puma_2701102,45.2557523,-93.112877
puma_2701103,45.1400206,-92.8908695
puma_2701201,44.8570829,-92.8910389
puma_2701202,45.0840995,-93.1057403
puma_2701301,45.0017775,-93.082004
puma_2701302,44.9455848,-93.057109
puma_2701303,44.9501277,-93.1549053
puma_2701304,45.0528168,-93.613034
puma_2701401,45.0450354,-93.4695532
puma_2701402,45.1122879,-93.3890468
puma_2701403,45.0286773,-93.3501241
puma_2701404,45.0069202,-93.2653642
puma_2701405,44.9296094,-93.2390959
puma_2701406,44.933045,-93.2990345
puma_2701407,44.9175432,-93.3669351
puma_2701408,44.8824206,-93.461921
puma_2701409,44.8444787,-93.2976803
puma_2701410,44.8410436,-93.1095336
puma_2701501,44.6317873,-93.0384358
puma_2701502,44.7554316,-93.2523636
puma_2701503,44.6809662,-93.4502059
puma_2701600,44.7641268,-93.7722294
puma_2701700,45.1750914,-93.9663965
puma_2701800,44.889956,-94.6676757
puma_2701900,48.0531157,-96.3167828
puma_2702000,44.6098873,-95.6642853
puma_2702100,43.8112592,-95.2261181
puma_2702200,44.1159427,-93.9989669
puma_2702300,44.3826733,-93.1569884
puma_2702400,43.8117331,-93.0326184
puma_2702500,44.0034295,-92.4067216
puma_2702600,43.8771994,-91.9083052
puma_2800100,34.874266,-89.99324
puma_2800200,34.7652541,-88.8876617
puma_2800300,34.3241522,-90.2156939
puma_2800400,33.8623177,-88.5459698
puma_2800500,34.3258893,-88.9092051
puma_2800600,33.3466452,-88.8585082
puma_2800700,33.4451549,-89.876868
puma_2800800,33.3360298,-90.8017019
puma_2800900,32.7265574,-90.2376006
puma_2801000,32.2432613,-90.2803511
puma_2801100,32.3316778,-90.1803224
puma_2801200,32.1432986,-90.5905437
puma_2801300,32.1192296,-89.926121
puma_2801400,32.6466302,-89.4251346
puma_2801500,32.2827838,-88.8083242
puma_2801600,31.4386306,-90.7828371
puma_2801700,31.5251071,-89.0520415
puma_2801800,31.1982577,-89.3788431
puma_2801900,30.693168,-89.2805311
puma_2802000,30.4165357,-89.0833762
puma_2802100,30.4584911,-88.6199906
puma_2900100,40.2124722,-94.0205197
puma_2900200,39.8465209,-94.6752059
puma_2900300,39.9808852,-92.083595
puma_2900400,39.0942668,-91.3420637
puma_2900500,38.6371207,-92.0892275
puma_2900600,39.1800945,-93.0308914
puma_2900700,39.1975698,-93.9531402
puma_2900800,39.3346136,-94.3939599
puma_2900901,39.2166349,-94.5497101
puma_2900902,39.3786957,-94.7614717
puma_2900903,39.0739475,-94.5328712
puma_2901001,39.0341403,-94.4262545
puma_2901002,39.0378486,-94.2329722
puma_2901003,38.9173523,-94.3791486
puma_2901004,38.9323872,-94.5463263
puma_2901005,38.4382244,-94.3450332
puma_2901100,38.989657,-92.3107786
puma_2901200,38.5564151,-90.3458663
puma_2901300,38.5949145,-90.2578237
puma_2901400,38.2275751,-90.5468485
puma_2901500,37.2755976,-89.7819353
puma_2901600,37.1111171,-90.6863894
puma_2901701,37.1725556,-93.1247339
puma_2901702,37.0555457,-94.3397364
puma_2901703,37.7599913,-93.9857837
puma_2901801,37.8424322,-93.0919983
puma_2901802,38.1207012,-92.5847775
puma_2901803,37.9734304,-91.5847803
puma_2901804,38.4083125,-91.0734098
puma_2901805,38.6891643,-90.7991905
puma_2901806,38.8426347,-90.8148417
puma_2901807,38.8580351,-90.463316
puma_2901808,38.8016151,-90.2388442
puma_2901901,38.7813267,-90.365177
puma_2901902,38.7017158,-90.3448567
puma_2902001,38.6582613,-90.58226
puma_2902002,38.6378211,-90.4158641
puma_2902100,38.5824791,-90.5317268
puma_2902200,38.5073582,-90.5148165
puma_2902300,38.6740417,-90.2336331
puma_2902400,38.435062,-90.4741456
puma_2902500,37.8619362,-90.4087998
puma_2902601,36.5759381,-89.787262
puma_2902602,36.9920021,-91.9754192
puma_2902603,37.2280183,-93.2868286
puma_2902700,37.1405025,-93.3476481
puma_2902800,36.6896762,-93.656186
puma_3000100,47.7433768,-110.3108683
puma_3000200,45.565099,-110.0209002
puma_3000300,46.9345697,-106.3640238
puma_3000400,45.7894168,-108.5434964
puma_3000500,48.4806212,-114.1722645
puma_3000600,47.1065361,-114.4180744
puma_3000700,45.9963306,-112.5465275
puma_3100100,42.2344391,-101.7659323
puma_3100200,42.0836012,-97.3973455
puma_3100300,41.4502857,-99.0604123
puma_3100400,41.0042348,-100.9528021
puma_3100500,40.4311306,-98.7914478
puma_3100600,40.3629342,-97.2001439
puma_3100701,41.2866506,-96.4433205
puma_3100702,41.1150635,-96.1091254
puma_3100801,40.9215258,-96.694244
puma_3100802,40.6612424,-96.6957395
puma_3100901,41.332681,-96.2040795
puma_3100902,41.2282877,-96.2107954
puma_3100903,41.32164,-95.9683153
puma_3100904,41.2272321,-95.9724225
puma_3200101,36.1710206,-115.1273103
puma_3200102,36.1694883,-115.2168675
puma_3200103,36.2798562,-115.6234715
puma_3200200,36.0892298,-115.3269166
puma_3200300,36.1048393,-115.1534792
puma_3200401,36.1178201,-115.0578753
puma_3200402,35.9919768,-115.0848907
puma_3200403,35.6424127,-115.0107454
puma_3200404,36.0322462,-115.1693831
puma_3200405,39.5135396,-119.8076572
puma_3200406,39.4253083,-119.8719177
puma_3200407,40.7647044,-119.5875374
puma_3200408,39.0419557,-119.3736724
puma_3200409,39.5109205,-116.478351
puma_3200410,36.2570938,-115.2877416
puma_3200411,36.6063918,-115.1352974
puma_3200412,36.2591848,-115.1236188
puma_3200413,36.3767592,-114.4525226
puma_3300100,44.3308629,-71.562495
puma_3300200,43.7245879,-71.3559984
puma_3300300,43.3014718,-71.0414547
puma_3300400,43.2560979,-71.6615498
puma_3300500,43.1057511,-72.2398287
puma_3300600,42.9095047,-71.809818
puma_3300700,43.1222676,-71.3049716
puma_3300800,42.9846891,-71.4438932
puma_3300900,42.7635713,-71.4194999
puma_3301000,42.9423435,-70.9668128
puma_3400101,40.567662,-74.4405103
puma_3400102,40.5256111,-74.3647541
puma_3400301,40.913799,-74.2040439
puma_3400302,41.0777331,-74.3408235
puma_3400303,40.7349163,-74.0515746
puma_3400304,40.6968696,-74.067238
puma_3400305,40.7866204,-74.0424132
puma_3400306,40.7086756,-74.1102903
puma_3400307,40.5652832,-74.9119695
puma_3400308,40.358794,-74.3815223
puma_3400400,40.3746108,-74.5197866
puma_3400501,39.4328232,-74.43033
puma_3400502,39.4819493,-74.7373791
puma_3400503,40.8902753,-74.0170658
puma_3400601,40.8228484,-74.0863929
puma_3400602,40.8405666,-73.9938767
puma_3400701,40.9108271,-74.1088308
puma_3400702,40.9721816,-73.9700655
puma_3400703,41.0468033,-74.1860395
puma_3400800,40.9348427,-74.04844
puma_3400901,41.004055,-74.0790278
puma_3400902,40.9147462,-74.1628255
puma_3400903,40.8583291,-74.1431718
puma_3400904,40.4046366,-73.9321616
puma_3400905,40.2112225,-74.417483
puma_3400906,40.2795063,-74.0262222
puma_3400907,40.3937546,-74.0458626
puma_3401001,39.9442283,-75.0855576
puma_3401002,39.8466382,-75.0122107
puma_3401003,39.7380819,-74.9163023
puma_3401101,39.8829167,-74.9868231
puma_3401102,39.7993501,-75.130539
puma_3401103,40.7781282,-74.3054384
puma_3401104,40.9708072,-74.4815624
puma_3401105,40.8192883,-74.6898607
puma_3401106,40.8873126,-74.3895555
puma_3401201,40.7580867,-74.4621274
puma_3401202,41.1374239,-74.6918545
puma_3401203,40.8535238,-75.0095421
puma_3401204,40.6662613,-74.19353
puma_3401205,40.6899062,-74.2615106
puma_3401301,40.6926627,-74.3640334
puma_3401302,40.6286925,-74.376459
puma_3401401,40.0646423,-74.8654689
puma_3401402,40.4093489,-74.1616184
puma_3401403,40.250732,-74.2081079
puma_3401404,39.7348923,-74.2234753
puma_3401501,39.9233335,-74.1702088
puma_3401502,40.0581186,-74.1963392
puma_3401503,40.0393878,-74.3851187
puma_3401504,40.0369081,-74.0985809
puma_3401600,40.7233126,-74.159221
puma_3401700,40.7265372,-74.2070374
puma_3401800,40.8074625,-74.1726868
puma_3401901,40.747056,-74.2431872
puma_3401902,40.8532014,-74.26331
puma_3401903,40.5736555,-74.2772293
puma_3401904,39.8417555,-74.5999344
puma_3402001,40.4655805,-74.4228754
puma_3402002,40.4792029,-74.3029456
puma_3402003,40.6773236,-74.5366949
puma_3402101,40.466099,-74.6069799
puma_3402102,40.5887503,-74.5593825
puma_3402103,39.5478801,-75.3463843
puma_3402104,39.0861425,-74.8477158
puma_3402201,39.6946375,-75.1425702
puma_3402202,40.2506706,-74.7872472
puma_3402301,40.3179332,-74.711251
puma_3402302,40.2117535,-74.639687
puma_3402303,39.2976181,-75.1021098
puma_3402400,40.7592562,-74.0221767
puma_3402500,40.6230624,-74.2673524
puma_3402600,39.8985781,-74.8807218
puma_3500100,35.1613986,-106.9134587
puma_3500200,35.0200978,-106.7380867
puma_3500300,33.3957301,-107.6214195
puma_3500400,32.3587202,-106.8345962
puma_3500500,32.354731,-106.6817947
puma_3500600,33.1626598,-105.2217045
puma_3500700,32.6353682,-103.8389141
puma_3500801,35.6198152,-108.2244471
puma_3500802,36.8403582,-107.9991708
puma_3500803,36.1016382,-105.6877119
puma_3500804,36.1259832,-103.5890304
puma_3500805,35.1280609,-106.6451553
puma_3500806,35.5137223,-105.9664409
puma_3500900,35.6850734,-106.8826177
puma_3501001,34.8031897,-106.7074781
puma_3501002,35.1615911,-106.5196205
puma_3501100,35.1084862,-106.5458501
puma_3501200,35.0084921,-106.5638643
puma_3600100,42.9297846,-78.8825397
puma_3600200,42.9416254,-73.7850807
puma_3600300,40.9727205,-73.7059099
puma_3600401,40.9458622,-73.8674464
puma_3600402,40.8821864,-73.5589406
puma_3600403,40.7211714,-73.5343142
puma_3600500,40.8985365,-73.3956826
puma_3600600,40.8704498,-73.2169705
puma_3600701,40.7835864,-72.9008511
puma_3600702,40.7782319,-73.1117111
puma_3600703,40.6600588,-73.316652
puma_3600704,42.8942739,-76.5396881
puma_3600800,40.6719366,-74.00208
puma_3600901,40.7116648,-74.0124167
puma_3600902,40.7854533,-73.9747869
puma_3600903,40.8586492,-73.9333818
puma_3600904,40.8912527,-73.9101807
puma_3600905,41.4449866,-74.4654049
puma_3600906,42.2921501,-77.2442901
puma_3601000,42.8870063,-78.8337868
puma_3601101,42.3042159,-79.4075949
puma_3601102,43.4614428,-76.209258
puma_3601201,43.2023759,-77.4684065
puma_3601202,40.6183532,-73.5872509
puma_3601203,40.5763218,-73.9982325
puma_3601204,41.804685,-73.7184991
puma_3601205,40.561803,-73.8689366
puma_3601206,40.6290916,-74.1121956
puma_3601207,40.6256693,-74.0316296
puma_3601300,40.6526124,-74.0114184
puma_3601400,40.6635674,-73.8765727
puma_3601500,40.7702321,-73.952755
puma_3601600,44.4881125,-75.074311
puma_3601700,44.2061128,-74.0462805
puma_3601801,43.44045,-73.6367568
puma_3601802,43.4138763,-75.1482012
puma_3601900,43.1401008,-75.3885818
puma_3602001,42.6671232,-74.8654565
puma_3602002,43.9139662,-75.8031814
puma_3602100,43.0409981,-76.1435544
puma_3602201,42.9931856,-76.3208547
puma_3602202,43.203773,-76.9960942
puma_3602203,43.1659424,-77.5861978
puma_3602300,43.164067,-77.6404985
puma_3602401,43.2261236,-77.7044969
puma_3602402,43.4639829,-77.6720546
puma_3602500,43.0400274,-77.5634249
puma_3602600,43.2359723,-78.2164767
puma_3602701,43.0909251,-78.9302428
puma_3602702,43.4569085,-78.792653
puma_3602801,43.00323,-78.9322179
puma_3602802,42.9362377,-78.5857232
puma_3602901,42.873966,-78.7561156
puma_3602902,42.6490411,-78.8383614
puma_3602903,42.7151327,-77.9900672
puma_3603001,43.0207376,-74.437666
puma_3603002,40.8325863,-73.9214409
puma_3603003,40.8561725,-73.8525618
puma_3603101,40.6914104,-73.9759312
puma_3603102,43.0116389,-78.7571478
puma_3603103,40.9256566,-73.7987346
puma_3603104,40.8502191,-73.8050669
puma_3603105,43.1376899,-73.8802908
puma_3603106,42.7104206,-73.5138454
puma_3603107,42.6702529,-73.7992221
puma_3603201,42.603061,-73.9780846
puma_3603202,42.270329,-73.8787135
puma_3603203,42.0988319,-75.9946035
puma_3603204,42.1864507,-76.16072
puma_3603205,42.2862465,-75.231788
puma_3603206,42.4532811,-76.4737116
puma_3603207,42.0999504,-76.8541017
puma_3603208,42.2578558,-78.3874853
puma_3603209,41.8093993,-74.6217631
puma_3603210,41.8206134,-74.0936857
puma_3603211,41.5792709,-73.8649509
puma_3603212,41.5067822,-74.0989536
puma_3603301,41.2912187,-74.2275685
puma_3603302,41.2067316,-74.0054313
puma_3603303,41.077685,-73.9815537
puma_3603304,41.1527088,-74.117501
puma_3603305,41.4279035,-73.7438816
puma_3603306,41.1956396,-73.867384
puma_3603307,41.2415599,-73.6897675
puma_3603308,41.023712,-73.8128101
puma_3603309,40.8170441,-73.6919814
puma_3603310,40.7692876,-73.4915469
puma_3603311,40.7553929,-73.6365809
puma_3603312,40.7146824,-73.6753255
puma_3603313,40.6907283,-73.5964731
puma_3603701,40.5537762,-73.5063616
puma_3603702,40.6670498,-73.5311346
puma_3603703,40.6754866,-73.6796474
puma_3603704,40.6074114,-73.6992254
puma_3603705,40.8177305,-73.3563693
puma_3603706,40.9375304,-73.006518
puma_3603707,40.9988768,-72.4893199
puma_3603708,40.8207534,-73.0020138
puma_3603709,40.8573788,-73.0727809
puma_3603710,40.7767588,-73.2286748
puma_3603801,40.6858828,-73.2225067
puma_3603802,40.6850219,-73.4027172
puma_3603803,40.8901905,-73.8614272
puma_3603804,40.7776607,-73.8160885
puma_3603805,40.6125404,-73.8942552
puma_3603806,40.8451839,-73.8873561
puma_3603807,40.5919606,-73.9475256
puma_3603808,40.8178552,-73.9586194
puma_3603809,40.7940929,-73.9327979
puma_3603810,40.7552082,-73.9955156
puma_3603901,40.7178695,-73.9832425
puma_3603902,40.5269069,-74.1472177
puma_3603903,40.5908894,-74.1316998
puma_3604001,40.6682095,-73.907192
puma_3604002,40.6613595,-73.9478883
puma_3604003,40.7258607,-73.7962073
puma_3604004,40.7419002,-73.8552625
puma_3604005,40.7107651,-73.8912074
puma_3604006,40.6059414,-73.9950743
puma_3604007,40.813724,-73.942999
puma_3604008,40.8528588,-73.9087902
puma_3604009,40.8646506,-73.903253
puma_3604010,43.1660134,-76.2540692
puma_3604011,40.7562472,-73.7604777
puma_3604012,40.7237454,-73.7328004
puma_3604013,40.6678115,-73.8342635
puma_3604014,40.696947,-73.9206601
puma_3604015,42.7696785,-75.8470843
puma_3604016,42.8175421,-74.0435834
puma_3604017,40.629931,-73.9826823
puma_3604018,40.7189325,-73.9476543
puma_3604101,40.6749896,-73.944001
puma_3604102,40.7367176,-73.9674391
puma_3604103,40.8085373,-73.8954056
puma_3604104,40.8210174,-73.8574864
puma_3604105,40.6909403,-73.778137
puma_3604106,40.6304007,-73.9591384
puma_3604107,40.6476772,-73.9343031
puma_3604108,40.6963669,-73.8416073
puma_3604109,40.6898697,-73.9410682
puma_3604110,40.7710111,-73.9154006
puma_3604111,40.7650278,-73.8752395
puma_3604112,40.7403915,-73.9206747
puma_3604113,42.7700574,-77.242516
puma_3604114,40.7226359,-73.8516681
puma_3700100,36.1044579,-78.8473651
puma_3700200,35.024408,-77.4813335
puma_3700300,35.2805783,-80.8733935
puma_3700400,35.9307081,-78.4987418
puma_3700500,36.1381648,-80.2559043
puma_3700600,35.7099148,-79.8062153
puma_3700700,36.0512828,-80.2487995
puma_3700800,35.0483242,-79.0180985
puma_3700900,35.513405,-78.3672671
puma_3701000,35.6407438,-79.2370463
puma_3701100,36.050277,-79.8483245
puma_3701201,35.6933015,-80.8755873
puma_3701202,35.2752127,-80.7550111
puma_3701203,35.7793205,-78.653629
puma_3701204,35.7973544,-78.438978
puma_3701205,36.1659778,-81.8716615
puma_3701206,36.3150568,-80.9849352
puma_3701207,36.3936011,-79.9766513
puma_3701208,36.3529294,-78.9617722
puma_3701301,36.2296698,-78.2864093
puma_3701302,36.3401951,-77.4796493
puma_3701400,36.3049666,-76.2856246
puma_3701500,35.7077707,-76.2523751
puma_3701600,35.9410455,-77.7985494
puma_3701701,35.6155424,-77.8147636
puma_3701702,35.858371,-78.6336986
puma_3701703,35.6318243,-78.6935009
puma_3701704,35.7633063,-78.7823579
puma_3701801,35.6836411,-78.8817427
puma_3701802,35.935177,-78.9153383
puma_3701803,36.062499,-79.1193552
puma_3701900,36.0419739,-79.3999353
puma_3702000,36.1219416,-79.823172
puma_3702100,36.1822127,-79.6634767
puma_3702201,35.9600213,-79.8162571
puma_3702202,36.0153372,-80.6949214
puma_3702300,35.9448005,-81.4058297
puma_3702400,35.7160601,-81.8641349
puma_3702500,35.5330561,-82.443525
puma_3702600,35.7198783,-82.417852
puma_3702700,35.5780958,-83.2021088
puma_3702800,35.1744295,-83.5225367
puma_3702900,35.2674259,-82.6468021
puma_3703001,35.3459671,-81.9231234
puma_3703002,35.4388637,-81.3643887
puma_3703101,35.6631822,-81.2141513
puma_3703102,35.3072645,-81.205657
puma_3703103,35.2411562,-81.1159287
puma_3703104,35.2041753,-80.7891865
puma_3703105,35.112239,-80.8023657
puma_3703106,35.1741642,-80.9023396
puma_3703107,35.2232446,-80.677262
puma_3703108,35.1273614,-80.9263131
puma_3703200,35.4218322,-80.6614605
puma_3703300,35.3314487,-80.3389919
puma_3703400,35.6392183,-80.5253439
puma_3703500,35.7951225,-80.2065247
puma_3703600,35.329799,-79.6485252
puma_3703700,35.3686348,-78.8716104
puma_3703800,34.9536108,-78.1724871
puma_3703900,35.3627413,-78.004826
puma_3704000,35.5910652,-77.3724038
puma_3704100,35.1181789,-77.0825413
puma_3704200,35.124611,-76.6635964
puma_3704300,34.6051703,-77.4060885
puma_3704400,34.486637,-77.8842311
puma_3704500,34.1216408,-77.860245
puma_3704600,34.0387081,-78.2276879
puma_3704700,34.434192,-78.6419692
puma_3704800,35.0796554,-78.9249982
puma_3704900,35.0452613,-78.7835768
puma_3705001,34.9618113,-79.5118188
puma_3705002,34.9775835,-80.2859067
puma_3705003,35.0331708,-80.6857102
puma_3705100,36.1959395,-80.1533948
puma_3705200,35.9407268,-78.7060405
puma_3705300,34.6768125,-79.1362195
puma_3705400,35.4086201,-80.8706915
puma_3800100,47.4792506,-102.4150708
puma_3800200,47.4064086,-98.9151274
puma_3800300,46.6410253,-100.2673377
puma_3800400,48.2159137,-97.9543923
puma_3800500,46.9270033,-97.2523747
puma_3900100,41.3338867,-84.4344907
puma_3900200,41.4425235,-83.8682176
puma_3900300,41.6036839,-83.756782
puma_3900400,41.6638397,-83.6176164
puma_3900500,41.6614614,-83.5436646
puma_3900600,41.6421703,-83.1043329
puma_3900700,41.4235711,-82.8067351
puma_3900801,41.6526813,-82.1510313
puma_3900802,41.2818209,-82.1431566
puma_3900901,41.4273866,-81.9266362
puma_3900902,41.3837002,-81.7985953
puma_3900903,41.3180107,-81.7172271
puma_3900904,41.3908854,-81.7284779
puma_3900905,41.4472888,-81.7952643
puma_3900906,41.7497275,-81.7262145
puma_3900907,41.3984784,-81.558758
puma_3900908,41.5111079,-81.5983811
puma_3900909,41.5603761,-81.5410017
puma_3900910,41.4738287,-81.4548581
puma_3901000,41.9906499,-81.2408711
puma_3901100,41.7419991,-81.1758475
puma_3901200,41.5133391,-81.1754175
puma_3901300,41.9066441,-80.7456406
puma_3901400,41.3520209,-80.655403
puma_3901500,41.0613818,-80.6652158
puma_3901600,41.2040567,-80.7636555
puma_3901700,41.1686399,-81.1969318
puma_3901801,41.2428047,-81.5291174
puma_3901802,41.1269435,-81.433478
puma_3901803,41.0568222,-81.4834074
puma_3901804,40.9901959,-81.564078
puma_3901805,41.1160512,-81.8995658
puma_3901900,40.8296612,-81.8871942
puma_3902000,41.0019162,-82.4452467
puma_3902100,40.7741674,-82.5427146
puma_3902200,40.9593603,-83.125473
puma_3902300,41.0112695,-83.8871648
puma_3902400,40.771528,-84.1065456
puma_3902500,40.6485326,-84.4849412
puma_3902600,40.4056626,-83.7373839
puma_3902700,40.490406,-82.7625477
puma_3902800,40.2860456,-81.7649378
puma_3902900,40.3760193,-81.3115189
puma_3903000,40.7661161,-81.5094057
puma_3903100,40.8437263,-81.3704956
puma_3903200,40.6961506,-81.1394013
puma_3903300,40.7684619,-80.7772307
puma_3903400,40.4152025,-80.7541938
puma_3903500,39.6193736,-81.4658051
puma_3903600,39.8791831,-82.0552536
puma_3903700,39.7529346,-82.6282761
puma_3903800,40.2789411,-83.0074622
puma_3903900,40.0571292,-82.8348924
puma_3904000,40.1029074,-82.9663704
puma_3904101,40.096709,-83.1268314
puma_3904102,40.0437775,-83.0721652
puma_3904103,40.00255,-83.0121435
puma_3904104,40.0289826,-82.945272
puma_3904105,39.9559748,-82.9304969
puma_3904106,39.9257553,-82.8344013
puma_3904107,39.8562431,-82.9642939
puma_3904108,39.9457673,-83.0667104
puma_3904109,39.919352,-83.1964122
puma_3904110,39.9310888,-83.2588705
puma_3904111,39.9170315,-83.783676
puma_3904200,40.0533257,-84.2284135
puma_3904300,40.0717227,-84.5177021
puma_3904400,39.7363126,-84.3749272
puma_3904500,39.8604593,-84.2221702
puma_3904601,39.7666527,-84.1942083
puma_3904602,39.6551997,-84.1590966
puma_3904603,39.6874785,-83.8948943
puma_3904604,39.4198527,-83.208371
puma_3904700,39.221232,-82.6657545
puma_3904800,39.0955995,-82.1189414
puma_3904900,38.71764,-82.8006939
puma_3905000,39.1214676,-83.6083082
puma_3905100,39.4218246,-84.120518
puma_3905200,39.4534616,-84.2932209
puma_3905301,39.3820031,-84.4113493
puma_3905302,39.3709621,-84.5464815
puma_3905401,39.4724986,-84.6283784
puma_3905402,39.2138556,-84.7132957
puma_3905403,39.2204566,-84.5740649
puma_3905501,39.1443914,-84.5790253
puma_3905502,39.151764,-84.504617
puma_3905503,39.1330319,-84.4236549
puma_3905504,39.2474815,-84.4310012
puma_3905505,39.1655122,-84.3384795
puma_3905506,39.0990547,-84.2545385
puma_3905507,38.9703985,-83.9671086
puma_3905600,40.0936093,-82.4812506
puma_3905700,41.119369,-81.5524409
puma_4000100,36.5749136,-95.1867684
puma_4000200,35.7539093,-94.8211935
puma_4000300,34.5894983,-95.1349841
puma_4000400,35.1969701,-99.3515237
puma_4000500,36.5304005,-99.7555533
puma_4000601,34.5852028,-98.4286136
puma_4000602,34.2604598,-97.9627659
puma_4000701,34.4204947,-97.257802
puma_4000702,34.2948445,-96.3554464
puma_4000800,35.543416,-97.9798358
puma_4000900,35.431791,-97.6104054
puma_4001001,35.6759473,-97.3806508
puma_4001002,35.4133558,-97.3641005
puma_4001003,35.0345306,-97.5588825
puma_4001004,36.1429016,-95.6589636
puma_4001005,35.6050637,-95.6154101
puma_4001006,35.2031167,-97.3283318
puma_4001101,35.6117326,-97.6177273
puma_4001102,35.5293815,-97.2872405
puma_4001201,35.5439854,-97.5051527
puma_4001202,35.7415725,-97.0996267
puma_4001203,36.0416185,-95.8269776
puma_4001204,36.114813,-96.0871513
puma_4001301,36.5330959,-97.4145517
puma_4001302,35.5103524,-96.5147697
puma_4001400,36.579116,-96.4182081
puma_4001501,36.3000589,-95.9109535
puma_4001601,36.1002244,-95.9289719
puma_4100100,45.4547858,-122.9315034
puma_4100200,45.4782682,-122.8592403
puma_4100300,45.4916565,-122.7891736
puma_4100400,42.6856739,-123.9833261
puma_4100500,45.3018951,-117.9027426
puma_4100600,44.7963614,-120.1065973
puma_4100703,42.9888777,-119.3948117
puma_4100704,43.9151181,-121.2255751
puma_4100705,45.42371,-123.666808
puma_4100800,44.4929013,-122.7458218
puma_4100901,44.0564643,-123.1249581
puma_4100902,44.0592275,-122.9885045
puma_4101000,43.9282763,-122.8976779
puma_4101103,42.3635866,-122.902167
puma_4101104,42.411782,-122.6757974
puma_4101105,43.2859035,-123.1543801
puma_4101200,44.9742911,-122.9916187
puma_4101301,44.8994731,-123.0428725
puma_4101302,44.899791,-122.5502687
puma_4101303,45.0668263,-123.3643942
puma_4101305,45.5922618,-122.7022189
puma_4101314,45.544512,-122.5541899
puma_4101316,45.4823713,-122.6105627
puma_4101317,45.5301043,-122.6187522
puma_4101318,45.6029312,-122.8039081
puma_4101319,45.530815,-122.155527
puma_4101320,45.1221464,-122.1868258
puma_4101321,45.3876265,-122.5811085
puma_4101322,45.3268127,-122.7347627
puma_4101323,45.3869925,-122.799623
puma_4101324,45.5968749,-123.1701554
puma_4200101,42.1216674,-80.0679264
puma_4200102,41.7481527,-79.7329906
puma_4200200,41.7207675,-76.8296918
puma_4200300,41.6328667,-75.4210352
puma_4200400,41.0562332,-75.3290369
puma_4200500,41.397331,-75.6701587
puma_4200600,41.0604692,-75.9888215
puma_4200701,40.890899,-76.6972559
puma_4200702,40.7023829,-77.3138919
puma_4200801,41.3000142,-80.2527863
puma_4200802,40.6456875,-80.3551954
puma_4200803,40.9138336,-79.9189599
puma_4200900,40.4149733,-79.9975326
puma_4201000,40.4665028,-80.2041894
puma_4201100,40.2915282,-79.8597506
puma_4201200,40.3778573,-80.024768
puma_4201300,40.7241247,-79.2529577
puma_4201400,40.2803908,-79.3368022
puma_4201501,40.4941269,-78.7152843
puma_4201502,40.4391336,-78.1133892
puma_4201600,40.2937051,-77.3055192
puma_4201701,40.2277383,-77.0317573
puma_4201702,40.3673441,-76.4580089
puma_4201801,40.7036899,-76.2178
puma_4201802,40.4278953,-76.1275603
puma_4201803,40.4402991,-75.7879612
puma_4201804,40.6255023,-75.3203585
puma_4201805,40.7891135,-75.3130776
puma_4201806,40.4339689,-75.2409101
puma_4201807,40.2978931,-75.0486758
puma_4201900,40.1928123,-74.8454695
puma_4202001,40.1569676,-74.9657215
puma_4202002,40.2618333,-75.5415016
puma_4202003,40.3155635,-75.409488
puma_4202100,40.0791307,-75.3518053
puma_4202200,40.1657768,-75.3406905
puma_4202301,40.1936075,-75.1745994
puma_4202302,40.1102153,-75.1774926
puma_4202401,40.0548586,-75.0750701
puma_4202402,40.020884,-75.0603297
puma_4202500,40.0464486,-75.1411989
puma_4202600,39.9936378,-75.1163325
puma_4202701,40.050405,-75.2051232
puma_4202702,39.9940787,-75.166741
puma_4202703,39.9792359,-75.222581
puma_4202801,39.9168367,-75.2212672
puma_4202802,39.9076121,-75.1689499
puma_4202803,39.9897663,-75.3708344
puma_4202901,39.9347429,-75.3047921
puma_4202902,39.889966,-75.4702975
puma_4203001,40.0002663,-75.5688175
puma_4203002,39.8448129,-75.8446224
puma_4203003,40.0259408,-76.2608199
puma_4203004,40.0138072,-76.1142428
puma_4203101,39.9939208,-76.3738931
puma_4203102,39.8201128,-76.6233423
puma_4203103,39.9394759,-77.7285143
puma_4203104,39.9141154,-79.6445856
puma_4203105,39.9309045,-80.2000559
puma_4203106,41.2980803,-77.3040305
puma_4203201,40.9473591,-80.3327635
puma_4203202,41.4771773,-75.8032708
puma_4203203,40.5505669,-75.4927467
puma_4203204,40.9091603,-77.8478296
puma_4203205,41.1064819,-76.3023345
puma_4203206,42.2093788,-80.130213
puma_4203207,41.5007491,-78.3228153
puma_4203208,41.2068417,-75.8115678
puma_4203209,41.2901528,-79.3539923
puma_4203210,40.4599804,-79.7878659
puma_4203211,40.4997916,-79.6461204
puma_4203301,40.422061,-76.8261239
puma_4203302,40.8345563,-75.698858
puma_4203303,40.0812065,-75.0106977
puma_4203304,39.9520434,-75.1574941
puma_4203401,39.8680747,-75.3228127
puma_4203402,40.0454334,-76.8629327
puma_4203403,39.8615322,-77.2410775
puma_4203404,39.9782526,-78.6496177
puma_4203501,40.2694178,-80.3138595
puma_4203502,40.5939656,-75.4781595
puma_4203503,40.3214356,-80.040984
puma_4203504,40.140452,-75.6114495
puma_4203601,40.5205071,-79.9936471
puma_4203602,40.2385154,-79.6813715
puma_4203603,40.6064469,-79.9589294
puma_4203701,40.1524095,-76.4683616
puma_4203702,40.2530824,-75.9185376
puma_4203800,40.4587457,-79.9592171
puma_4203900,40.2911816,-76.8285812
puma_4204001,40.0411316,-75.7923333
puma_4204002,39.9547727,-76.7199534
puma_4400101,41.8751044,-71.6419135
puma_4400102,41.9318885,-71.4273067
puma_4400103,41.8230556,-71.4187795
puma_4400104,41.7788612,-71.4385659
puma_4400201,41.6777498,-71.5763135
puma_4400300,41.530027,-71.2804654
puma_4400400,41.4011616,-71.6176118
puma_4500101,32.3867916,-80.8308774
puma_4500102,33.6132093,-81.7370914
puma_4500103,34.1072904,-82.2975996
puma_4500104,34.8112743,-82.9183181
puma_4500105,35.0733,-82.4120498
puma_4500200,34.9066377,-82.4265622
puma_4500301,34.814299,-82.3414551
puma_4500302,34.5246443,-82.0857174
puma_4500400,34.5195488,-82.6380859
puma_4500501,34.9535409,-81.9326233
puma_4500502,35.042133,-82.096714
puma_4500601,34.6361721,-81.4842142
puma_4500602,34.9838198,-81.2277335
puma_4500603,34.953404,-81.029701
puma_4500604,33.9287629,-81.4881359
puma_4500605,33.8988287,-81.1159868
puma_4500700,34.3354652,-81.106497
puma_4500800,34.0525561,-80.9144185
puma_4500900,34.0602879,-80.6852547
puma_4501000,34.6373303,-80.1911523
puma_4501101,33.7843316,-80.0886654
puma_4501102,34.1537745,-79.8060793
puma_4501201,33.8381219,-79.3094615
puma_4501202,33.9532619,-79.0340145
puma_4501203,33.7550037,-78.8142236
puma_4501204,33.1198495,-80.4150639
puma_4501300,32.7627199,-80.0052389
puma_4501400,33.1858478,-79.8295861
puma_4501500,32.9352817,-80.1237934
puma_4501600,33.0979543,-80.9702394
puma_4600100,44.7606488,-103.0627257
puma_4600200,44.0951424,-100.9191877
puma_4600300,45.3081314,-98.3185612
puma_4600400,43.9880755,-98.0412244
puma_4600500,43.294324,-97.0140642
puma_4600600,43.5325986,-96.7319147
puma_4700100,36.3827165,-84.1572842
puma_4700200,36.4506306,-82.9065708
puma_4700300,36.5068864,-82.278441
puma_4700400,36.0807754,-82.7996452
puma_4700500,36.2956649,-82.4950374
puma_4700600,35.8981786,-83.1124435
puma_4700700,35.8782207,-83.5016053
puma_4700800,36.1800073,-84.0392709
puma_4700900,36.0270373,-83.8188202
puma_4701000,35.9708752,-83.9464787
puma_4701100,35.9136661,-84.1266067
puma_4701200,35.6881849,-83.9229731
puma_4701300,35.6208579,-84.3485466
puma_4701400,35.2377869,-84.6453951
puma_4701500,35.0251181,-85.2404767
puma_4701601,35.1133518,-85.2219309
puma_4701602,35.2358986,-85.1204485
puma_4701603,35.416787,-85.3318278
puma_4701604,35.246925,-86.276499
puma_4701700,36.1484757,-86.2902097
puma_4701800,35.9446305,-86.4425541
puma_4701900,35.7614716,-86.3940386
puma_4702001,36.1420821,-86.61662
puma_4702002,36.2988798,-86.8348029
puma_4702003,36.173701,-86.7800119
puma_4702100,35.894972,-86.896958
puma_4702200,35.548942,-86.8077248
puma_4702300,35.3209249,-87.5158459
puma_4702401,35.2099145,-88.3548008
puma_4702402,35.5434767,-88.7709539
puma_4702501,35.4612001,-89.5814758
puma_4702502,35.1288323,-90.019001
puma_4702503,35.1300504,-89.9205078
puma_4702504,35.209954,-89.9306217
puma_4702505,35.3061259,-89.901551
puma_4702600,35.1775448,-89.7291636
puma_4702700,35.0532667,-89.7488909
puma_4702800,35.0681243,-89.8614256
puma_4702900,35.0402628,-90.0767753
puma_4703000,36.4700152,-86.4585173
puma_4703100,36.3502613,-85.4303344
puma_4703201,36.0944554,-86.9145581
puma_4703202,36.047371,-86.7048632
puma_4703203,36.1098264,-89.1723831
puma_4703204,36.1556583,-88.2392882
puma_4703205,36.4924338,-87.5994402
puma_4703206,36.1663047,-87.2380115
puma_4703207,36.0346816,-85.9300283
puma_4703208,36.0222807,-85.1431644
puma_4800100,35.4186189,-101.4945002
puma_4800200,35.3986751,-101.893804
puma_4800300,34.962529,-101.8955472
puma_4800400,33.6384473,-101.5354097
puma_4800501,33.5656357,-101.8866715
puma_4800502,33.6105484,-101.8142539
puma_4800600,33.688794,-98.7953405
puma_4800700,33.9911025,-98.7168508
puma_4800800,33.6194115,-96.6664522
puma_4800900,33.0866973,-96.1350405
puma_4801000,33.4004058,-95.2917205
puma_4801100,33.2665756,-94.3739712
puma_4801200,32.6644069,-94.5381886
puma_4801300,32.7166135,-95.5890377
puma_4801400,32.598944,-96.2883777
puma_4801501,32.3823022,-95.2613479
puma_4801502,32.305658,-95.3315504
puma_4801600,32.4863971,-94.8162759
puma_4801700,32.0223298,-94.7825803
puma_4801800,32.0119634,-95.7608074
puma_4801901,33.0059135,-96.7397119
puma_4801902,33.0698447,-96.7895545
puma_4801903,33.0492647,-96.7112268
puma_4801904,33.0685788,-96.6437504
puma_4801905,33.1915024,-96.659276
puma_4801906,33.2604884,-96.770327
puma_4801907,33.2116037,-96.4716894
puma_4802001,31.0954909,-94.0737836
puma_4802002,30.2693319,-94.2445788
puma_4802003,30.0897517,-94.148477
puma_4802004,29.8303569,-94.1548533
puma_4802005,29.964097,-94.7519942
puma_4802006,30.3810943,-95.4572993
puma_4802101,30.2788254,-95.6540577
puma_4802102,30.1762204,-95.50799
puma_4802200,30.135593,-95.2745101
puma_4802301,29.7402406,-95.3082586
puma_4802302,29.704014,-95.3850744
puma_4802303,29.6898886,-95.1881095
puma_4802304,29.7766573,-95.2192016
puma_4802305,29.8697009,-95.2652399
puma_4802306,29.8960708,-95.3514044
puma_4802307,29.8674655,-95.5140038
puma_4802308,29.8024276,-95.5199437
puma_4802309,29.756314,-95.504462
puma_4802310,29.7172719,-95.5083959
puma_4802311,29.6853043,-95.5154431
puma_4802312,29.654197,-95.4913507
puma_4802313,29.6262478,-95.3915638
puma_4802314,29.6790641,-95.2880532
puma_4802315,29.6326436,-95.2522154
puma_4802316,29.5666202,-95.1743495
puma_4802317,32.8178804,-97.3189928
puma_4802318,32.6809457,-97.3579238
puma_4802319,32.6462927,-97.4655209
puma_4802320,32.7941036,-97.4737782
puma_4802321,32.9181584,-97.425868
puma_4802322,32.543196,-99.7497145
puma_4802400,32.2956844,-99.8932198
puma_4802501,31.3570207,-100.8511306
puma_4802502,31.4015829,-100.4613549
puma_4802503,31.8653008,-102.5425068
puma_4802504,30.8973367,-103.6250752
puma_4802505,31.732844,-106.149164
puma_4802506,29.6137368,-95.0696241
puma_4802507,29.7443126,-95.1059635
puma_4802508,29.8103337,-95.0059494
puma_4802509,30.0019285,-95.1187564
puma_4802510,29.9888725,-95.2715725
puma_4802511,29.9762155,-95.4335634
puma_4802512,30.0589464,-95.4088473
puma_4802513,29.9298079,-95.5546602
puma_4802514,30.0118699,-95.5197602
puma_4802515,30.0828924,-95.5932252
puma_4802516,29.9696624,-95.6305182
puma_4802600,33.0586723,-97.1532846
puma_4802700,33.1479837,-96.9058386
puma_4802800,33.1946099,-97.129895
puma_4802900,33.267757,-97.1433672
puma_4803000,32.3472789,-96.7983357
puma_4803100,32.3795112,-97.3648234
puma_4803200,32.4567616,-98.1588766
puma_4803301,32.9266331,-96.5616043
puma_4803302,32.87582,-96.6370477
puma_4803303,32.7798905,-96.5704752
puma_4803304,32.6375163,-96.665063
puma_4803305,32.7548124,-96.6536853
puma_4803306,32.8305017,-96.6973507
puma_4803400,29.9681151,-95.7975804
puma_4803501,29.8998454,-95.6708494
puma_4803502,29.8247622,-95.6886228
puma_4803601,29.7550133,-95.7036172
puma_4803602,29.8098773,-95.6055773
puma_4803700,29.7276394,-95.5977334
puma_4803801,29.3635207,-94.8621613
puma_4803802,29.4903493,-95.1078993
puma_4803900,29.5519859,-95.3453752
puma_4804000,29.2905191,-95.3171973
puma_4804100,29.0614948,-95.5282104
puma_4804200,29.5691886,-95.5271746
puma_4804301,29.6007504,-95.6108377
puma_4804302,29.569799,-95.7234973
puma_4804400,29.6886989,-95.7166457
puma_4804501,29.5047153,-95.8025285
puma_4804502,29.3445851,-96.1913184
puma_4804503,30.0345763,-97.1740162
puma_4804504,30.5339472,-97.6565723
puma_4804601,30.4886969,-97.7555476
puma_4804602,30.6177237,-97.8372818
puma_4804603,30.399883,-97.53029
puma_4804604,30.4077196,-97.7109209
puma_4804605,30.3258191,-97.6472399
puma_4804606,30.1959478,-97.716899
puma_4804607,30.3199707,-97.7466147
puma_4804608,30.2128076,-97.7857321
puma_4804609,30.2464733,-97.8591855
puma_4804610,30.0612247,-98.0292673
puma_4804611,29.1046591,-97.3737484
puma_4804612,28.5998924,-96.7753771
puma_4804613,29.5832081,-97.9490268
puma_4804614,29.8030193,-98.2552006
puma_4804615,29.420114,-98.5091173
puma_4804616,29.468339,-98.4455428
puma_4804617,29.3681661,-98.4471054
puma_4804618,29.478146,-98.5327166
puma_4804619,29.4205584,-98.59641
puma_4804620,29.3425345,-98.5700519
puma_4804621,29.3069307,-98.4769808
puma_4804622,29.4400578,-98.6787664
puma_4804623,29.496597,-98.6439752
puma_4804624,29.5389586,-98.608047
puma_4804625,29.5602243,-98.4288815
puma_4804626,29.4954842,-98.3741881
puma_4804627,29.591444,-98.7299699
puma_4804628,29.67501,-98.5046
puma_4804629,29.1715798,-98.9674482
puma_4804630,29.3032323,-100.1985341
puma_4804631,27.5291876,-99.4880785
puma_4804632,27.7705836,-99.3266413
puma_4804633,27.5017185,-98.6196772
puma_4804634,28.2411277,-97.3976158
puma_4804635,27.755868,-97.4232398
puma_4804636,27.6950769,-97.3737839
puma_4804637,26.1490039,-97.3519405
puma_4804638,25.9280379,-97.4827839
puma_4804701,26.1296718,-97.9865327
puma_4804702,26.2447783,-98.0452663
puma_4804801,26.3476101,-98.1619394
puma_4804802,26.2215455,-98.3267144
puma_4804803,27.1031565,-97.8076602
puma_4804901,29.7924644,-95.3613419
puma_4804902,29.5461364,-98.31477
puma_4804903,30.6661674,-97.5308766
puma_4804904,33.0275063,-96.8858887
puma_4804905,29.5659807,-98.5317636
puma_4805000,31.0763398,-97.7165741
puma_4805100,30.3987027,-97.8406277
puma_4805201,32.8087516,-97.0885074
puma_4805202,29.7448756,-95.4205443
puma_4805203,29.6771013,-95.5932803
puma_4805204,27.7394061,-97.5216428
puma_4805301,26.1891996,-97.7308004
puma_4805302,26.4841771,-98.2099808
puma_4805303,31.7758079,-106.2993559
puma_4805304,31.8708957,-102.0243264
puma_4805305,26.2160929,-98.2414921
puma_4805306,30.157891,-98.919476
puma_4805307,31.4485275,-94.6148464
puma_4805308,31.695315,-106.3179945
puma_4805309,31.7876431,-106.4189285
puma_4805400,31.9218377,-106.4358447
puma_4805500,31.9018439,-106.5649602
puma_4805600,31.1860464,-98.3508315
puma_4805700,31.0350866,-97.4637917
puma_4805800,30.8493793,-96.4762632
puma_4805901,30.6567254,-96.3023887
puma_4805902,31.7720662,-96.8243198
puma_4805903,31.5498353,-97.1526844
puma_4805904,31.4026227,-97.4034704
puma_4805905,30.9531334,-95.2094174
puma_4805906,32.6079673,-96.9770344
puma_4805907,32.7021559,-96.9642273
puma_4805908,32.7845818,-96.9748677
puma_4805909,32.868028,-96.969173
puma_4805910,32.9444841,-96.9581335
puma_4805911,32.7770964,-97.8059049
puma_4805912,32.7198121,-97.0818557
puma_4805913,32.6395042,-97.0861361
puma_4805914,32.5987002,-97.1252549
puma_4805915,32.6029618,-97.2751416
puma_4805916,32.7157007,-97.1800871
puma_4806000,32.7096685,-97.2735597
puma_4806100,32.7972616,-97.2011831
puma_4806200,32.9122709,-97.2229172
puma_4806301,32.8890007,-96.7346901
puma_4806302,32.9504732,-96.6581836
puma_4806400,32.9523202,-96.7548808
puma_4806500,32.9531519,-96.8505127
puma_4806601,32.8923328,-96.8286403
puma_4806602,32.8282924,-96.8489333
puma_4806603,32.8065702,-96.7779836
puma_4806701,32.7441782,-96.7633388
puma_4806702,32.761625,-96.879128
puma_4806703,32.6901032,-96.8552416
puma_4806801,32.5950541,-96.8187957
puma_4806802,32.9280371,-97.2839139
puma_4806803,29.9091106,-95.4602777
puma_4806804,26.1451509,-98.2041376
puma_4806805,29.8457755,-95.4077589
puma_4806806,30.4738896,-97.9946749
puma_4806807,32.925949,-97.1027945
puma_4806900,33.0297896,-96.9646371
puma_4903001,40.6116528,-111.7149161
puma_4905001,40.5285158,-111.851109
puma_4911001,40.1561005,-111.952868
puma_4911002,40.3350435,-111.7313895
puma_4913001,40.2410363,-111.6577372
puma_4921001,40.0814295,-111.4450514
puma_4935001,37.2625308,-113.4878003
puma_4935002,41.2344459,-112.1885315
puma_4935003,41.2945417,-111.6982893
puma_4935004,40.9295073,-113.0653335
puma_4935005,41.2697316,-111.3125999
puma_4935006,41.046013,-112.1760313
puma_4935007,40.923042,-111.8827119
puma_4935008,39.081441,-110.0543675
puma_4935009,38.4226847,-112.3542299
puma_4949001,40.7584173,-112.1051416
puma_4949002,40.7759115,-111.752248
puma_4949003,40.7042671,-111.993516
puma_4949004,40.6858782,-111.927862
puma_4953001,40.676338,-111.7880258
puma_4957001,40.5196005,-112.0612591
puma_4957002,40.5473809,-111.9507126
puma_5000100,44.6860126,-73.0414959
puma_5000200,44.5900542,-72.2450753
puma_5000300,43.5090563,-72.5709124
puma_5000400,43.5685615,-73.0974275
puma_5101301,38.796176,-78.4920759
puma_5101302,37.2792537,-79.9791296
puma_5104101,36.8588601,-76.3503426
puma_5104102,37.7149294,-77.9828211
puma_5104103,38.8961265,-77.1234899
puma_5110701,38.861649,-77.0783639
puma_5110702,38.1201545,-77.4309085
puma_5110703,37.7168075,-76.2444768
puma_5151010,37.0033386,-77.3478857
puma_5151020,36.7615048,-76.8694241
puma_5151040,36.9270713,-76.2422298
puma_5151044,36.8578323,-76.0012751
puma_5151045,36.8062562,-76.1516285
puma_5151080,36.6861989,-76.0169778
puma_5151084,37.0759784,-76.5217187
puma_5151085,37.0480303,-76.2971486
puma_5151087,37.2491895,-76.546242
puma_5151089,38.7490077,-77.4685909
puma_5151090,38.6191167,-77.3171205
puma_5151095,38.8183429,-77.0820263
puma_5151096,36.7697075,-76.254673
puma_5151097,36.6539166,-76.3040941
puma_5151105,38.8405799,-77.1755632
puma_5151110,38.7497199,-77.0919487
puma_5151115,38.8172954,-77.275918
puma_5151120,38.7362054,-77.2867124
puma_5151125,38.898248,-77.2987259
puma_5151135,38.7701117,-77.19041
puma_5151145,38.9454354,-77.3760563
puma_5151154,38.9652017,-77.2405532
puma_5151155,38.8561073,-77.4529241
puma_5151164,37.5056718,-77.3458821
puma_5151165,37.6253614,-77.5794012
puma_5151167,37.531399,-77.4760085
puma_5151175,38.7240552,-77.542824
puma_5151186,37.4419303,-77.477704
puma_5151206,37.4028359,-77.5212218
puma_5151215,37.3472143,-77.6355989
puma_5151224,39.0335576,-77.4166668
puma_5151225,38.9852545,-77.4993078
puma_5151235,39.1121306,-77.6756914
puma_5151244,36.9686321,-82.3203968
puma_5151245,36.809756,-81.3489234
puma_5151246,37.1213632,-80.531516
puma_5151255,37.381906,-79.9678327
puma_5155001,38.0901662,-79.3989175
puma_5155002,39.1766466,-78.1828983
puma_5159301,38.5408908,-77.9922108
puma_5159302,37.8965047,-78.4201615
puma_5159303,38.2007277,-78.5420471
puma_5159304,37.4209914,-79.2619377
puma_5159305,37.230477,-79.1091253
puma_5159306,36.7495963,-79.7244046
puma_5159307,37.0333553,-78.4055436
puma_5159308,38.5112574,-78.876307
puma_5159309,38.4189333,-77.4590432
puma_5310100,48.8426531,-121.8364325
puma_5310200,48.4470835,-122.1737477
puma_5310300,47.8207101,-120.2680419
puma_5310400,48.5031113,-118.7866723
puma_5310501,47.727103,-117.426092
puma_5310502,47.6398543,-117.4466701
puma_5310503,47.6561312,-117.1848928
puma_5310504,47.4528139,-117.6335913
puma_5310600,46.9464148,-118.0223129
puma_5310701,46.3417341,-119.3819859
puma_5310702,46.1709623,-119.1426508
puma_5310703,46.3268203,-119.011907
puma_5310800,47.1763396,-120.0122373
puma_5310901,46.6016947,-120.5495957
puma_5310902,46.4565581,-120.7401446
puma_5311000,46.2871268,-121.7656839
puma_5311101,45.6576149,-122.6599638
puma_5311102,45.7004541,-122.6392898
puma_5311103,45.6090241,-122.3946494
puma_5311104,45.8193225,-122.447661
puma_5311200,46.3741874,-123.2697606
puma_5311300,47.2136746,-123.6234225
puma_5311401,47.0289873,-122.8349812
puma_5311402,46.9165765,-122.8284853
puma_5311501,47.2420687,-122.4658175
puma_5311502,47.2822884,-122.6738855
puma_5311503,47.0894734,-122.5523993
puma_5311504,47.134328,-122.4122673
puma_5311505,47.2320641,-122.273831
puma_5311506,47.1369682,-122.2980657
puma_5311507,46.9585225,-121.9396789
puma_5311601,47.6909932,-122.3619886
puma_5311602,47.6875388,-122.2847471
puma_5311603,47.6391415,-122.3720415
puma_5311604,47.581457,-122.2744307
puma_5311605,47.5521279,-122.352395
puma_5311606,47.756442,-122.278789
puma_5311607,47.684098,-122.1662071
puma_5311608,47.6070945,-122.16441
puma_5311609,47.5616312,-122.0701808
puma_5311610,47.4836108,-122.1904418
puma_5311611,47.4625998,-122.3095933
puma_5311612,47.4764315,-122.4271827
puma_5311613,47.387151,-122.2134237
puma_5311614,47.2848663,-122.169381
puma_5311615,47.2978465,-121.7860533
puma_5311616,47.6075559,-121.5876011
puma_5311701,47.8094237,-122.3238471
puma_5311702,47.8850557,-122.2739659
puma_5311703,47.944851,-122.2113738
puma_5311704,47.8165691,-122.1351261
puma_5311705,47.9123171,-121.606822
puma_5311706,48.1797844,-121.7654135
puma_5311801,47.7284856,-122.6015652
puma_5311802,47.511672,-122.7140249
puma_5311900,48.0027435,-123.8208473
puma_5400100,38.9621793,-79.6301462
puma_5400200,38.9955987,-81.0493728
puma_5400300,39.1803226,-81.4130705
puma_5400400,40.0680902,-80.6209567
puma_5400500,39.3496492,-80.3746954
puma_5400600,38.0876437,-80.4585821
puma_5400700,37.792426,-81.1414563
puma_5400800,38.4292473,-82.2283603
puma_5400900,38.2082617,-81.89444
puma_5401000,38.361826,-81.422216
puma_5401100,39.5251551,-79.8019121
puma_5401200,39.3699369,-78.449442
puma_5401300,37.642611,-81.7910194
puma_5500100,44.8644172,-91.2961614
puma_5500101,43.0029476,-88.4018878
puma_5500102,43.0177747,-88.1288117
puma_5500103,43.0643083,-88.2498631
puma_5500200,42.6699307,-89.0751194
puma_5500300,42.5798383,-87.4186914
puma_5500600,42.755361,-87.4866213
puma_5500700,46.1462742,-91.0778314
puma_5500800,43.0647775,-89.4317874
puma_5500900,43.0730056,-89.2253045
puma_5501000,43.068938,-89.6355353
puma_5501001,44.5205815,-87.9872205
puma_5501300,44.4710303,-87.9935938
puma_5501301,45.6272742,-89.2991486
puma_5501400,44.1072207,-91.2006868
puma_5501401,42.9098341,-90.2774826
puma_5501500,43.9082222,-91.1117584
puma_5501501,43.4469526,-89.6626319
puma_5501600,43.2620274,-88.7345402
puma_5501601,45.0162159,-88.0725954
puma_5502400,44.1046512,-87.3105713
puma_5502500,44.3839805,-89.0041293
puma_5510000,43.8636066,-88.3862593
puma_5520000,44.0623779,-88.6550379
puma_5530000,44.2159173,-89.8643099
puma_5540101,43.7531754,-87.6681298
puma_5540301,43.353628,-87.8103944
puma_5540701,43.1322146,-87.9205178
puma_5541001,42.9431746,-87.466301
puma_5541002,42.9987061,-88.0205467
puma_5541003,44.4182258,-88.4649883
puma_5541004,44.8980363,-89.757823
puma_5541005,43.1459602,-88.0120955
puma_5550000,43.0853253,-87.9802754
puma_5555101,43.0649017,-87.9294578
puma_5555102,43.020337,-87.9570508
puma_5555103,42.9717213,-87.933264
puma_5570101,42.6681095,-88.5417306
puma_5570201,45.1523863,-91.497773
puma_5570301,44.9851401,-92.1459502
puma_5600100,43.9104006,-109.3348528
puma_5600200,43.6518098,-105.4270533
puma_5600300,41.5284712,-105.3227947
puma_5600400,42.3982074,-106.5454867
puma_5600500,42.4235749,-109.0585458
