puma,state,htg_slope_com_btu_m2_degC
puma_0100100,AL,7.070156217992180
puma_0100200,AL,7.070156217992180
puma_0100301,AL,7.070156217992180
puma_0100302,AL,7.070156217992180
puma_0100400,AL,7.070156217992180
puma_0100500,AL,7.070156217992180
puma_0100600,AL,7.070156217992180
puma_0100700,AL,7.070156217992180
puma_0100800,AL,7.070156217992180
puma_0100900,AL,7.070156217992180
puma_0101000,AL,7.070156217992180
puma_0101100,AL,7.070156217992180
puma_0101200,AL,7.070156217992180
puma_0101301,AL,7.070156217992180
puma_0101302,AL,7.070156217992180
puma_0101303,AL,7.070156217992180
puma_0101304,AL,7.070156217992180
puma_0101305,AL,7.070156217992180
puma_0101400,AL,7.070156217992180
puma_0101500,AL,7.070156217992180
puma_0101600,AL,7.070156217992180
puma_0101700,AL,7.070156217992180
puma_0101800,AL,7.070156217992180
puma_0101900,AL,7.070156217992180
puma_0102000,AL,7.070156217992180
puma_0102100,AL,7.070156217992180
puma_0102200,AL,7.070156217992180
puma_0102300,AL,7.070156217992180
puma_0102400,AL,7.070156217992180
puma_0102500,AL,7.070156217992180
puma_0102600,AL,7.070156217992180
puma_0102701,AL,7.070156217992180
puma_0102702,AL,7.070156217992180
puma_0102703,AL,7.070156217992180
puma_0400100,AZ,8.371993379749580
puma_0400101,AZ,8.371993379749580
puma_0400102,AZ,8.371993379749580
puma_0400103,AZ,8.371993379749580
puma_0400104,AZ,8.371993379749580
puma_0400105,AZ,8.371993379749580
puma_0400106,AZ,8.371993379749580
puma_0400107,AZ,8.371993379749580
puma_0400108,AZ,8.371993379749580
puma_0400109,AZ,8.371993379749580
puma_0400110,AZ,8.371993379749580
puma_0400111,AZ,8.371993379749580
puma_0400112,AZ,8.371993379749580
puma_0400113,AZ,8.371993379749580
puma_0400114,AZ,8.371993379749580
puma_0400115,AZ,8.371993379749580
puma_0400116,AZ,8.371993379749580
puma_0400117,AZ,8.371993379749580
puma_0400118,AZ,8.371993379749580
puma_0400119,AZ,8.371993379749580
puma_0400120,AZ,8.371993379749580
puma_0400121,AZ,8.371993379749580
puma_0400122,AZ,8.371993379749580
puma_0400123,AZ,8.371993379749580
puma_0400124,AZ,8.371993379749580
puma_0400125,AZ,8.371993379749580
puma_0400126,AZ,8.371993379749580
puma_0400127,AZ,8.371993379749580
puma_0400128,AZ,8.371993379749580
puma_0400129,AZ,8.371993379749580
puma_0400130,AZ,8.371993379749580
puma_0400131,AZ,8.371993379749580
puma_0400132,AZ,8.371993379749580
puma_0400133,AZ,8.371993379749580
puma_0400134,AZ,8.371993379749580
puma_0400201,AZ,8.371993379749580
puma_0400202,AZ,8.371993379749580
puma_0400203,AZ,8.371993379749580
puma_0400204,AZ,8.371993379749580
puma_0400205,AZ,8.371993379749580
puma_0400206,AZ,8.371993379749580
puma_0400207,AZ,8.371993379749580
puma_0400208,AZ,8.371993379749580
puma_0400209,AZ,8.371993379749580
puma_0400300,AZ,8.371993379749580
puma_0400400,AZ,8.371993379749580
puma_0400500,AZ,8.371993379749580
puma_0400600,AZ,8.371993379749580
puma_0400700,AZ,8.371993379749580
puma_0400800,AZ,8.371993379749580
puma_0400803,AZ,8.371993379749580
puma_0400805,AZ,8.371993379749580
puma_0400807,AZ,8.371993379749580
puma_0400900,AZ,8.371993379749580
puma_0500100,AR,6.112872913527190
puma_0500200,AR,6.112872913527190
puma_0500300,AR,6.112872913527190
puma_0500400,AR,6.112872913527190
puma_0500500,AR,6.112872913527190
puma_0500600,AR,6.112872913527190
puma_0500700,AR,6.112872913527190
puma_0500800,AR,6.112872913527190
puma_0500900,AR,6.112872913527190
puma_0501000,AR,6.112872913527190
puma_0501100,AR,6.112872913527190
puma_0501200,AR,6.112872913527190
puma_0501300,AR,6.112872913527190
puma_0501400,AR,6.112872913527190
puma_0501500,AR,6.112872913527190
puma_0501600,AR,6.112872913527190
puma_0501700,AR,6.112872913527190
puma_0501800,AR,6.112872913527190
puma_0501900,AR,6.112872913527190
puma_0502000,AR,6.112872913527190
puma_0600101,CA,3.9122972719810400
puma_0600102,CA,3.9122972719810400
puma_0600103,CA,3.9122972719810400
puma_0600104,CA,3.9122972719810400
puma_0600105,CA,3.9122972719810400
puma_0600106,CA,3.9122972719810400
puma_0600107,CA,3.9122972719810400
puma_0600108,CA,3.9122972719810400
puma_0600109,CA,3.9122972719810400
puma_0600110,CA,3.9122972719810400
puma_0600300,CA,3.9122972719810400
puma_0600701,CA,3.9122972719810400
puma_0600702,CA,3.9122972719810400
puma_0601100,CA,3.9122972719810400
puma_0601301,CA,3.9122972719810400
puma_0601302,CA,3.9122972719810400
puma_0601303,CA,3.9122972719810400
puma_0601304,CA,3.9122972719810400
puma_0601305,CA,3.9122972719810400
puma_0601306,CA,3.9122972719810400
puma_0601307,CA,3.9122972719810400
puma_0601308,CA,3.9122972719810400
puma_0601309,CA,3.9122972719810400
puma_0601500,CA,3.9122972719810400
puma_0601700,CA,3.9122972719810400
puma_0601901,CA,3.9122972719810400
puma_0601902,CA,3.9122972719810400
puma_0601903,CA,3.9122972719810400
puma_0601904,CA,3.9122972719810400
puma_0601905,CA,3.9122972719810400
puma_0601906,CA,3.9122972719810400
puma_0601907,CA,3.9122972719810400
puma_0602300,CA,3.9122972719810400
puma_0602500,CA,3.9122972719810400
puma_0602901,CA,3.9122972719810400
puma_0602902,CA,3.9122972719810400
puma_0602903,CA,3.9122972719810400
puma_0602904,CA,3.9122972719810400
puma_0602905,CA,3.9122972719810400
puma_0603100,CA,3.9122972719810400
puma_0603300,CA,3.9122972719810400
puma_0603701,CA,3.9122972719810400
puma_0603702,CA,3.9122972719810400
puma_0603703,CA,3.9122972719810400
puma_0603704,CA,3.9122972719810400
puma_0603705,CA,3.9122972719810400
puma_0603706,CA,3.9122972719810400
puma_0603707,CA,3.9122972719810400
puma_0603708,CA,3.9122972719810400
puma_0603709,CA,3.9122972719810400
puma_0603710,CA,3.9122972719810400
puma_0603711,CA,3.9122972719810400
puma_0603712,CA,3.9122972719810400
puma_0603713,CA,3.9122972719810400
puma_0603714,CA,3.9122972719810400
puma_0603715,CA,3.9122972719810400
puma_0603716,CA,3.9122972719810400
puma_0603717,CA,3.9122972719810400
puma_0603718,CA,3.9122972719810400
puma_0603719,CA,3.9122972719810400
puma_0603720,CA,3.9122972719810400
puma_0603721,CA,3.9122972719810400
puma_0603722,CA,3.9122972719810400
puma_0603723,CA,3.9122972719810400
puma_0603724,CA,3.9122972719810400
puma_0603725,CA,3.9122972719810400
puma_0603726,CA,3.9122972719810400
puma_0603727,CA,3.9122972719810400
puma_0603728,CA,3.9122972719810400
puma_0603729,CA,3.9122972719810400
puma_0603730,CA,3.9122972719810400
puma_0603731,CA,3.9122972719810400
puma_0603732,CA,3.9122972719810400
puma_0603733,CA,3.9122972719810400
puma_0603734,CA,3.9122972719810400
puma_0603735,CA,3.9122972719810400
puma_0603736,CA,3.9122972719810400
puma_0603737,CA,3.9122972719810400
puma_0603738,CA,3.9122972719810400
puma_0603739,CA,3.9122972719810400
puma_0603740,CA,3.9122972719810400
puma_0603741,CA,3.9122972719810400
puma_0603742,CA,3.9122972719810400
puma_0603743,CA,3.9122972719810400
puma_0603744,CA,3.9122972719810400
puma_0603745,CA,3.9122972719810400
puma_0603746,CA,3.9122972719810400
puma_0603747,CA,3.9122972719810400
puma_0603748,CA,3.9122972719810400
puma_0603749,CA,3.9122972719810400
puma_0603750,CA,3.9122972719810400
puma_0603751,CA,3.9122972719810400
puma_0603752,CA,3.9122972719810400
puma_0603753,CA,3.9122972719810400
puma_0603754,CA,3.9122972719810400
puma_0603755,CA,3.9122972719810400
puma_0603756,CA,3.9122972719810400
puma_0603757,CA,3.9122972719810400
puma_0603758,CA,3.9122972719810400
puma_0603759,CA,3.9122972719810400
puma_0603760,CA,3.9122972719810400
puma_0603761,CA,3.9122972719810400
puma_0603762,CA,3.9122972719810400
puma_0603763,CA,3.9122972719810400
puma_0603764,CA,3.9122972719810400
puma_0603765,CA,3.9122972719810400
puma_0603766,CA,3.9122972719810400
puma_0603767,CA,3.9122972719810400
puma_0603768,CA,3.9122972719810400
puma_0603769,CA,3.9122972719810400
puma_0603900,CA,3.9122972719810400
puma_0604101,CA,3.9122972719810400
puma_0604102,CA,3.9122972719810400
puma_0604701,CA,3.9122972719810400
puma_0604702,CA,3.9122972719810400
puma_0605301,CA,3.9122972719810400
puma_0605302,CA,3.9122972719810400
puma_0605303,CA,3.9122972719810400
puma_0605500,CA,3.9122972719810400
puma_0605700,CA,3.9122972719810400
puma_0605901,CA,3.9122972719810400
puma_0605902,CA,3.9122972719810400
puma_0605903,CA,3.9122972719810400
puma_0605904,CA,3.9122972719810400
puma_0605905,CA,3.9122972719810400
puma_0605906,CA,3.9122972719810400
puma_0605907,CA,3.9122972719810400
puma_0605908,CA,3.9122972719810400
puma_0605909,CA,3.9122972719810400
puma_0605910,CA,3.9122972719810400
puma_0605911,CA,3.9122972719810400
puma_0605912,CA,3.9122972719810400
puma_0605913,CA,3.9122972719810400
puma_0605914,CA,3.9122972719810400
puma_0605915,CA,3.9122972719810400
puma_0605916,CA,3.9122972719810400
puma_0605917,CA,3.9122972719810400
puma_0605918,CA,3.9122972719810400
puma_0606101,CA,3.9122972719810400
puma_0606102,CA,3.9122972719810400
puma_0606103,CA,3.9122972719810400
puma_0606501,CA,3.9122972719810400
puma_0606502,CA,3.9122972719810400
puma_0606503,CA,3.9122972719810400
puma_0606504,CA,3.9122972719810400
puma_0606505,CA,3.9122972719810400
puma_0606506,CA,3.9122972719810400
puma_0606507,CA,3.9122972719810400
puma_0606508,CA,3.9122972719810400
puma_0606509,CA,3.9122972719810400
puma_0606510,CA,3.9122972719810400
puma_0606511,CA,3.9122972719810400
puma_0606512,CA,3.9122972719810400
puma_0606513,CA,3.9122972719810400
puma_0606514,CA,3.9122972719810400
puma_0606515,CA,3.9122972719810400
puma_0606701,CA,3.9122972719810400
puma_0606702,CA,3.9122972719810400
puma_0606703,CA,3.9122972719810400
puma_0606704,CA,3.9122972719810400
puma_0606705,CA,3.9122972719810400
puma_0606706,CA,3.9122972719810400
puma_0606707,CA,3.9122972719810400
puma_0606708,CA,3.9122972719810400
puma_0606709,CA,3.9122972719810400
puma_0606710,CA,3.9122972719810400
puma_0606711,CA,3.9122972719810400
puma_0606712,CA,3.9122972719810400
puma_0607101,CA,3.9122972719810400
puma_0607102,CA,3.9122972719810400
puma_0607103,CA,3.9122972719810400
puma_0607104,CA,3.9122972719810400
puma_0607105,CA,3.9122972719810400
puma_0607106,CA,3.9122972719810400
puma_0607107,CA,3.9122972719810400
puma_0607108,CA,3.9122972719810400
puma_0607109,CA,3.9122972719810400
puma_0607110,CA,3.9122972719810400
puma_0607111,CA,3.9122972719810400
puma_0607112,CA,3.9122972719810400
puma_0607113,CA,3.9122972719810400
puma_0607114,CA,3.9122972719810400
puma_0607115,CA,3.9122972719810400
puma_0607301,CA,3.9122972719810400
puma_0607302,CA,3.9122972719810400
puma_0607303,CA,3.9122972719810400
puma_0607304,CA,3.9122972719810400
puma_0607305,CA,3.9122972719810400
puma_0607306,CA,3.9122972719810400
puma_0607307,CA,3.9122972719810400
puma_0607308,CA,3.9122972719810400
puma_0607309,CA,3.9122972719810400
puma_0607310,CA,3.9122972719810400
puma_0607311,CA,3.9122972719810400
puma_0607312,CA,3.9122972719810400
puma_0607313,CA,3.9122972719810400
puma_0607314,CA,3.9122972719810400
puma_0607315,CA,3.9122972719810400
puma_0607316,CA,3.9122972719810400
puma_0607317,CA,3.9122972719810400
puma_0607318,CA,3.9122972719810400
puma_0607319,CA,3.9122972719810400
puma_0607320,CA,3.9122972719810400
puma_0607321,CA,3.9122972719810400
puma_0607322,CA,3.9122972719810400
puma_0607501,CA,3.9122972719810400
puma_0607502,CA,3.9122972719810400
puma_0607503,CA,3.9122972719810400
puma_0607504,CA,3.9122972719810400
puma_0607505,CA,3.9122972719810400
puma_0607506,CA,3.9122972719810400
puma_0607507,CA,3.9122972719810400
puma_0607701,CA,3.9122972719810400
puma_0607702,CA,3.9122972719810400
puma_0607703,CA,3.9122972719810400
puma_0607704,CA,3.9122972719810400
puma_0607901,CA,3.9122972719810400
puma_0607902,CA,3.9122972719810400
puma_0608101,CA,3.9122972719810400
puma_0608102,CA,3.9122972719810400
puma_0608103,CA,3.9122972719810400
puma_0608104,CA,3.9122972719810400
puma_0608105,CA,3.9122972719810400
puma_0608106,CA,3.9122972719810400
puma_0608301,CA,3.9122972719810400
puma_0608302,CA,3.9122972719810400
puma_0608303,CA,3.9122972719810400
puma_0608501,CA,3.9122972719810400
puma_0608502,CA,3.9122972719810400
puma_0608503,CA,3.9122972719810400
puma_0608504,CA,3.9122972719810400
puma_0608505,CA,3.9122972719810400
puma_0608506,CA,3.9122972719810400
puma_0608507,CA,3.9122972719810400
puma_0608508,CA,3.9122972719810400
puma_0608509,CA,3.9122972719810400
puma_0608510,CA,3.9122972719810400
puma_0608511,CA,3.9122972719810400
puma_0608512,CA,3.9122972719810400
puma_0608513,CA,3.9122972719810400
puma_0608514,CA,3.9122972719810400
puma_0608701,CA,3.9122972719810400
puma_0608702,CA,3.9122972719810400
puma_0608900,CA,3.9122972719810400
puma_0609501,CA,3.9122972719810400
puma_0609502,CA,3.9122972719810400
puma_0609503,CA,3.9122972719810400
puma_0609701,CA,3.9122972719810400
puma_0609702,CA,3.9122972719810400
puma_0609703,CA,3.9122972719810400
puma_0609901,CA,3.9122972719810400
puma_0609902,CA,3.9122972719810400
puma_0609903,CA,3.9122972719810400
puma_0609904,CA,3.9122972719810400
puma_0610100,CA,3.9122972719810400
puma_0610701,CA,3.9122972719810400
puma_0610702,CA,3.9122972719810400
puma_0610703,CA,3.9122972719810400
puma_0611101,CA,3.9122972719810400
puma_0611102,CA,3.9122972719810400
puma_0611103,CA,3.9122972719810400
puma_0611104,CA,3.9122972719810400
puma_0611105,CA,3.9122972719810400
puma_0611106,CA,3.9122972719810400
puma_0611300,CA,3.9122972719810400
puma_0800100,CO,6.0319340075705200
puma_0800102,CO,6.0319340075705200
puma_0800103,CO,6.0319340075705200
puma_0800200,CO,6.0319340075705200
puma_0800300,CO,6.0319340075705200
puma_0800400,CO,6.0319340075705200
puma_0800600,CO,6.0319340075705200
puma_0800700,CO,6.0319340075705200
puma_0800800,CO,6.0319340075705200
puma_0800801,CO,6.0319340075705200
puma_0800802,CO,6.0319340075705200
puma_0800803,CO,6.0319340075705200
puma_0800804,CO,6.0319340075705200
puma_0800805,CO,6.0319340075705200
puma_0800806,CO,6.0319340075705200
puma_0800807,CO,6.0319340075705200
puma_0800808,CO,6.0319340075705200
puma_0800809,CO,6.0319340075705200
puma_0800810,CO,6.0319340075705200
puma_0800811,CO,6.0319340075705200
puma_0800812,CO,6.0319340075705200
puma_0800813,CO,6.0319340075705200
puma_0800814,CO,6.0319340075705200
puma_0800815,CO,6.0319340075705200
puma_0800816,CO,6.0319340075705200
puma_0800817,CO,6.0319340075705200
puma_0800818,CO,6.0319340075705200
puma_0800819,CO,6.0319340075705200
puma_0800820,CO,6.0319340075705200
puma_0800821,CO,6.0319340075705200
puma_0800822,CO,6.0319340075705200
puma_0800823,CO,6.0319340075705200
puma_0800824,CO,6.0319340075705200
puma_0800900,CO,6.0319340075705200
puma_0801001,CO,6.0319340075705200
puma_0801002,CO,6.0319340075705200
puma_0804101,CO,6.0319340075705200
puma_0804102,CO,6.0319340075705200
puma_0804103,CO,6.0319340075705200
puma_0804104,CO,6.0319340075705200
puma_0804105,CO,6.0319340075705200
puma_0804106,CO,6.0319340075705200
puma_0900100,CT,5.223507477940770
puma_0900101,CT,5.223507477940770
puma_0900102,CT,5.223507477940770
puma_0900103,CT,5.223507477940770
puma_0900104,CT,5.223507477940770
puma_0900105,CT,5.223507477940770
puma_0900300,CT,5.223507477940770
puma_0900301,CT,5.223507477940770
puma_0900302,CT,5.223507477940770
puma_0900303,CT,5.223507477940770
puma_0900304,CT,5.223507477940770
puma_0900305,CT,5.223507477940770
puma_0900306,CT,5.223507477940770
puma_0900500,CT,5.223507477940770
puma_0900700,CT,5.223507477940770
puma_0900900,CT,5.223507477940770
puma_0900901,CT,5.223507477940770
puma_0900902,CT,5.223507477940770
puma_0900903,CT,5.223507477940770
puma_0900904,CT,5.223507477940770
puma_0900905,CT,5.223507477940770
puma_0900906,CT,5.223507477940770
puma_0901100,CT,5.223507477940770
puma_0901101,CT,5.223507477940770
puma_0901300,CT,5.223507477940770
puma_0901500,CT,5.223507477940770
puma_1000101,DE,6.363338785243790
puma_1000102,DE,6.363338785243790
puma_1000103,DE,6.363338785243790
puma_1000104,DE,6.363338785243790
puma_1000200,DE,6.363338785243790
puma_1000300,DE,6.363338785243790
puma_1100101,DC,8.330333846508790
puma_1100102,DC,8.330333846508790
puma_1100103,DC,8.330333846508790
puma_1100104,DC,8.330333846508790
puma_1100105,DC,8.330333846508790
puma_1200101,FL,13.551447300634200
puma_1200102,FL,13.551447300634200
puma_1200500,FL,13.551447300634200
puma_1200901,FL,13.551447300634200
puma_1200902,FL,13.551447300634200
puma_1200903,FL,13.551447300634200
puma_1200904,FL,13.551447300634200
puma_1201101,FL,13.551447300634200
puma_1201102,FL,13.551447300634200
puma_1201103,FL,13.551447300634200
puma_1201104,FL,13.551447300634200
puma_1201105,FL,13.551447300634200
puma_1201106,FL,13.551447300634200
puma_1201107,FL,13.551447300634200
puma_1201108,FL,13.551447300634200
puma_1201109,FL,13.551447300634200
puma_1201110,FL,13.551447300634200
puma_1201111,FL,13.551447300634200
puma_1201112,FL,13.551447300634200
puma_1201113,FL,13.551447300634200
puma_1201114,FL,13.551447300634200
puma_1201500,FL,13.551447300634200
puma_1201701,FL,13.551447300634200
puma_1201900,FL,13.551447300634200
puma_1202101,FL,13.551447300634200
puma_1202102,FL,13.551447300634200
puma_1202103,FL,13.551447300634200
puma_1202300,FL,13.551447300634200
puma_1202700,FL,13.551447300634200
puma_1203101,FL,13.551447300634200
puma_1203102,FL,13.551447300634200
puma_1203103,FL,13.551447300634200
puma_1203104,FL,13.551447300634200
puma_1203105,FL,13.551447300634200
puma_1203106,FL,13.551447300634200
puma_1203107,FL,13.551447300634200
puma_1203301,FL,13.551447300634200
puma_1203302,FL,13.551447300634200
puma_1203500,FL,13.551447300634200
puma_1205301,FL,13.551447300634200
puma_1205701,FL,13.551447300634200
puma_1205702,FL,13.551447300634200
puma_1205703,FL,13.551447300634200
puma_1205704,FL,13.551447300634200
puma_1205705,FL,13.551447300634200
puma_1205706,FL,13.551447300634200
puma_1205707,FL,13.551447300634200
puma_1205708,FL,13.551447300634200
puma_1206100,FL,13.551447300634200
puma_1206300,FL,13.551447300634200
puma_1206901,FL,13.551447300634200
puma_1206902,FL,13.551447300634200
puma_1206903,FL,13.551447300634200
puma_1207101,FL,13.551447300634200
puma_1207102,FL,13.551447300634200
puma_1207103,FL,13.551447300634200
puma_1207104,FL,13.551447300634200
puma_1207105,FL,13.551447300634200
puma_1207300,FL,13.551447300634200
puma_1207301,FL,13.551447300634200
puma_1208101,FL,13.551447300634200
puma_1208102,FL,13.551447300634200
puma_1208103,FL,13.551447300634200
puma_1208301,FL,13.551447300634200
puma_1208302,FL,13.551447300634200
puma_1208303,FL,13.551447300634200
puma_1208500,FL,13.551447300634200
puma_1208601,FL,13.551447300634200
puma_1208602,FL,13.551447300634200
puma_1208603,FL,13.551447300634200
puma_1208604,FL,13.551447300634200
puma_1208605,FL,13.551447300634200
puma_1208606,FL,13.551447300634200
puma_1208607,FL,13.551447300634200
puma_1208608,FL,13.551447300634200
puma_1208609,FL,13.551447300634200
puma_1208610,FL,13.551447300634200
puma_1208611,FL,13.551447300634200
puma_1208612,FL,13.551447300634200
puma_1208613,FL,13.551447300634200
puma_1208614,FL,13.551447300634200
puma_1208615,FL,13.551447300634200
puma_1208616,FL,13.551447300634200
puma_1208617,FL,13.551447300634200
puma_1208618,FL,13.551447300634200
puma_1208619,FL,13.551447300634200
puma_1208620,FL,13.551447300634200
puma_1208621,FL,13.551447300634200
puma_1208622,FL,13.551447300634200
puma_1208623,FL,13.551447300634200
puma_1208624,FL,13.551447300634200
puma_1208700,FL,13.551447300634200
puma_1208900,FL,13.551447300634200
puma_1209100,FL,13.551447300634200
puma_1209300,FL,13.551447300634200
puma_1209501,FL,13.551447300634200
puma_1209502,FL,13.551447300634200
puma_1209503,FL,13.551447300634200
puma_1209504,FL,13.551447300634200
puma_1209505,FL,13.551447300634200
puma_1209506,FL,13.551447300634200
puma_1209507,FL,13.551447300634200
puma_1209508,FL,13.551447300634200
puma_1209509,FL,13.551447300634200
puma_1209510,FL,13.551447300634200
puma_1209701,FL,13.551447300634200
puma_1209702,FL,13.551447300634200
puma_1209901,FL,13.551447300634200
puma_1209902,FL,13.551447300634200
puma_1209903,FL,13.551447300634200
puma_1209904,FL,13.551447300634200
puma_1209905,FL,13.551447300634200
puma_1209906,FL,13.551447300634200
puma_1209907,FL,13.551447300634200
puma_1209908,FL,13.551447300634200
puma_1209909,FL,13.551447300634200
puma_1209910,FL,13.551447300634200
puma_1209911,FL,13.551447300634200
puma_1210101,FL,13.551447300634200
puma_1210102,FL,13.551447300634200
puma_1210103,FL,13.551447300634200
puma_1210104,FL,13.551447300634200
puma_1210301,FL,13.551447300634200
puma_1210302,FL,13.551447300634200
puma_1210303,FL,13.551447300634200
puma_1210304,FL,13.551447300634200
puma_1210305,FL,13.551447300634200
puma_1210306,FL,13.551447300634200
puma_1210307,FL,13.551447300634200
puma_1210308,FL,13.551447300634200
puma_1210501,FL,13.551447300634200
puma_1210502,FL,13.551447300634200
puma_1210503,FL,13.551447300634200
puma_1210504,FL,13.551447300634200
puma_1210700,FL,13.551447300634200
puma_1210900,FL,13.551447300634200
puma_1211101,FL,13.551447300634200
puma_1211102,FL,13.551447300634200
puma_1211300,FL,13.551447300634200
puma_1211501,FL,13.551447300634200
puma_1211502,FL,13.551447300634200
puma_1211503,FL,13.551447300634200
puma_1211701,FL,13.551447300634200
puma_1211702,FL,13.551447300634200
puma_1211703,FL,13.551447300634200
puma_1211704,FL,13.551447300634200
puma_1212100,FL,13.551447300634200
puma_1212701,FL,13.551447300634200
puma_1212702,FL,13.551447300634200
puma_1212703,FL,13.551447300634200
puma_1212704,FL,13.551447300634200
puma_1300100,GA,6.765709441692430
puma_1300200,GA,6.765709441692430
puma_1300300,GA,6.765709441692430
puma_1300401,GA,6.765709441692430
puma_1300402,GA,6.765709441692430
puma_1300500,GA,6.765709441692430
puma_1300600,GA,6.765709441692430
puma_1300700,GA,6.765709441692430
puma_1300800,GA,6.765709441692430
puma_1300900,GA,6.765709441692430
puma_1301001,GA,6.765709441692430
puma_1301002,GA,6.765709441692430
puma_1301003,GA,6.765709441692430
puma_1301004,GA,6.765709441692430
puma_1301005,GA,6.765709441692430
puma_1301006,GA,6.765709441692430
puma_1301007,GA,6.765709441692430
puma_1301008,GA,6.765709441692430
puma_1301100,GA,6.765709441692430
puma_1301200,GA,6.765709441692430
puma_1301300,GA,6.765709441692430
puma_1301400,GA,6.765709441692430
puma_1301500,GA,6.765709441692430
puma_1301600,GA,6.765709441692430
puma_1301700,GA,6.765709441692430
puma_1301800,GA,6.765709441692430
puma_1301900,GA,6.765709441692430
puma_1302001,GA,6.765709441692430
puma_1302002,GA,6.765709441692430
puma_1302003,GA,6.765709441692430
puma_1302004,GA,6.765709441692430
puma_1302100,GA,6.765709441692430
puma_1302200,GA,6.765709441692430
puma_1302300,GA,6.765709441692430
puma_1302400,GA,6.765709441692430
puma_1302500,GA,6.765709441692430
puma_1302600,GA,6.765709441692430
puma_1302700,GA,6.765709441692430
puma_1302800,GA,6.765709441692430
puma_1302900,GA,6.765709441692430
puma_1303001,GA,6.765709441692430
puma_1303002,GA,6.765709441692430
puma_1303003,GA,6.765709441692430
puma_1303004,GA,6.765709441692430
puma_1303005,GA,6.765709441692430
puma_1303101,GA,6.765709441692430
puma_1303102,GA,6.765709441692430
puma_1303200,GA,6.765709441692430
puma_1303300,GA,6.765709441692430
puma_1303400,GA,6.765709441692430
puma_1303500,GA,6.765709441692430
puma_1303600,GA,6.765709441692430
puma_1303700,GA,6.765709441692430
puma_1303800,GA,6.765709441692430
puma_1303900,GA,6.765709441692430
puma_1304000,GA,6.765709441692430
puma_1304001,GA,6.765709441692430
puma_1304002,GA,6.765709441692430
puma_1304003,GA,6.765709441692430
puma_1304004,GA,6.765709441692430
puma_1304005,GA,6.765709441692430
puma_1304006,GA,6.765709441692430
puma_1304100,GA,6.765709441692430
puma_1304200,GA,6.765709441692430
puma_1304300,GA,6.765709441692430
puma_1304400,GA,6.765709441692430
puma_1304500,GA,6.765709441692430
puma_1304600,GA,6.765709441692430
puma_1305001,GA,6.765709441692430
puma_1305002,GA,6.765709441692430
puma_1306001,GA,6.765709441692430
puma_1306002,GA,6.765709441692430
puma_1600100,ID,6.705263163574410
puma_1600200,ID,6.705263163574410
puma_1600300,ID,6.705263163574410
puma_1600400,ID,6.705263163574410
puma_1600500,ID,6.705263163574410
puma_1600600,ID,6.705263163574410
puma_1600701,ID,6.705263163574410
puma_1600702,ID,6.705263163574410
puma_1600800,ID,6.705263163574410
puma_1600900,ID,6.705263163574410
puma_1601000,ID,6.705263163574410
puma_1601100,ID,6.705263163574410
puma_1601200,ID,6.705263163574410
puma_1601300,ID,6.705263163574410
puma_1700104,IL,5.906971851007730
puma_1700105,IL,5.906971851007730
puma_1700202,IL,5.906971851007730
puma_1700300,IL,5.906971851007730
puma_1700401,IL,5.906971851007730
puma_1700501,IL,5.906971851007730
puma_1700600,IL,5.906971851007730
puma_1700700,IL,5.906971851007730
puma_1700800,IL,5.906971851007730
puma_1700900,IL,5.906971851007730
puma_1701001,IL,5.906971851007730
puma_1701104,IL,5.906971851007730
puma_1701105,IL,5.906971851007730
puma_1701204,IL,5.906971851007730
puma_1701205,IL,5.906971851007730
puma_1701300,IL,5.906971851007730
puma_1701500,IL,5.906971851007730
puma_1701602,IL,5.906971851007730
puma_1701701,IL,5.906971851007730
puma_1701900,IL,5.906971851007730
puma_1702000,IL,5.906971851007730
puma_1702100,IL,5.906971851007730
puma_1702200,IL,5.906971851007730
puma_1702300,IL,5.906971851007730
puma_1702400,IL,5.906971851007730
puma_1702501,IL,5.906971851007730
puma_1702601,IL,5.906971851007730
puma_1702700,IL,5.906971851007730
puma_1702801,IL,5.906971851007730
puma_1702901,IL,5.906971851007730
puma_1703005,IL,5.906971851007730
puma_1703007,IL,5.906971851007730
puma_1703008,IL,5.906971851007730
puma_1703009,IL,5.906971851007730
puma_1703102,IL,5.906971851007730
puma_1703105,IL,5.906971851007730
puma_1703106,IL,5.906971851007730
puma_1703107,IL,5.906971851007730
puma_1703108,IL,5.906971851007730
puma_1703202,IL,5.906971851007730
puma_1703203,IL,5.906971851007730
puma_1703204,IL,5.906971851007730
puma_1703205,IL,5.906971851007730
puma_1703207,IL,5.906971851007730
puma_1703208,IL,5.906971851007730
puma_1703209,IL,5.906971851007730
puma_1703306,IL,5.906971851007730
puma_1703307,IL,5.906971851007730
puma_1703308,IL,5.906971851007730
puma_1703309,IL,5.906971851007730
puma_1703310,IL,5.906971851007730
puma_1703401,IL,5.906971851007730
puma_1703407,IL,5.906971851007730
puma_1703408,IL,5.906971851007730
puma_1703409,IL,5.906971851007730
puma_1703410,IL,5.906971851007730
puma_1703411,IL,5.906971851007730
puma_1703412,IL,5.906971851007730
puma_1703413,IL,5.906971851007730
puma_1703414,IL,5.906971851007730
puma_1703415,IL,5.906971851007730
puma_1703416,IL,5.906971851007730
puma_1703417,IL,5.906971851007730
puma_1703418,IL,5.906971851007730
puma_1703419,IL,5.906971851007730
puma_1703420,IL,5.906971851007730
puma_1703421,IL,5.906971851007730
puma_1703422,IL,5.906971851007730
puma_1703501,IL,5.906971851007730
puma_1703502,IL,5.906971851007730
puma_1703503,IL,5.906971851007730
puma_1703504,IL,5.906971851007730
puma_1703520,IL,5.906971851007730
puma_1703521,IL,5.906971851007730
puma_1703522,IL,5.906971851007730
puma_1703523,IL,5.906971851007730
puma_1703524,IL,5.906971851007730
puma_1703525,IL,5.906971851007730
puma_1703526,IL,5.906971851007730
puma_1703527,IL,5.906971851007730
puma_1703528,IL,5.906971851007730
puma_1703529,IL,5.906971851007730
puma_1703530,IL,5.906971851007730
puma_1703531,IL,5.906971851007730
puma_1703532,IL,5.906971851007730
puma_1703601,IL,5.906971851007730
puma_1703602,IL,5.906971851007730
puma_1703700,IL,5.906971851007730
puma_1800101,IN,6.4481047378192800
puma_1800102,IN,6.4481047378192800
puma_1800103,IN,6.4481047378192800
puma_1800104,IN,6.4481047378192800
puma_1800200,IN,6.4481047378192800
puma_1800300,IN,6.4481047378192800
puma_1800401,IN,6.4481047378192800
puma_1800402,IN,6.4481047378192800
puma_1800500,IN,6.4481047378192800
puma_1800600,IN,6.4481047378192800
puma_1800700,IN,6.4481047378192800
puma_1800800,IN,6.4481047378192800
puma_1800900,IN,6.4481047378192800
puma_1801001,IN,6.4481047378192800
puma_1801002,IN,6.4481047378192800
puma_1801003,IN,6.4481047378192800
puma_1801100,IN,6.4481047378192800
puma_1801200,IN,6.4481047378192800
puma_1801300,IN,6.4481047378192800
puma_1801400,IN,6.4481047378192800
puma_1801500,IN,6.4481047378192800
puma_1801600,IN,6.4481047378192800
puma_1801700,IN,6.4481047378192800
puma_1801801,IN,6.4481047378192800
puma_1801802,IN,6.4481047378192800
puma_1801803,IN,6.4481047378192800
puma_1801900,IN,6.4481047378192800
puma_1802000,IN,6.4481047378192800
puma_1802100,IN,6.4481047378192800
puma_1802200,IN,6.4481047378192800
puma_1802301,IN,6.4481047378192800
puma_1802302,IN,6.4481047378192800
puma_1802303,IN,6.4481047378192800
puma_1802304,IN,6.4481047378192800
puma_1802305,IN,6.4481047378192800
puma_1802306,IN,6.4481047378192800
puma_1802307,IN,6.4481047378192800
puma_1802400,IN,6.4481047378192800
puma_1802500,IN,6.4481047378192800
puma_1802600,IN,6.4481047378192800
puma_1802700,IN,6.4481047378192800
puma_1802800,IN,6.4481047378192800
puma_1802900,IN,6.4481047378192800
puma_1803000,IN,6.4481047378192800
puma_1803100,IN,6.4481047378192800
puma_1803200,IN,6.4481047378192800
puma_1803300,IN,6.4481047378192800
puma_1803400,IN,6.4481047378192800
puma_1803500,IN,6.4481047378192800
puma_1803600,IN,6.4481047378192800
puma_1900100,IA,4.254694877130700
puma_1900200,IA,4.254694877130700
puma_1900400,IA,4.254694877130700
puma_1900500,IA,4.254694877130700
puma_1900600,IA,4.254694877130700
puma_1900700,IA,4.254694877130700
puma_1900800,IA,4.254694877130700
puma_1900900,IA,4.254694877130700
puma_1901000,IA,4.254694877130700
puma_1901100,IA,4.254694877130700
puma_1901200,IA,4.254694877130700
puma_1901300,IA,4.254694877130700
puma_1901400,IA,4.254694877130700
puma_1901500,IA,4.254694877130700
puma_1901600,IA,4.254694877130700
puma_1901700,IA,4.254694877130700
puma_1901800,IA,4.254694877130700
puma_1901900,IA,4.254694877130700
puma_1902000,IA,4.254694877130700
puma_1902100,IA,4.254694877130700
puma_1902200,IA,4.254694877130700
puma_1902300,IA,4.254694877130700
puma_2000100,KS,5.854373918203240
puma_2000200,KS,5.854373918203240
puma_2000300,KS,5.854373918203240
puma_2000400,KS,5.854373918203240
puma_2000500,KS,5.854373918203240
puma_2000601,KS,5.854373918203240
puma_2000602,KS,5.854373918203240
puma_2000603,KS,5.854373918203240
puma_2000604,KS,5.854373918203240
puma_2000700,KS,5.854373918203240
puma_2000801,KS,5.854373918203240
puma_2000802,KS,5.854373918203240
puma_2000900,KS,5.854373918203240
puma_2001000,KS,5.854373918203240
puma_2001100,KS,5.854373918203240
puma_2001200,KS,5.854373918203240
puma_2001301,KS,5.854373918203240
puma_2001302,KS,5.854373918203240
puma_2001303,KS,5.854373918203240
puma_2001304,KS,5.854373918203240
puma_2001400,KS,5.854373918203240
puma_2001500,KS,5.854373918203240
puma_2100100,KY,8.15206962593422
puma_2100200,KY,8.15206962593422
puma_2100300,KY,8.15206962593422
puma_2100400,KY,8.15206962593422
puma_2100500,KY,8.15206962593422
puma_2100600,KY,8.15206962593422
puma_2100700,KY,8.15206962593422
puma_2100800,KY,8.15206962593422
puma_2100900,KY,8.15206962593422
puma_2101000,KY,8.15206962593422
puma_2101100,KY,8.15206962593422
puma_2101200,KY,8.15206962593422
puma_2101300,KY,8.15206962593422
puma_2101400,KY,8.15206962593422
puma_2101500,KY,8.15206962593422
puma_2101600,KY,8.15206962593422
puma_2101701,KY,8.15206962593422
puma_2101702,KY,8.15206962593422
puma_2101703,KY,8.15206962593422
puma_2101704,KY,8.15206962593422
puma_2101705,KY,8.15206962593422
puma_2101706,KY,8.15206962593422
puma_2101800,KY,8.15206962593422
puma_2101901,KY,8.15206962593422
puma_2101902,KY,8.15206962593422
puma_2102000,KY,8.15206962593422
puma_2102100,KY,8.15206962593422
puma_2102200,KY,8.15206962593422
puma_2102300,KY,8.15206962593422
puma_2102400,KY,8.15206962593422
puma_2102500,KY,8.15206962593422
puma_2102600,KY,8.15206962593422
puma_2102700,KY,8.15206962593422
puma_2102800,KY,8.15206962593422
puma_2200100,LA,4.767297202841580
puma_2200101,LA,4.767297202841580
puma_2200200,LA,4.767297202841580
puma_2200300,LA,4.767297202841580
puma_2200400,LA,4.767297202841580
puma_2200500,LA,4.767297202841580
puma_2200600,LA,4.767297202841580
puma_2200700,LA,4.767297202841580
puma_2200800,LA,4.767297202841580
puma_2200900,LA,4.767297202841580
puma_2201000,LA,4.767297202841580
puma_2201100,LA,4.767297202841580
puma_2201200,LA,4.767297202841580
puma_2201201,LA,4.767297202841580
puma_2201300,LA,4.767297202841580
puma_2201400,LA,4.767297202841580
puma_2201500,LA,4.767297202841580
puma_2201501,LA,4.767297202841580
puma_2201502,LA,4.767297202841580
puma_2201600,LA,4.767297202841580
puma_2201700,LA,4.767297202841580
puma_2201800,LA,4.767297202841580
puma_2201900,LA,4.767297202841580
puma_2202000,LA,4.767297202841580
puma_2202100,LA,4.767297202841580
puma_2202200,LA,4.767297202841580
puma_2202201,LA,4.767297202841580
puma_2202300,LA,4.767297202841580
puma_2202301,LA,4.767297202841580
puma_2202302,LA,4.767297202841580
puma_2202400,LA,4.767297202841580
puma_2202401,LA,4.767297202841580
puma_2202402,LA,4.767297202841580
puma_2202500,LA,4.767297202841580
puma_2300100,ME,4.868313805359050
puma_2300200,ME,4.868313805359050
puma_2300300,ME,4.868313805359050
puma_2300400,ME,4.868313805359050
puma_2300500,ME,4.868313805359050
puma_2300600,ME,4.868313805359050
puma_2300700,ME,4.868313805359050
puma_2300800,ME,4.868313805359050
puma_2300900,ME,4.868313805359050
puma_2301000,ME,4.868313805359050
puma_2400100,MD,7.047819690048810
puma_2400200,MD,7.047819690048810
puma_2400301,MD,7.047819690048810
puma_2400302,MD,7.047819690048810
puma_2400400,MD,7.047819690048810
puma_2400501,MD,7.047819690048810
puma_2400502,MD,7.047819690048810
puma_2400503,MD,7.047819690048810
puma_2400504,MD,7.047819690048810
puma_2400505,MD,7.047819690048810
puma_2400506,MD,7.047819690048810
puma_2400507,MD,7.047819690048810
puma_2400601,MD,7.047819690048810
puma_2400602,MD,7.047819690048810
puma_2400700,MD,7.047819690048810
puma_2400801,MD,7.047819690048810
puma_2400802,MD,7.047819690048810
puma_2400803,MD,7.047819690048810
puma_2400804,MD,7.047819690048810
puma_2400805,MD,7.047819690048810
puma_2400901,MD,7.047819690048810
puma_2400902,MD,7.047819690048810
puma_2401001,MD,7.047819690048810
puma_2401002,MD,7.047819690048810
puma_2401003,MD,7.047819690048810
puma_2401004,MD,7.047819690048810
puma_2401005,MD,7.047819690048810
puma_2401006,MD,7.047819690048810
puma_2401007,MD,7.047819690048810
puma_2401101,MD,7.047819690048810
puma_2401102,MD,7.047819690048810
puma_2401103,MD,7.047819690048810
puma_2401104,MD,7.047819690048810
puma_2401105,MD,7.047819690048810
puma_2401106,MD,7.047819690048810
puma_2401107,MD,7.047819690048810
puma_2401201,MD,7.047819690048810
puma_2401202,MD,7.047819690048810
puma_2401203,MD,7.047819690048810
puma_2401204,MD,7.047819690048810
puma_2401300,MD,7.047819690048810
puma_2401400,MD,7.047819690048810
puma_2401500,MD,7.047819690048810
puma_2401600,MD,7.047819690048810
puma_2500100,MA,6.720876506626400
puma_2500200,MA,6.720876506626400
puma_2500300,MA,6.720876506626400
puma_2500301,MA,6.720876506626400
puma_2500302,MA,6.720876506626400
puma_2500303,MA,6.720876506626400
puma_2500304,MA,6.720876506626400
puma_2500400,MA,6.720876506626400
puma_2500501,MA,6.720876506626400
puma_2500502,MA,6.720876506626400
puma_2500503,MA,6.720876506626400
puma_2500504,MA,6.720876506626400
puma_2500505,MA,6.720876506626400
puma_2500506,MA,6.720876506626400
puma_2500507,MA,6.720876506626400
puma_2500508,MA,6.720876506626400
puma_2500701,MA,6.720876506626400
puma_2500702,MA,6.720876506626400
puma_2500703,MA,6.720876506626400
puma_2500704,MA,6.720876506626400
puma_2501000,MA,6.720876506626400
puma_2501300,MA,6.720876506626400
puma_2501400,MA,6.720876506626400
puma_2501600,MA,6.720876506626400
puma_2501900,MA,6.720876506626400
puma_2501901,MA,6.720876506626400
puma_2501902,MA,6.720876506626400
puma_2502400,MA,6.720876506626400
puma_2502800,MA,6.720876506626400
puma_2503301,MA,6.720876506626400
puma_2503302,MA,6.720876506626400
puma_2503303,MA,6.720876506626400
puma_2503304,MA,6.720876506626400
puma_2503305,MA,6.720876506626400
puma_2503306,MA,6.720876506626400
puma_2503400,MA,6.720876506626400
puma_2503500,MA,6.720876506626400
puma_2503601,MA,6.720876506626400
puma_2503602,MA,6.720876506626400
puma_2503603,MA,6.720876506626400
puma_2503900,MA,6.720876506626400
puma_2504000,MA,6.720876506626400
puma_2504200,MA,6.720876506626400
puma_2504301,MA,6.720876506626400
puma_2504302,MA,6.720876506626400
puma_2504303,MA,6.720876506626400
puma_2504500,MA,6.720876506626400
puma_2504700,MA,6.720876506626400
puma_2504800,MA,6.720876506626400
puma_2504901,MA,6.720876506626400
puma_2504902,MA,6.720876506626400
puma_2504903,MA,6.720876506626400
puma_2600100,MI,5.276057363360800
puma_2600200,MI,5.276057363360800
puma_2600300,MI,5.276057363360800
puma_2600400,MI,5.276057363360800
puma_2600500,MI,5.276057363360800
puma_2600600,MI,5.276057363360800
puma_2600700,MI,5.276057363360800
puma_2600801,MI,5.276057363360800
puma_2600802,MI,5.276057363360800
puma_2600900,MI,5.276057363360800
puma_2601001,MI,5.276057363360800
puma_2601002,MI,5.276057363360800
puma_2601003,MI,5.276057363360800
puma_2601004,MI,5.276057363360800
puma_2601100,MI,5.276057363360800
puma_2601200,MI,5.276057363360800
puma_2601300,MI,5.276057363360800
puma_2601400,MI,5.276057363360800
puma_2601500,MI,5.276057363360800
puma_2601600,MI,5.276057363360800
puma_2601701,MI,5.276057363360800
puma_2601702,MI,5.276057363360800
puma_2601703,MI,5.276057363360800
puma_2601704,MI,5.276057363360800
puma_2601801,MI,5.276057363360800
puma_2601802,MI,5.276057363360800
puma_2601900,MI,5.276057363360800
puma_2602000,MI,5.276057363360800
puma_2602101,MI,5.276057363360800
puma_2602102,MI,5.276057363360800
puma_2602200,MI,5.276057363360800
puma_2602300,MI,5.276057363360800
puma_2602400,MI,5.276057363360800
puma_2602500,MI,5.276057363360800
puma_2602600,MI,5.276057363360800
puma_2602701,MI,5.276057363360800
puma_2602702,MI,5.276057363360800
puma_2602703,MI,5.276057363360800
puma_2602800,MI,5.276057363360800
puma_2602901,MI,5.276057363360800
puma_2602902,MI,5.276057363360800
puma_2602903,MI,5.276057363360800
puma_2602904,MI,5.276057363360800
puma_2602905,MI,5.276057363360800
puma_2602906,MI,5.276057363360800
puma_2602907,MI,5.276057363360800
puma_2602908,MI,5.276057363360800
puma_2603001,MI,5.276057363360800
puma_2603002,MI,5.276057363360800
puma_2603003,MI,5.276057363360800
puma_2603004,MI,5.276057363360800
puma_2603005,MI,5.276057363360800
puma_2603006,MI,5.276057363360800
puma_2603100,MI,5.276057363360800
puma_2603201,MI,5.276057363360800
puma_2603202,MI,5.276057363360800
puma_2603203,MI,5.276057363360800
puma_2603204,MI,5.276057363360800
puma_2603205,MI,5.276057363360800
puma_2603206,MI,5.276057363360800
puma_2603207,MI,5.276057363360800
puma_2603208,MI,5.276057363360800
puma_2603209,MI,5.276057363360800
puma_2603210,MI,5.276057363360800
puma_2603211,MI,5.276057363360800
puma_2603212,MI,5.276057363360800
puma_2603213,MI,5.276057363360800
puma_2603300,MI,5.276057363360800
puma_2700100,MN,5.729904008177210
puma_2700200,MN,5.729904008177210
puma_2700300,MN,5.729904008177210
puma_2700400,MN,5.729904008177210
puma_2700500,MN,5.729904008177210
puma_2700600,MN,5.729904008177210
puma_2700700,MN,5.729904008177210
puma_2700800,MN,5.729904008177210
puma_2700900,MN,5.729904008177210
puma_2701000,MN,5.729904008177210
puma_2701101,MN,5.729904008177210
puma_2701102,MN,5.729904008177210
puma_2701103,MN,5.729904008177210
puma_2701201,MN,5.729904008177210
puma_2701202,MN,5.729904008177210
puma_2701301,MN,5.729904008177210
puma_2701302,MN,5.729904008177210
puma_2701303,MN,5.729904008177210
puma_2701304,MN,5.729904008177210
puma_2701401,MN,5.729904008177210
puma_2701402,MN,5.729904008177210
puma_2701403,MN,5.729904008177210
puma_2701404,MN,5.729904008177210
puma_2701405,MN,5.729904008177210
puma_2701406,MN,5.729904008177210
puma_2701407,MN,5.729904008177210
puma_2701408,MN,5.729904008177210
puma_2701409,MN,5.729904008177210
puma_2701410,MN,5.729904008177210
puma_2701501,MN,5.729904008177210
puma_2701502,MN,5.729904008177210
puma_2701503,MN,5.729904008177210
puma_2701600,MN,5.729904008177210
puma_2701700,MN,5.729904008177210
puma_2701800,MN,5.729904008177210
puma_2701900,MN,5.729904008177210
puma_2702000,MN,5.729904008177210
puma_2702100,MN,5.729904008177210
puma_2702200,MN,5.729904008177210
puma_2702300,MN,5.729904008177210
puma_2702400,MN,5.729904008177210
puma_2702500,MN,5.729904008177210
puma_2702600,MN,5.729904008177210
puma_2800100,MS,7.672087504129290
puma_2800200,MS,7.672087504129290
puma_2800300,MS,7.672087504129290
puma_2800400,MS,7.672087504129290
puma_2800500,MS,7.672087504129290
puma_2800600,MS,7.672087504129290
puma_2800700,MS,7.672087504129290
puma_2800800,MS,7.672087504129290
puma_2800900,MS,7.672087504129290
puma_2801000,MS,7.672087504129290
puma_2801100,MS,7.672087504129290
puma_2801200,MS,7.672087504129290
puma_2801300,MS,7.672087504129290
puma_2801400,MS,7.672087504129290
puma_2801500,MS,7.672087504129290
puma_2801600,MS,7.672087504129290
puma_2801700,MS,7.672087504129290
puma_2801800,MS,7.672087504129290
puma_2801900,MS,7.672087504129290
puma_2802000,MS,7.672087504129290
puma_2802100,MS,7.672087504129290
puma_2900100,MO,5.768993155494950
puma_2900200,MO,5.768993155494950
puma_2900300,MO,5.768993155494950
puma_2900400,MO,5.768993155494950
puma_2900500,MO,5.768993155494950
puma_2900600,MO,5.768993155494950
puma_2900700,MO,5.768993155494950
puma_2900800,MO,5.768993155494950
puma_2900901,MO,5.768993155494950
puma_2900902,MO,5.768993155494950
puma_2900903,MO,5.768993155494950
puma_2901001,MO,5.768993155494950
puma_2901002,MO,5.768993155494950
puma_2901003,MO,5.768993155494950
puma_2901004,MO,5.768993155494950
puma_2901005,MO,5.768993155494950
puma_2901100,MO,5.768993155494950
puma_2901200,MO,5.768993155494950
puma_2901300,MO,5.768993155494950
puma_2901400,MO,5.768993155494950
puma_2901500,MO,5.768993155494950
puma_2901600,MO,5.768993155494950
puma_2901701,MO,5.768993155494950
puma_2901702,MO,5.768993155494950
puma_2901703,MO,5.768993155494950
puma_2901801,MO,5.768993155494950
puma_2901802,MO,5.768993155494950
puma_2901803,MO,5.768993155494950
puma_2901804,MO,5.768993155494950
puma_2901805,MO,5.768993155494950
puma_2901806,MO,5.768993155494950
puma_2901807,MO,5.768993155494950
puma_2901808,MO,5.768993155494950
puma_2901901,MO,5.768993155494950
puma_2901902,MO,5.768993155494950
puma_2902001,MO,5.768993155494950
puma_2902002,MO,5.768993155494950
puma_2902100,MO,5.768993155494950
puma_2902200,MO,5.768993155494950
puma_2902300,MO,5.768993155494950
puma_2902400,MO,5.768993155494950
puma_2902500,MO,5.768993155494950
puma_2902601,MO,5.768993155494950
puma_2902602,MO,5.768993155494950
puma_2902603,MO,5.768993155494950
puma_2902700,MO,5.768993155494950
puma_2902800,MO,5.768993155494950
puma_3000100,MT,7.424574075838960
puma_3000200,MT,7.424574075838960
puma_3000300,MT,7.424574075838960
puma_3000400,MT,7.424574075838960
puma_3000500,MT,7.424574075838960
puma_3000600,MT,7.424574075838960
puma_3000700,MT,7.424574075838960
puma_3100100,NE,6.192723849718660
puma_3100200,NE,6.192723849718660
puma_3100300,NE,6.192723849718660
puma_3100400,NE,6.192723849718660
puma_3100500,NE,6.192723849718660
puma_3100600,NE,6.192723849718660
puma_3100701,NE,6.192723849718660
puma_3100702,NE,6.192723849718660
puma_3100801,NE,6.192723849718660
puma_3100802,NE,6.192723849718660
puma_3100901,NE,6.192723849718660
puma_3100902,NE,6.192723849718660
puma_3100903,NE,6.192723849718660
puma_3100904,NE,6.192723849718660
puma_3200101,NV,8.630683160691770
puma_3200102,NV,8.630683160691770
puma_3200103,NV,8.630683160691770
puma_3200200,NV,8.630683160691770
puma_3200300,NV,8.630683160691770
puma_3200401,NV,8.630683160691770
puma_3200402,NV,8.630683160691770
puma_3200403,NV,8.630683160691770
puma_3200404,NV,8.630683160691770
puma_3200405,NV,8.630683160691770
puma_3200406,NV,8.630683160691770
puma_3200407,NV,8.630683160691770
puma_3200408,NV,8.630683160691770
puma_3200409,NV,8.630683160691770
puma_3200410,NV,8.630683160691770
puma_3200411,NV,8.630683160691770
puma_3200412,NV,8.630683160691770
puma_3200413,NV,8.630683160691770
puma_3300100,NH,4.93015739107855
puma_3300200,NH,4.93015739107855
puma_3300300,NH,4.93015739107855
puma_3300400,NH,4.93015739107855
puma_3300500,NH,4.93015739107855
puma_3300600,NH,4.93015739107855
puma_3300700,NH,4.93015739107855
puma_3300800,NH,4.93015739107855
puma_3300900,NH,4.93015739107855
puma_3301000,NH,4.93015739107855
puma_3400101,NJ,6.4232771926129500
puma_3400102,NJ,6.4232771926129500
puma_3400301,NJ,6.4232771926129500
puma_3400302,NJ,6.4232771926129500
puma_3400303,NJ,6.4232771926129500
puma_3400304,NJ,6.4232771926129500
puma_3400305,NJ,6.4232771926129500
puma_3400306,NJ,6.4232771926129500
puma_3400307,NJ,6.4232771926129500
puma_3400308,NJ,6.4232771926129500
puma_3400400,NJ,6.4232771926129500
puma_3400501,NJ,6.4232771926129500
puma_3400502,NJ,6.4232771926129500
puma_3400503,NJ,6.4232771926129500
puma_3400601,NJ,6.4232771926129500
puma_3400602,NJ,6.4232771926129500
puma_3400701,NJ,6.4232771926129500
puma_3400702,NJ,6.4232771926129500
puma_3400703,NJ,6.4232771926129500
puma_3400800,NJ,6.4232771926129500
puma_3400901,NJ,6.4232771926129500
puma_3400902,NJ,6.4232771926129500
puma_3400903,NJ,6.4232771926129500
puma_3400904,NJ,6.4232771926129500
puma_3400905,NJ,6.4232771926129500
puma_3400906,NJ,6.4232771926129500
puma_3400907,NJ,6.4232771926129500
puma_3401001,NJ,6.4232771926129500
puma_3401002,NJ,6.4232771926129500
puma_3401003,NJ,6.4232771926129500
puma_3401101,NJ,6.4232771926129500
puma_3401102,NJ,6.4232771926129500
puma_3401103,NJ,6.4232771926129500
puma_3401104,NJ,6.4232771926129500
puma_3401105,NJ,6.4232771926129500
puma_3401106,NJ,6.4232771926129500
puma_3401201,NJ,6.4232771926129500
puma_3401202,NJ,6.4232771926129500
puma_3401203,NJ,6.4232771926129500
puma_3401204,NJ,6.4232771926129500
puma_3401205,NJ,6.4232771926129500
puma_3401301,NJ,6.4232771926129500
puma_3401302,NJ,6.4232771926129500
puma_3401401,NJ,6.4232771926129500
puma_3401402,NJ,6.4232771926129500
puma_3401403,NJ,6.4232771926129500
puma_3401404,NJ,6.4232771926129500
puma_3401501,NJ,6.4232771926129500
puma_3401502,NJ,6.4232771926129500
puma_3401503,NJ,6.4232771926129500
puma_3401504,NJ,6.4232771926129500
puma_3401600,NJ,6.4232771926129500
puma_3401700,NJ,6.4232771926129500
puma_3401800,NJ,6.4232771926129500
puma_3401901,NJ,6.4232771926129500
puma_3401902,NJ,6.4232771926129500
puma_3401903,NJ,6.4232771926129500
puma_3401904,NJ,6.4232771926129500
puma_3402001,NJ,6.4232771926129500
puma_3402002,NJ,6.4232771926129500
puma_3402003,NJ,6.4232771926129500
puma_3402101,NJ,6.4232771926129500
puma_3402102,NJ,6.4232771926129500
puma_3402103,NJ,6.4232771926129500
puma_3402104,NJ,6.4232771926129500
puma_3402201,NJ,6.4232771926129500
puma_3402202,NJ,6.4232771926129500
puma_3402301,NJ,6.4232771926129500
puma_3402302,NJ,6.4232771926129500
puma_3402303,NJ,6.4232771926129500
puma_3402400,NJ,6.4232771926129500
puma_3402500,NJ,6.4232771926129500
puma_3402600,NJ,6.4232771926129500
puma_3500100,NM,8.37085285902328
puma_3500200,NM,8.37085285902328
puma_3500300,NM,8.37085285902328
puma_3500400,NM,8.37085285902328
puma_3500500,NM,8.37085285902328
puma_3500600,NM,8.37085285902328
puma_3500700,NM,8.37085285902328
puma_3500801,NM,8.37085285902328
puma_3500802,NM,8.37085285902328
puma_3500803,NM,8.37085285902328
puma_3500804,NM,8.37085285902328
puma_3500805,NM,8.37085285902328
puma_3500806,NM,8.37085285902328
puma_3500900,NM,8.37085285902328
puma_3501001,NM,8.37085285902328
puma_3501002,NM,8.37085285902328
puma_3501100,NM,8.37085285902328
puma_3501200,NM,8.37085285902328
puma_3600100,NY,6.080890361908890
puma_3600200,NY,6.080890361908890
puma_3600300,NY,6.080890361908890
puma_3600401,NY,6.080890361908890
puma_3600402,NY,6.080890361908890
puma_3600403,NY,6.080890361908890
puma_3600500,NY,6.080890361908890
puma_3600600,NY,6.080890361908890
puma_3600701,NY,6.080890361908890
puma_3600702,NY,6.080890361908890
puma_3600703,NY,6.080890361908890
puma_3600704,NY,6.080890361908890
puma_3600800,NY,6.080890361908890
puma_3600901,NY,6.080890361908890
puma_3600902,NY,6.080890361908890
puma_3600903,NY,6.080890361908890
puma_3600904,NY,6.080890361908890
puma_3600905,NY,6.080890361908890
puma_3600906,NY,6.080890361908890
puma_3601000,NY,6.080890361908890
puma_3601101,NY,6.080890361908890
puma_3601102,NY,6.080890361908890
puma_3601201,NY,6.080890361908890
puma_3601202,NY,6.080890361908890
puma_3601203,NY,6.080890361908890
puma_3601204,NY,6.080890361908890
puma_3601205,NY,6.080890361908890
puma_3601206,NY,6.080890361908890
puma_3601207,NY,6.080890361908890
puma_3601300,NY,6.080890361908890
puma_3601400,NY,6.080890361908890
puma_3601500,NY,6.080890361908890
puma_3601600,NY,6.080890361908890
puma_3601700,NY,6.080890361908890
puma_3601801,NY,6.080890361908890
puma_3601802,NY,6.080890361908890
puma_3601900,NY,6.080890361908890
puma_3602001,NY,6.080890361908890
puma_3602002,NY,6.080890361908890
puma_3602100,NY,6.080890361908890
puma_3602201,NY,6.080890361908890
puma_3602202,NY,6.080890361908890
puma_3602203,NY,6.080890361908890
puma_3602300,NY,6.080890361908890
puma_3602401,NY,6.080890361908890
puma_3602402,NY,6.080890361908890
puma_3602500,NY,6.080890361908890
puma_3602600,NY,6.080890361908890
puma_3602701,NY,6.080890361908890
puma_3602702,NY,6.080890361908890
puma_3602801,NY,6.080890361908890
puma_3602802,NY,6.080890361908890
puma_3602901,NY,6.080890361908890
puma_3602902,NY,6.080890361908890
puma_3602903,NY,6.080890361908890
puma_3603001,NY,6.080890361908890
puma_3603002,NY,6.080890361908890
puma_3603003,NY,6.080890361908890
puma_3603101,NY,6.080890361908890
puma_3603102,NY,6.080890361908890
puma_3603103,NY,6.080890361908890
puma_3603104,NY,6.080890361908890
puma_3603105,NY,6.080890361908890
puma_3603106,NY,6.080890361908890
puma_3603107,NY,6.080890361908890
puma_3603201,NY,6.080890361908890
puma_3603202,NY,6.080890361908890
puma_3603203,NY,6.080890361908890
puma_3603204,NY,6.080890361908890
puma_3603205,NY,6.080890361908890
puma_3603206,NY,6.080890361908890
puma_3603207,NY,6.080890361908890
puma_3603208,NY,6.080890361908890
puma_3603209,NY,6.080890361908890
puma_3603210,NY,6.080890361908890
puma_3603211,NY,6.080890361908890
puma_3603212,NY,6.080890361908890
puma_3603301,NY,6.080890361908890
puma_3603302,NY,6.080890361908890
puma_3603303,NY,6.080890361908890
puma_3603304,NY,6.080890361908890
puma_3603305,NY,6.080890361908890
puma_3603306,NY,6.080890361908890
puma_3603307,NY,6.080890361908890
puma_3603308,NY,6.080890361908890
puma_3603309,NY,6.080890361908890
puma_3603310,NY,6.080890361908890
puma_3603311,NY,6.080890361908890
puma_3603312,NY,6.080890361908890
puma_3603313,NY,6.080890361908890
puma_3603701,NY,6.080890361908890
puma_3603702,NY,6.080890361908890
puma_3603703,NY,6.080890361908890
puma_3603704,NY,6.080890361908890
puma_3603705,NY,6.080890361908890
puma_3603706,NY,6.080890361908890
puma_3603707,NY,6.080890361908890
puma_3603708,NY,6.080890361908890
puma_3603709,NY,6.080890361908890
puma_3603710,NY,6.080890361908890
puma_3603801,NY,6.080890361908890
puma_3603802,NY,6.080890361908890
puma_3603803,NY,6.080890361908890
puma_3603804,NY,6.080890361908890
puma_3603805,NY,6.080890361908890
puma_3603806,NY,6.080890361908890
puma_3603807,NY,6.080890361908890
puma_3603808,NY,6.080890361908890
puma_3603809,NY,6.080890361908890
puma_3603810,NY,6.080890361908890
puma_3603901,NY,6.080890361908890
puma_3603902,NY,6.080890361908890
puma_3603903,NY,6.080890361908890
puma_3604001,NY,6.080890361908890
puma_3604002,NY,6.080890361908890
puma_3604003,NY,6.080890361908890
puma_3604004,NY,6.080890361908890
puma_3604005,NY,6.080890361908890
puma_3604006,NY,6.080890361908890
puma_3604007,NY,6.080890361908890
puma_3604008,NY,6.080890361908890
puma_3604009,NY,6.080890361908890
puma_3604010,NY,6.080890361908890
puma_3604011,NY,6.080890361908890
puma_3604012,NY,6.080890361908890
puma_3604013,NY,6.080890361908890
puma_3604014,NY,6.080890361908890
puma_3604015,NY,6.080890361908890
puma_3604016,NY,6.080890361908890
puma_3604017,NY,6.080890361908890
puma_3604018,NY,6.080890361908890
puma_3604101,NY,6.080890361908890
puma_3604102,NY,6.080890361908890
puma_3604103,NY,6.080890361908890
puma_3604104,NY,6.080890361908890
puma_3604105,NY,6.080890361908890
puma_3604106,NY,6.080890361908890
puma_3604107,NY,6.080890361908890
puma_3604108,NY,6.080890361908890
puma_3604109,NY,6.080890361908890
puma_3604110,NY,6.080890361908890
puma_3604111,NY,6.080890361908890
puma_3604112,NY,6.080890361908890
puma_3604113,NY,6.080890361908890
puma_3604114,NY,6.080890361908890
puma_3700100,NC,7.574145062517040
puma_3700200,NC,7.574145062517040
puma_3700300,NC,7.574145062517040
puma_3700400,NC,7.574145062517040
puma_3700500,NC,7.574145062517040
puma_3700600,NC,7.574145062517040
puma_3700700,NC,7.574145062517040
puma_3700800,NC,7.574145062517040
puma_3700900,NC,7.574145062517040
puma_3701000,NC,7.574145062517040
puma_3701100,NC,7.574145062517040
puma_3701201,NC,7.574145062517040
puma_3701202,NC,7.574145062517040
puma_3701203,NC,7.574145062517040
puma_3701204,NC,7.574145062517040
puma_3701205,NC,7.574145062517040
puma_3701206,NC,7.574145062517040
puma_3701207,NC,7.574145062517040
puma_3701208,NC,7.574145062517040
puma_3701301,NC,7.574145062517040
puma_3701302,NC,7.574145062517040
puma_3701400,NC,7.574145062517040
puma_3701500,NC,7.574145062517040
puma_3701600,NC,7.574145062517040
puma_3701701,NC,7.574145062517040
puma_3701702,NC,7.574145062517040
puma_3701703,NC,7.574145062517040
puma_3701704,NC,7.574145062517040
puma_3701801,NC,7.574145062517040
puma_3701802,NC,7.574145062517040
puma_3701803,NC,7.574145062517040
puma_3701900,NC,7.574145062517040
puma_3702000,NC,7.574145062517040
puma_3702100,NC,7.574145062517040
puma_3702201,NC,7.574145062517040
puma_3702202,NC,7.574145062517040
puma_3702300,NC,7.574145062517040
puma_3702400,NC,7.574145062517040
puma_3702500,NC,7.574145062517040
puma_3702600,NC,7.574145062517040
puma_3702700,NC,7.574145062517040
puma_3702800,NC,7.574145062517040
puma_3702900,NC,7.574145062517040
puma_3703001,NC,7.574145062517040
puma_3703002,NC,7.574145062517040
puma_3703101,NC,7.574145062517040
puma_3703102,NC,7.574145062517040
puma_3703103,NC,7.574145062517040
puma_3703104,NC,7.574145062517040
puma_3703105,NC,7.574145062517040
puma_3703106,NC,7.574145062517040
puma_3703107,NC,7.574145062517040
puma_3703108,NC,7.574145062517040
puma_3703200,NC,7.574145062517040
puma_3703300,NC,7.574145062517040
puma_3703400,NC,7.574145062517040
puma_3703500,NC,7.574145062517040
puma_3703600,NC,7.574145062517040
puma_3703700,NC,7.574145062517040
puma_3703800,NC,7.574145062517040
puma_3703900,NC,7.574145062517040
puma_3704000,NC,7.574145062517040
puma_3704100,NC,7.574145062517040
puma_3704200,NC,7.574145062517040
puma_3704300,NC,7.574145062517040
puma_3704400,NC,7.574145062517040
puma_3704500,NC,7.574145062517040
puma_3704600,NC,7.574145062517040
puma_3704700,NC,7.574145062517040
puma_3704800,NC,7.574145062517040
puma_3704900,NC,7.574145062517040
puma_3705001,NC,7.574145062517040
puma_3705002,NC,7.574145062517040
puma_3705003,NC,7.574145062517040
puma_3705100,NC,7.574145062517040
puma_3705200,NC,7.574145062517040
puma_3705300,NC,7.574145062517040
puma_3705400,NC,7.574145062517040
puma_3800100,ND,5.9368797442569000
puma_3800200,ND,5.9368797442569000
puma_3800300,ND,5.9368797442569000
puma_3800400,ND,5.9368797442569000
puma_3800500,ND,5.9368797442569000
puma_3900100,OH,6.019358729799440
puma_3900200,OH,6.019358729799440
puma_3900300,OH,6.019358729799440
puma_3900400,OH,6.019358729799440
puma_3900500,OH,6.019358729799440
puma_3900600,OH,6.019358729799440
puma_3900700,OH,6.019358729799440
puma_3900801,OH,6.019358729799440
puma_3900802,OH,6.019358729799440
puma_3900901,OH,6.019358729799440
puma_3900902,OH,6.019358729799440
puma_3900903,OH,6.019358729799440
puma_3900904,OH,6.019358729799440
puma_3900905,OH,6.019358729799440
puma_3900906,OH,6.019358729799440
puma_3900907,OH,6.019358729799440
puma_3900908,OH,6.019358729799440
puma_3900909,OH,6.019358729799440
puma_3900910,OH,6.019358729799440
puma_3901000,OH,6.019358729799440
puma_3901100,OH,6.019358729799440
puma_3901200,OH,6.019358729799440
puma_3901300,OH,6.019358729799440
puma_3901400,OH,6.019358729799440
puma_3901500,OH,6.019358729799440
puma_3901600,OH,6.019358729799440
puma_3901700,OH,6.019358729799440
puma_3901801,OH,6.019358729799440
puma_3901802,OH,6.019358729799440
puma_3901803,OH,6.019358729799440
puma_3901804,OH,6.019358729799440
puma_3901805,OH,6.019358729799440
puma_3901900,OH,6.019358729799440
puma_3902000,OH,6.019358729799440
puma_3902100,OH,6.019358729799440
puma_3902200,OH,6.019358729799440
puma_3902300,OH,6.019358729799440
puma_3902400,OH,6.019358729799440
puma_3902500,OH,6.019358729799440
puma_3902600,OH,6.019358729799440
puma_3902700,OH,6.019358729799440
puma_3902800,OH,6.019358729799440
puma_3902900,OH,6.019358729799440
puma_3903000,OH,6.019358729799440
puma_3903100,OH,6.019358729799440
puma_3903200,OH,6.019358729799440
puma_3903300,OH,6.019358729799440
puma_3903400,OH,6.019358729799440
puma_3903500,OH,6.019358729799440
puma_3903600,OH,6.019358729799440
puma_3903700,OH,6.019358729799440
puma_3903800,OH,6.019358729799440
puma_3903900,OH,6.019358729799440
puma_3904000,OH,6.019358729799440
puma_3904101,OH,6.019358729799440
puma_3904102,OH,6.019358729799440
puma_3904103,OH,6.019358729799440
puma_3904104,OH,6.019358729799440
puma_3904105,OH,6.019358729799440
puma_3904106,OH,6.019358729799440
puma_3904107,OH,6.019358729799440
puma_3904108,OH,6.019358729799440
puma_3904109,OH,6.019358729799440
puma_3904110,OH,6.019358729799440
puma_3904111,OH,6.019358729799440
puma_3904200,OH,6.019358729799440
puma_3904300,OH,6.019358729799440
puma_3904400,OH,6.019358729799440
puma_3904500,OH,6.019358729799440
puma_3904601,OH,6.019358729799440
puma_3904602,OH,6.019358729799440
puma_3904603,OH,6.019358729799440
puma_3904604,OH,6.019358729799440
puma_3904700,OH,6.019358729799440
puma_3904800,OH,6.019358729799440
puma_3904900,OH,6.019358729799440
puma_3905000,OH,6.019358729799440
puma_3905100,OH,6.019358729799440
puma_3905200,OH,6.019358729799440
puma_3905301,OH,6.019358729799440
puma_3905302,OH,6.019358729799440
puma_3905401,OH,6.019358729799440
puma_3905402,OH,6.019358729799440
puma_3905403,OH,6.019358729799440
puma_3905501,OH,6.019358729799440
puma_3905502,OH,6.019358729799440
puma_3905503,OH,6.019358729799440
puma_3905504,OH,6.019358729799440
puma_3905505,OH,6.019358729799440
puma_3905506,OH,6.019358729799440
puma_3905507,OH,6.019358729799440
puma_3905600,OH,6.019358729799440
puma_3905700,OH,6.019358729799440
puma_4000100,OK,5.96443826288006
puma_4000200,OK,5.96443826288006
puma_4000300,OK,5.96443826288006
puma_4000400,OK,5.96443826288006
puma_4000500,OK,5.96443826288006
puma_4000601,OK,5.96443826288006
puma_4000602,OK,5.96443826288006
puma_4000701,OK,5.96443826288006
puma_4000702,OK,5.96443826288006
puma_4000800,OK,5.96443826288006
puma_4000900,OK,5.96443826288006
puma_4001001,OK,5.96443826288006
puma_4001002,OK,5.96443826288006
puma_4001003,OK,5.96443826288006
puma_4001004,OK,5.96443826288006
puma_4001005,OK,5.96443826288006
puma_4001006,OK,5.96443826288006
puma_4001101,OK,5.96443826288006
puma_4001102,OK,5.96443826288006
puma_4001201,OK,5.96443826288006
puma_4001202,OK,5.96443826288006
puma_4001203,OK,5.96443826288006
puma_4001204,OK,5.96443826288006
puma_4001301,OK,5.96443826288006
puma_4001302,OK,5.96443826288006
puma_4001400,OK,5.96443826288006
puma_4001501,OK,5.96443826288006
puma_4001601,OK,5.96443826288006
puma_4100100,OR,7.118437848375390
puma_4100200,OR,7.118437848375390
puma_4100300,OR,7.118437848375390
puma_4100400,OR,7.118437848375390
puma_4100500,OR,7.118437848375390
puma_4100600,OR,7.118437848375390
puma_4100703,OR,7.118437848375390
puma_4100704,OR,7.118437848375390
puma_4100705,OR,7.118437848375390
puma_4100800,OR,7.118437848375390
puma_4100901,OR,7.118437848375390
puma_4100902,OR,7.118437848375390
puma_4101000,OR,7.118437848375390
puma_4101103,OR,7.118437848375390
puma_4101104,OR,7.118437848375390
puma_4101105,OR,7.118437848375390
puma_4101200,OR,7.118437848375390
puma_4101301,OR,7.118437848375390
puma_4101302,OR,7.118437848375390
puma_4101303,OR,7.118437848375390
puma_4101305,OR,7.118437848375390
puma_4101314,OR,7.118437848375390
puma_4101316,OR,7.118437848375390
puma_4101317,OR,7.118437848375390
puma_4101318,OR,7.118437848375390
puma_4101319,OR,7.118437848375390
puma_4101320,OR,7.118437848375390
puma_4101321,OR,7.118437848375390
puma_4101322,OR,7.118437848375390
puma_4101323,OR,7.118437848375390
puma_4101324,OR,7.118437848375390
puma_4200101,PA,5.9485397350534300
puma_4200102,PA,5.9485397350534300
puma_4200200,PA,5.9485397350534300
puma_4200300,PA,5.9485397350534300
puma_4200400,PA,5.9485397350534300
puma_4200500,PA,5.9485397350534300
puma_4200600,PA,5.9485397350534300
puma_4200701,PA,5.9485397350534300
puma_4200702,PA,5.9485397350534300
puma_4200801,PA,5.9485397350534300
puma_4200802,PA,5.9485397350534300
puma_4200803,PA,5.9485397350534300
puma_4200900,PA,5.9485397350534300
puma_4201000,PA,5.9485397350534300
puma_4201100,PA,5.9485397350534300
puma_4201200,PA,5.9485397350534300
puma_4201300,PA,5.9485397350534300
puma_4201400,PA,5.9485397350534300
puma_4201501,PA,5.9485397350534300
puma_4201502,PA,5.9485397350534300
puma_4201600,PA,5.9485397350534300
puma_4201701,PA,5.9485397350534300
puma_4201702,PA,5.9485397350534300
puma_4201801,PA,5.9485397350534300
puma_4201802,PA,5.9485397350534300
puma_4201803,PA,5.9485397350534300
puma_4201804,PA,5.9485397350534300
puma_4201805,PA,5.9485397350534300
puma_4201806,PA,5.9485397350534300
puma_4201807,PA,5.9485397350534300
puma_4201900,PA,5.9485397350534300
puma_4202001,PA,5.9485397350534300
puma_4202002,PA,5.9485397350534300
puma_4202003,PA,5.9485397350534300
puma_4202100,PA,5.9485397350534300
puma_4202200,PA,5.9485397350534300
puma_4202301,PA,5.9485397350534300
puma_4202302,PA,5.9485397350534300
puma_4202401,PA,5.9485397350534300
puma_4202402,PA,5.9485397350534300
puma_4202500,PA,5.9485397350534300
puma_4202600,PA,5.9485397350534300
puma_4202701,PA,5.9485397350534300
puma_4202702,PA,5.9485397350534300
puma_4202703,PA,5.9485397350534300
puma_4202801,PA,5.9485397350534300
puma_4202802,PA,5.9485397350534300
puma_4202803,PA,5.9485397350534300
puma_4202901,PA,5.9485397350534300
puma_4202902,PA,5.9485397350534300
puma_4203001,PA,5.9485397350534300
puma_4203002,PA,5.9485397350534300
puma_4203003,PA,5.9485397350534300
puma_4203004,PA,5.9485397350534300
puma_4203101,PA,5.9485397350534300
puma_4203102,PA,5.9485397350534300
puma_4203103,PA,5.9485397350534300
puma_4203104,PA,5.9485397350534300
puma_4203105,PA,5.9485397350534300
puma_4203106,PA,5.9485397350534300
puma_4203201,PA,5.9485397350534300
puma_4203202,PA,5.9485397350534300
puma_4203203,PA,5.9485397350534300
puma_4203204,PA,5.9485397350534300
puma_4203205,PA,5.9485397350534300
puma_4203206,PA,5.9485397350534300
puma_4203207,PA,5.9485397350534300
puma_4203208,PA,5.9485397350534300
puma_4203209,PA,5.9485397350534300
puma_4203210,PA,5.9485397350534300
puma_4203211,PA,5.9485397350534300
puma_4203301,PA,5.9485397350534300
puma_4203302,PA,5.9485397350534300
puma_4203303,PA,5.9485397350534300
puma_4203304,PA,5.9485397350534300
puma_4203401,PA,5.9485397350534300
puma_4203402,PA,5.9485397350534300
puma_4203403,PA,5.9485397350534300
puma_4203404,PA,5.9485397350534300
puma_4203501,PA,5.9485397350534300
puma_4203502,PA,5.9485397350534300
puma_4203503,PA,5.9485397350534300
puma_4203504,PA,5.9485397350534300
puma_4203601,PA,5.9485397350534300
puma_4203602,PA,5.9485397350534300
puma_4203603,PA,5.9485397350534300
puma_4203701,PA,5.9485397350534300
puma_4203702,PA,5.9485397350534300
puma_4203800,PA,5.9485397350534300
puma_4203900,PA,5.9485397350534300
puma_4204001,PA,5.9485397350534300
puma_4204002,PA,5.9485397350534300
puma_4400101,RI,6.110817773179370
puma_4400102,RI,6.110817773179370
puma_4400103,RI,6.110817773179370
puma_4400104,RI,6.110817773179370
puma_4400201,RI,6.110817773179370
puma_4400300,RI,6.110817773179370
puma_4400400,RI,6.110817773179370
puma_4500101,SC,6.639690467974020
puma_4500102,SC,6.639690467974020
puma_4500103,SC,6.639690467974020
puma_4500104,SC,6.639690467974020
puma_4500105,SC,6.639690467974020
puma_4500200,SC,6.639690467974020
puma_4500301,SC,6.639690467974020
puma_4500302,SC,6.639690467974020
puma_4500400,SC,6.639690467974020
puma_4500501,SC,6.639690467974020
puma_4500502,SC,6.639690467974020
puma_4500601,SC,6.639690467974020
puma_4500602,SC,6.639690467974020
puma_4500603,SC,6.639690467974020
puma_4500604,SC,6.639690467974020
puma_4500605,SC,6.639690467974020
puma_4500700,SC,6.639690467974020
puma_4500800,SC,6.639690467974020
puma_4500900,SC,6.639690467974020
puma_4501000,SC,6.639690467974020
puma_4501101,SC,6.639690467974020
puma_4501102,SC,6.639690467974020
puma_4501201,SC,6.639690467974020
puma_4501202,SC,6.639690467974020
puma_4501203,SC,6.639690467974020
puma_4501204,SC,6.639690467974020
puma_4501300,SC,6.639690467974020
puma_4501400,SC,6.639690467974020
puma_4501500,SC,6.639690467974020
puma_4501600,SC,6.639690467974020
puma_4600100,SD,4.9386980678385400
puma_4600200,SD,4.9386980678385400
puma_4600300,SD,4.9386980678385400
puma_4600400,SD,4.9386980678385400
puma_4600500,SD,4.9386980678385400
puma_4600600,SD,4.9386980678385400
puma_4700100,TN,9.579980796307
puma_4700200,TN,9.579980796307
puma_4700300,TN,9.579980796307
puma_4700400,TN,9.579980796307
puma_4700500,TN,9.579980796307
puma_4700600,TN,9.579980796307
puma_4700700,TN,9.579980796307
puma_4700800,TN,9.579980796307
puma_4700900,TN,9.579980796307
puma_4701000,TN,9.579980796307
puma_4701100,TN,9.579980796307
puma_4701200,TN,9.579980796307
puma_4701300,TN,9.579980796307
puma_4701400,TN,9.579980796307
puma_4701500,TN,9.579980796307
puma_4701601,TN,9.579980796307
puma_4701602,TN,9.579980796307
puma_4701603,TN,9.579980796307
puma_4701604,TN,9.579980796307
puma_4701700,TN,9.579980796307
puma_4701800,TN,9.579980796307
puma_4701900,TN,9.579980796307
puma_4702001,TN,9.579980796307
puma_4702002,TN,9.579980796307
puma_4702003,TN,9.579980796307
puma_4702100,TN,9.579980796307
puma_4702200,TN,9.579980796307
puma_4702300,TN,9.579980796307
puma_4702401,TN,9.579980796307
puma_4702402,TN,9.579980796307
puma_4702501,TN,9.579980796307
puma_4702502,TN,9.579980796307
puma_4702503,TN,9.579980796307
puma_4702504,TN,9.579980796307
puma_4702505,TN,9.579980796307
puma_4702600,TN,9.579980796307
puma_4702700,TN,9.579980796307
puma_4702800,TN,9.579980796307
puma_4702900,TN,9.579980796307
puma_4703000,TN,9.579980796307
puma_4703100,TN,9.579980796307
puma_4703201,TN,9.579980796307
puma_4703202,TN,9.579980796307
puma_4703203,TN,9.579980796307
puma_4703204,TN,9.579980796307
puma_4703205,TN,9.579980796307
puma_4703206,TN,9.579980796307
puma_4703207,TN,9.579980796307
puma_4703208,TN,9.579980796307
puma_4800100,TX,6.325139341391290
puma_4800200,TX,6.325139341391290
puma_4800300,TX,6.325139341391290
puma_4800400,TX,6.325139341391290
puma_4800501,TX,6.325139341391290
puma_4800502,TX,6.325139341391290
puma_4800600,TX,6.325139341391290
puma_4800700,TX,6.325139341391290
puma_4800800,TX,6.325139341391290
puma_4800900,TX,6.325139341391290
puma_4801000,TX,6.325139341391290
puma_4801100,TX,6.325139341391290
puma_4801200,TX,6.325139341391290
puma_4801300,TX,6.325139341391290
puma_4801400,TX,6.325139341391290
puma_4801501,TX,6.325139341391290
puma_4801502,TX,6.325139341391290
puma_4801600,TX,6.325139341391290
puma_4801700,TX,6.325139341391290
puma_4801800,TX,6.325139341391290
puma_4801901,TX,6.325139341391290
puma_4801902,TX,6.325139341391290
puma_4801903,TX,6.325139341391290
puma_4801904,TX,6.325139341391290
puma_4801905,TX,6.325139341391290
puma_4801906,TX,6.325139341391290
puma_4801907,TX,6.325139341391290
puma_4802001,TX,6.325139341391290
puma_4802002,TX,6.325139341391290
puma_4802003,TX,6.325139341391290
puma_4802004,TX,6.325139341391290
puma_4802005,TX,6.325139341391290
puma_4802006,TX,6.325139341391290
puma_4802101,TX,6.325139341391290
puma_4802102,TX,6.325139341391290
puma_4802200,TX,6.325139341391290
puma_4802301,TX,6.325139341391290
puma_4802302,TX,6.325139341391290
puma_4802303,TX,6.325139341391290
puma_4802304,TX,6.325139341391290
puma_4802305,TX,6.325139341391290
puma_4802306,TX,6.325139341391290
puma_4802307,TX,6.325139341391290
puma_4802308,TX,6.325139341391290
puma_4802309,TX,6.325139341391290
puma_4802310,TX,6.325139341391290
puma_4802311,TX,6.325139341391290
puma_4802312,TX,6.325139341391290
puma_4802313,TX,6.325139341391290
puma_4802314,TX,6.325139341391290
puma_4802315,TX,6.325139341391290
puma_4802316,TX,6.325139341391290
puma_4802317,TX,6.325139341391290
puma_4802318,TX,6.325139341391290
puma_4802319,TX,6.325139341391290
puma_4802320,TX,6.325139341391290
puma_4802321,TX,6.325139341391290
puma_4802322,TX,6.325139341391290
puma_4802400,TX,6.325139341391290
puma_4802501,TX,6.325139341391290
puma_4802502,TX,6.325139341391290
puma_4802503,TX,6.325139341391290
puma_4802504,TX,6.325139341391290
puma_4802505,TX,6.325139341391290
puma_4802506,TX,6.325139341391290
puma_4802507,TX,6.325139341391290
puma_4802508,TX,6.325139341391290
puma_4802509,TX,6.325139341391290
puma_4802510,TX,6.325139341391290
puma_4802511,TX,6.325139341391290
puma_4802512,TX,6.325139341391290
puma_4802513,TX,6.325139341391290
puma_4802514,TX,6.325139341391290
puma_4802515,TX,6.325139341391290
puma_4802516,TX,6.325139341391290
puma_4802600,TX,6.325139341391290
puma_4802700,TX,6.325139341391290
puma_4802800,TX,6.325139341391290
puma_4802900,TX,6.325139341391290
puma_4803000,TX,6.325139341391290
puma_4803100,TX,6.325139341391290
puma_4803200,TX,6.325139341391290
puma_4803301,TX,6.325139341391290
puma_4803302,TX,6.325139341391290
puma_4803303,TX,6.325139341391290
puma_4803304,TX,6.325139341391290
puma_4803305,TX,6.325139341391290
puma_4803306,TX,6.325139341391290
puma_4803400,TX,6.325139341391290
puma_4803501,TX,6.325139341391290
puma_4803502,TX,6.325139341391290
puma_4803601,TX,6.325139341391290
puma_4803602,TX,6.325139341391290
puma_4803700,TX,6.325139341391290
puma_4803801,TX,6.325139341391290
puma_4803802,TX,6.325139341391290
puma_4803900,TX,6.325139341391290
puma_4804000,TX,6.325139341391290
puma_4804100,TX,6.325139341391290
puma_4804200,TX,6.325139341391290
puma_4804301,TX,6.325139341391290
puma_4804302,TX,6.325139341391290
puma_4804400,TX,6.325139341391290
puma_4804501,TX,6.325139341391290
puma_4804502,TX,6.325139341391290
puma_4804503,TX,6.325139341391290
puma_4804504,TX,6.325139341391290
puma_4804601,TX,6.325139341391290
puma_4804602,TX,6.325139341391290
puma_4804603,TX,6.325139341391290
puma_4804604,TX,6.325139341391290
puma_4804605,TX,6.325139341391290
puma_4804606,TX,6.325139341391290
puma_4804607,TX,6.325139341391290
puma_4804608,TX,6.325139341391290
puma_4804609,TX,6.325139341391290
puma_4804610,TX,6.325139341391290
puma_4804611,TX,6.325139341391290
puma_4804612,TX,6.325139341391290
puma_4804613,TX,6.325139341391290
puma_4804614,TX,6.325139341391290
puma_4804615,TX,6.325139341391290
puma_4804616,TX,6.325139341391290
puma_4804617,TX,6.325139341391290
puma_4804618,TX,6.325139341391290
puma_4804619,TX,6.325139341391290
puma_4804620,TX,6.325139341391290
puma_4804621,TX,6.325139341391290
puma_4804622,TX,6.325139341391290
puma_4804623,TX,6.325139341391290
puma_4804624,TX,6.325139341391290
puma_4804625,TX,6.325139341391290
puma_4804626,TX,6.325139341391290
puma_4804627,TX,6.325139341391290
puma_4804628,TX,6.325139341391290
puma_4804629,TX,6.325139341391290
puma_4804630,TX,6.325139341391290
puma_4804631,TX,6.325139341391290
puma_4804632,TX,6.325139341391290
puma_4804633,TX,6.325139341391290
puma_4804634,TX,6.325139341391290
puma_4804635,TX,6.325139341391290
puma_4804636,TX,6.325139341391290
puma_4804637,TX,6.325139341391290
puma_4804638,TX,6.325139341391290
puma_4804701,TX,6.325139341391290
puma_4804702,TX,6.325139341391290
puma_4804801,TX,6.325139341391290
puma_4804802,TX,6.325139341391290
puma_4804803,TX,6.325139341391290
puma_4804901,TX,6.325139341391290
puma_4804902,TX,6.325139341391290
puma_4804903,TX,6.325139341391290
puma_4804904,TX,6.325139341391290
puma_4804905,TX,6.325139341391290
puma_4805000,TX,6.325139341391290
puma_4805100,TX,6.325139341391290
puma_4805201,TX,6.325139341391290
puma_4805202,TX,6.325139341391290
puma_4805203,TX,6.325139341391290
puma_4805204,TX,6.325139341391290
puma_4805301,TX,6.325139341391290
puma_4805302,TX,6.325139341391290
puma_4805303,TX,6.325139341391290
puma_4805304,TX,6.325139341391290
puma_4805305,TX,6.325139341391290
puma_4805306,TX,6.325139341391290
puma_4805307,TX,6.325139341391290
puma_4805308,TX,6.325139341391290
puma_4805309,TX,6.325139341391290
puma_4805400,TX,6.325139341391290
puma_4805500,TX,6.325139341391290
puma_4805600,TX,6.325139341391290
puma_4805700,TX,6.325139341391290
puma_4805800,TX,6.325139341391290
puma_4805901,TX,6.325139341391290
puma_4805902,TX,6.325139341391290
puma_4805903,TX,6.325139341391290
puma_4805904,TX,6.325139341391290
puma_4805905,TX,6.325139341391290
puma_4805906,TX,6.325139341391290
puma_4805907,TX,6.325139341391290
puma_4805908,TX,6.325139341391290
puma_4805909,TX,6.325139341391290
puma_4805910,TX,6.325139341391290
puma_4805911,TX,6.325139341391290
puma_4805912,TX,6.325139341391290
puma_4805913,TX,6.325139341391290
puma_4805914,TX,6.325139341391290
puma_4805915,TX,6.325139341391290
puma_4805916,TX,6.325139341391290
puma_4806000,TX,6.325139341391290
puma_4806100,TX,6.325139341391290
puma_4806200,TX,6.325139341391290
puma_4806301,TX,6.325139341391290
puma_4806302,TX,6.325139341391290
puma_4806400,TX,6.325139341391290
puma_4806500,TX,6.325139341391290
puma_4806601,TX,6.325139341391290
puma_4806602,TX,6.325139341391290
puma_4806603,TX,6.325139341391290
puma_4806701,TX,6.325139341391290
puma_4806702,TX,6.325139341391290
puma_4806703,TX,6.325139341391290
puma_4806801,TX,6.325139341391290
puma_4806802,TX,6.325139341391290
puma_4806803,TX,6.325139341391290
puma_4806804,TX,6.325139341391290
puma_4806805,TX,6.325139341391290
puma_4806806,TX,6.325139341391290
puma_4806807,TX,6.325139341391290
puma_4806900,TX,6.325139341391290
puma_4903001,UT,6.715364525924890
puma_4905001,UT,6.715364525924890
puma_4911001,UT,6.715364525924890
puma_4911002,UT,6.715364525924890
puma_4913001,UT,6.715364525924890
puma_4921001,UT,6.715364525924890
puma_4935001,UT,6.715364525924890
puma_4935002,UT,6.715364525924890
puma_4935003,UT,6.715364525924890
puma_4935004,UT,6.715364525924890
puma_4935005,UT,6.715364525924890
puma_4935006,UT,6.715364525924890
puma_4935007,UT,6.715364525924890
puma_4935008,UT,6.715364525924890
puma_4935009,UT,6.715364525924890
puma_4949001,UT,6.715364525924890
puma_4949002,UT,6.715364525924890
puma_4949003,UT,6.715364525924890
puma_4949004,UT,6.715364525924890
puma_4953001,UT,6.715364525924890
puma_4957001,UT,6.715364525924890
puma_4957002,UT,6.715364525924890
puma_5000100,VT,3.6092728551157200
puma_5000200,VT,3.6092728551157200
puma_5000300,VT,3.6092728551157200
puma_5000400,VT,3.6092728551157200
puma_5101301,VA,7.5335442348342400
puma_5101302,VA,7.5335442348342400
puma_5104101,VA,7.5335442348342400
puma_5104102,VA,7.5335442348342400
puma_5104103,VA,7.5335442348342400
puma_5110701,VA,7.5335442348342400
puma_5110702,VA,7.5335442348342400
puma_5110703,VA,7.5335442348342400
puma_5151010,VA,7.5335442348342400
puma_5151020,VA,7.5335442348342400
puma_5151040,VA,7.5335442348342400
puma_5151044,VA,7.5335442348342400
puma_5151045,VA,7.5335442348342400
puma_5151080,VA,7.5335442348342400
puma_5151084,VA,7.5335442348342400
puma_5151085,VA,7.5335442348342400
puma_5151087,VA,7.5335442348342400
puma_5151089,VA,7.5335442348342400
puma_5151090,VA,7.5335442348342400
puma_5151095,VA,7.5335442348342400
puma_5151096,VA,7.5335442348342400
puma_5151097,VA,7.5335442348342400
puma_5151105,VA,7.5335442348342400
puma_5151110,VA,7.5335442348342400
puma_5151115,VA,7.5335442348342400
puma_5151120,VA,7.5335442348342400
puma_5151125,VA,7.5335442348342400
puma_5151135,VA,7.5335442348342400
puma_5151145,VA,7.5335442348342400
puma_5151154,VA,7.5335442348342400
puma_5151155,VA,7.5335442348342400
puma_5151164,VA,7.5335442348342400
puma_5151165,VA,7.5335442348342400
puma_5151167,VA,7.5335442348342400
puma_5151175,VA,7.5335442348342400
puma_5151186,VA,7.5335442348342400
puma_5151206,VA,7.5335442348342400
puma_5151215,VA,7.5335442348342400
puma_5151224,VA,7.5335442348342400
puma_5151225,VA,7.5335442348342400
puma_5151235,VA,7.5335442348342400
puma_5151244,VA,7.5335442348342400
puma_5151245,VA,7.5335442348342400
puma_5151246,VA,7.5335442348342400
puma_5151255,VA,7.5335442348342400
puma_5155001,VA,7.5335442348342400
puma_5155002,VA,7.5335442348342400
puma_5159301,VA,7.5335442348342400
puma_5159302,VA,7.5335442348342400
puma_5159303,VA,7.5335442348342400
puma_5159304,VA,7.5335442348342400
puma_5159305,VA,7.5335442348342400
puma_5159306,VA,7.5335442348342400
puma_5159307,VA,7.5335442348342400
puma_5159308,VA,7.5335442348342400
puma_5159309,VA,7.5335442348342400
puma_5310100,WA,8.264273792341300
puma_5310200,WA,8.264273792341300
puma_5310300,WA,8.264273792341300
puma_5310400,WA,8.264273792341300
puma_5310501,WA,8.264273792341300
puma_5310502,WA,8.264273792341300
puma_5310503,WA,8.264273792341300
puma_5310504,WA,8.264273792341300
puma_5310600,WA,8.264273792341300
puma_5310701,WA,8.264273792341300
puma_5310702,WA,8.264273792341300
puma_5310703,WA,8.264273792341300
puma_5310800,WA,8.264273792341300
puma_5310901,WA,8.264273792341300
puma_5310902,WA,8.264273792341300
puma_5311000,WA,8.264273792341300
puma_5311101,WA,8.264273792341300
puma_5311102,WA,8.264273792341300
puma_5311103,WA,8.264273792341300
puma_5311104,WA,8.264273792341300
puma_5311200,WA,8.264273792341300
puma_5311300,WA,8.264273792341300
puma_5311401,WA,8.264273792341300
puma_5311402,WA,8.264273792341300
puma_5311501,WA,8.264273792341300
puma_5311502,WA,8.264273792341300
puma_5311503,WA,8.264273792341300
puma_5311504,WA,8.264273792341300
puma_5311505,WA,8.264273792341300
puma_5311506,WA,8.264273792341300
puma_5311507,WA,8.264273792341300
puma_5311601,WA,8.264273792341300
puma_5311602,WA,8.264273792341300
puma_5311603,WA,8.264273792341300
puma_5311604,WA,8.264273792341300
puma_5311605,WA,8.264273792341300
puma_5311606,WA,8.264273792341300
puma_5311607,WA,8.264273792341300
puma_5311608,WA,8.264273792341300
puma_5311609,WA,8.264273792341300
puma_5311610,WA,8.264273792341300
puma_5311611,WA,8.264273792341300
puma_5311612,WA,8.264273792341300
puma_5311613,WA,8.264273792341300
puma_5311614,WA,8.264273792341300
puma_5311615,WA,8.264273792341300
puma_5311616,WA,8.264273792341300
puma_5311701,WA,8.264273792341300
puma_5311702,WA,8.264273792341300
puma_5311703,WA,8.264273792341300
puma_5311704,WA,8.264273792341300
puma_5311705,WA,8.264273792341300
puma_5311706,WA,8.264273792341300
puma_5311801,WA,8.264273792341300
puma_5311802,WA,8.264273792341300
puma_5311900,WA,8.264273792341300
puma_5400100,WV,7.008600330547170
puma_5400200,WV,7.008600330547170
puma_5400300,WV,7.008600330547170
puma_5400400,WV,7.008600330547170
puma_5400500,WV,7.008600330547170
puma_5400600,WV,7.008600330547170
puma_5400700,WV,7.008600330547170
puma_5400800,WV,7.008600330547170
puma_5400900,WV,7.008600330547170
puma_5401000,WV,7.008600330547170
puma_5401100,WV,7.008600330547170
puma_5401200,WV,7.008600330547170
puma_5401300,WV,7.008600330547170
puma_5500100,WI,5.520662858389700
puma_5500101,WI,5.520662858389700
puma_5500102,WI,5.520662858389700
puma_5500103,WI,5.520662858389700
puma_5500200,WI,5.520662858389700
puma_5500300,WI,5.520662858389700
puma_5500600,WI,5.520662858389700
puma_5500700,WI,5.520662858389700
puma_5500800,WI,5.520662858389700
puma_5500900,WI,5.520662858389700
puma_5501000,WI,5.520662858389700
puma_5501001,WI,5.520662858389700
puma_5501300,WI,5.520662858389700
puma_5501301,WI,5.520662858389700
puma_5501400,WI,5.520662858389700
puma_5501401,WI,5.520662858389700
puma_5501500,WI,5.520662858389700
puma_5501501,WI,5.520662858389700
puma_5501600,WI,5.520662858389700
puma_5501601,WI,5.520662858389700
puma_5502400,WI,5.520662858389700
puma_5502500,WI,5.520662858389700
puma_5510000,WI,5.520662858389700
puma_5520000,WI,5.520662858389700
puma_5530000,WI,5.520662858389700
puma_5540101,WI,5.520662858389700
puma_5540301,WI,5.520662858389700
puma_5540701,WI,5.520662858389700
puma_5541001,WI,5.520662858389700
puma_5541002,WI,5.520662858389700
puma_5541003,WI,5.520662858389700
puma_5541004,WI,5.520662858389700
puma_5541005,WI,5.520662858389700
puma_5550000,WI,5.520662858389700
puma_5555101,WI,5.520662858389700
puma_5555102,WI,5.520662858389700
puma_5555103,WI,5.520662858389700
puma_5570101,WI,5.520662858389700
puma_5570201,WI,5.520662858389700
puma_5570301,WI,5.520662858389700
puma_5600100,WY,7.195273180699820
puma_5600200,WY,7.195273180699820
puma_5600300,WY,7.195273180699820
puma_5600400,WY,7.195273180699820
puma_5600500,WY,7.195273180699820