"puma","state","htg_slope_res_btu_m2_degC"
"puma_0100100","AL",5.00004703251553
"puma_0100200","AL",5.04215463368253
"puma_0100301","AL",5.20125297910803
"puma_0100302","AL",5.02388651195929
"puma_0100400","AL",4.97762977363831
"puma_0100500","AL",5.09248888079925
"puma_0100600","AL",5.08276142956562
"puma_0100700","AL",5.08982680146264
"puma_0100800","AL",5.15145908015621
"puma_0100900","AL",5.18516368656921
"puma_0101000","AL",5.18223718633291
"puma_0101100","AL",5.24420815621043
"puma_0101200","AL",5.36327308072159
"puma_0101301","AL",5.35031065298569
"puma_0101302","AL",5.37625022291726
"puma_0101303","AL",5.34032637834745
"puma_0101304","AL",5.1981271248477
"puma_0101305","AL",5.33077951155519
"puma_0101400","AL",5.10308271358463
"puma_0101500","AL",5.47628712299961
"puma_0101600","AL",5.56891714390639
"puma_0101700","AL",5.45881325161475
"puma_0101800","AL",5.32484225856282
"puma_0101900","AL",5.463841787371
"puma_0102000","AL",5.6081942581909
"puma_0102100","AL",5.56119475716881
"puma_0102200","AL",5.65331123651481
"puma_0102300","AL",5.7454377972106
"puma_0102400","AL",5.61051286261785
"puma_0102500","AL",5.84960837933079
"puma_0102600","AL",5.88230224454571
"puma_0102701","AL",5.98543254697773
"puma_0102702","AL",5.96916502257357
"puma_0102703","AL",5.93947227523113
"puma_0400100","AZ",6.15498016787601
"puma_0400101","AZ",6.25539036189575
"puma_0400102","AZ",6.26983323813965
"puma_0400103","AZ",6.28590646237638
"puma_0400104","AZ",6.26234026696186
"puma_0400105","AZ",6.2487675573119
"puma_0400106","AZ",6.2660716500032
"puma_0400107","AZ",6.18859279239183
"puma_0400108","AZ",6.28590646237638
"puma_0400109","AZ",6.29924942131325
"puma_0400110","AZ",6.30994062732935
"puma_0400111","AZ",6.28871468207425
"puma_0400112","AZ",6.22111318398244
"puma_0400113","AZ",6.34897168733371
"puma_0400114","AZ",6.30216456791035
"puma_0400115","AZ",6.2708686789066
"puma_0400116","AZ",6.5681079238168
"puma_0400117","AZ",6.50719362793554
"puma_0400118","AZ",6.55396813211995
"puma_0400119","AZ",6.31146613032393
"puma_0400120","AZ",6.24916380598107
"puma_0400121","AZ",6.40406841894683
"puma_0400122","AZ",6.5681079238168
"puma_0400123","AZ",6.41409931076215
"puma_0400124","AZ",6.43843654462539
"puma_0400125","AZ",6.43764073925722
"puma_0400126","AZ",6.35477561126958
"puma_0400127","AZ",6.37717535948219
"puma_0400128","AZ",6.2708686789066
"puma_0400129","AZ",6.29603929443706
"puma_0400130","AZ",6.37717535948219
"puma_0400131","AZ",6.3714458939783
"puma_0400132","AZ",6.2712306629651
"puma_0400133","AZ",6.27916885693209
"puma_0400134","AZ",6.18547956501296
"puma_0400201","AZ",6.01575770165902
"puma_0400202","AZ",6.1197934186022
"puma_0400203","AZ",5.91571752750101
"puma_0400204","AZ",6.05350647334235
"puma_0400205","AZ",5.99884614865554
"puma_0400206","AZ",6.07357702190938
"puma_0400207","AZ",6.16575244082111
"puma_0400208","AZ",6.14313850895001
"puma_0400209","AZ",6.07153311702731
"puma_0400300","AZ",4.20974993552799
"puma_0400400","AZ",3.9475143418816
"puma_0400500","AZ",4.83362694124116
"puma_0400600","AZ",5.93144326524516
"puma_0400700","AZ",6.56454018381477
"puma_0400800","AZ",5.247822817338
"puma_0400803","AZ",6.20878693277605
"puma_0400805","AZ",6.09768625483359
"puma_0400807","AZ",6.1884488204848
"puma_0400900","AZ",5.55779978451187
"puma_0500100","AR",5.74656861244808
"puma_0500200","AR",5.85323837041527
"puma_0500300","AR",5.86878186689406
"puma_0500400","AR",5.94377957910742
"puma_0500500","AR",5.98371920615518
"puma_0500600","AR",6.19988669353375
"puma_0500700","AR",6.2186730501153
"puma_0500800","AR",6.18112911412227
"puma_0500900","AR",6.45426281375927
"puma_0501000","AR",6.46550448502472
"puma_0501100","AR",6.20750379273478
"puma_0501200","AR",6.45977727324533
"puma_0501300","AR",6.21694591491178
"puma_0501400","AR",6.27564968300395
"puma_0501500","AR",6.22939162612176
"puma_0501600","AR",6.35727243974324
"puma_0501700","AR",6.47689120268439
"puma_0501800","AR",6.63673524017475
"puma_0501900","AR",6.58625282400851
"puma_0502000","AR",6.59672478510837
"puma_0600101","CA",6.10911834955852
"puma_0600102","CA",6.30547918803381
"puma_0600103","CA",6.20291760798217
"puma_0600104","CA",6.08703977508556
"puma_0600105","CA",6.17347955503309
"puma_0600106","CA",6.21473001074818
"puma_0600107","CA",6.22627322303969
"puma_0600108","CA",6.30994856273292
"puma_0600109","CA",6.3149721060837
"puma_0600110","CA",6.10649572713824
"puma_0600300","CA",5.39291852302495
"puma_0600701","CA",6.02705361917376
"puma_0600702","CA",6.05913547604603
"puma_0601100","CA",5.97280104798155
"puma_0601301","CA",6.20039194358118
"puma_0601302","CA",6.16803275246491
"puma_0601303","CA",6.20545734362317
"puma_0601304","CA",6.25738000288615
"puma_0601305","CA",5.83538202304862
"puma_0601306","CA",6.15453217136957
"puma_0601307","CA",6.14352318815039
"puma_0601308","CA",6.22687031776685
"puma_0601309","CA",6.26818808968919
"puma_0601500","CA",4.62608164358266
"puma_0601700","CA",5.60499358855412
"puma_0601901","CA",6.24822853634926
"puma_0601902","CA",6.31517023956088
"puma_0601903","CA",6.34604932678205
"puma_0601904","CA",6.33742119603302
"puma_0601905","CA",6.37657987101464
"puma_0601906","CA",6.34483978516105
"puma_0601907","CA",6.14039930753555
"puma_0602300","CA",5.19362500805118
"puma_0602500","CA",7.39175434637493
"puma_0602901","CA",6.28659350819665
"puma_0602902","CA",6.33022544820276
"puma_0602903","CA",6.3201244644667
"puma_0602904","CA",6.3201244644667
"puma_0602905","CA",5.95082972651725
"puma_0603100","CA",6.19569723633798
"puma_0603300","CA",5.59627575313724
"puma_0603701","CA",6.35849490464832
"puma_0603702","CA",6.69497008244938
"puma_0603703","CA",5.96506628003942
"puma_0603704","CA",6.18376211399446
"puma_0603705","CA",6.95452593274706
"puma_0603706","CA",7.00379482579964
"puma_0603707","CA",6.91317981540881
"puma_0603708","CA",6.87879544137017
"puma_0603709","CA",6.82879204602022
"puma_0603710","CA",6.82070012399495
"puma_0603711","CA",6.98351056134364
"puma_0603712","CA",6.98351056134364
"puma_0603713","CA",6.98887738089379
"puma_0603714","CA",7.08366653003808
"puma_0603715","CA",7.03403406606356
"puma_0603716","CA",7.18807196236659
"puma_0603717","CA",6.96452599024766
"puma_0603718","CA",7.27496981533353
"puma_0603719","CA",7.08715304951929
"puma_0603720","CA",6.90017558816935
"puma_0603721","CA",6.87879544137017
"puma_0603722","CA",6.93512763782466
"puma_0603723","CA",6.93811912788246
"puma_0603724","CA",6.90615911748794
"puma_0603725","CA",6.83017724124492
"puma_0603726","CA",6.82280285209939
"puma_0603727","CA",6.98587814800474
"puma_0603728","CA",6.90098335347463
"puma_0603729","CA",7.04430832777118
"puma_0603730","CA",7.18595136542905
"puma_0603731","CA",7.14721854244426
"puma_0603732","CA",7.23241448469636
"puma_0603733","CA",7.25184442723576
"puma_0603734","CA",7.25184442723576
"puma_0603735","CA",7.25434689109852
"puma_0603736","CA",7.14076813163893
"puma_0603737","CA",7.21718284213369
"puma_0603738","CA",7.10590827590783
"puma_0603739","CA",7.31338348631554
"puma_0603740","CA",7.44133640377186
"puma_0603741","CA",7.4366377972118
"puma_0603742","CA",7.25492591322932
"puma_0603743","CA",7.43506032020683
"puma_0603744","CA",7.26732758927325
"puma_0603745","CA",7.25184442723576
"puma_0603746","CA",7.25184442723576
"puma_0603747","CA",7.18046684938016
"puma_0603748","CA",7.00138998985027
"puma_0603749","CA",7.11371120780123
"puma_0603750","CA",7.23875583043919
"puma_0603751","CA",7.23354476475497
"puma_0603752","CA",7.26381277221661
"puma_0603753","CA",7.39331656102749
"puma_0603754","CA",7.1878186651521
"puma_0603755","CA",7.22460233386314
"puma_0603756","CA",7.1462797500483
"puma_0603757","CA",7.18806257258864
"puma_0603758","CA",7.21299740724081
"puma_0603759","CA",7.17529800033833
"puma_0603760","CA",7.00537892240397
"puma_0603761","CA",7.01633201807607
"puma_0603762","CA",7.00285980660065
"puma_0603763","CA",7.1462797500483
"puma_0603764","CA",7.14491594753718
"puma_0603765","CA",7.1462797500483
"puma_0603766","CA",7.1462797500483
"puma_0603767","CA",6.94463479226176
"puma_0603768","CA",6.9206973136283
"puma_0603769","CA",7.1462797500483
"puma_0603900","CA",6.02530190881325
"puma_0604101","CA",6.04584643315598
"puma_0604102","CA",6.08696259121032
"puma_0604701","CA",6.28976964644374
"puma_0604702","CA",6.13799795879796
"puma_0605301","CA",5.81816306936328
"puma_0605302","CA",6.05858717017062
"puma_0605303","CA",6.00626399293381
"puma_0605500","CA",6.11890489637534
"puma_0605700","CA",5.04388365231101
"puma_0605901","CA",6.87690284660123
"puma_0605902","CA",6.90892160909486
"puma_0605903","CA",6.92997394582399
"puma_0605904","CA",7.10213914045177
"puma_0605905","CA",7.14157618254666
"puma_0605906","CA",7.15680702258012
"puma_0605907","CA",7.27504410227782
"puma_0605908","CA",7.14196064245553
"puma_0605909","CA",7.1567692550963
"puma_0605910","CA",7.2923260465808
"puma_0605911","CA",7.33414374634094
"puma_0605912","CA",7.19788327169214
"puma_0605913","CA",7.25248495010713
"puma_0605914","CA",7.10995223497534
"puma_0605915","CA",6.82048988742275
"puma_0605916","CA",7.28811443943058
"puma_0605917","CA",7.28715591082192
"puma_0605918","CA",7.07932340449149
"puma_0606101","CA",6.24993779047051
"puma_0606102","CA",6.18476262253218
"puma_0606103","CA",5.59870456698733
"puma_0606501","CA",7.45011011244256
"puma_0606502","CA",7.26198145755754
"puma_0606503","CA",6.92001371213343
"puma_0606504","CA",6.79380240876424
"puma_0606505","CA",6.68488718065696
"puma_0606506","CA",6.66068134007515
"puma_0606507","CA",6.5423755610942
"puma_0606508","CA",6.80717210208031
"puma_0606509","CA",6.67847538345571
"puma_0606510","CA",6.98011455577223
"puma_0606511","CA",6.98889763364753
"puma_0606512","CA",6.95303366861421
"puma_0606513","CA",6.74733933697115
"puma_0606514","CA",6.88079540775853
"puma_0606515","CA",7.51066685312179
"puma_0606701","CA",6.2702204922527
"puma_0606702","CA",6.33834969062179
"puma_0606703","CA",6.34422866091552
"puma_0606704","CA",6.36510903920235
"puma_0606705","CA",6.18447563035072
"puma_0606706","CA",6.33470513582455
"puma_0606707","CA",6.27506935640219
"puma_0606708","CA",6.30447927964439
"puma_0606709","CA",6.15914308364519
"puma_0606710","CA",6.23900107258493
"puma_0606711","CA",6.30402410622758
"puma_0606712","CA",6.26061638428444
"puma_0607101","CA",6.46785861065179
"puma_0607102","CA",6.05450209401915
"puma_0607103","CA",6.0253299763435
"puma_0607104","CA",5.0207437640904
"puma_0607105","CA",6.71412316884392
"puma_0607106","CA",6.92056345502126
"puma_0607107","CA",6.99031687057336
"puma_0607108","CA",6.99031687057336
"puma_0607109","CA",6.97868868542884
"puma_0607110","CA",6.95801076320134
"puma_0607111","CA",6.90253927074333
"puma_0607112","CA",6.94120519360335
"puma_0607113","CA",6.88778464556548
"puma_0607114","CA",6.78905588246593
"puma_0607115","CA",6.91900157429748
"puma_0607301","CA",6.6435406458409
"puma_0607302","CA",6.6690558053994
"puma_0607303","CA",6.90299141563824
"puma_0607304","CA",6.76881273774568
"puma_0607305","CA",6.99185826367161
"puma_0607306","CA",7.05279632433639
"puma_0607307","CA",6.84023127801223
"puma_0607308","CA",6.88005872202616
"puma_0607309","CA",6.89318808319013
"puma_0607310","CA",6.96773500348713
"puma_0607311","CA",6.88101665276941
"puma_0607312","CA",6.87602176571601
"puma_0607313","CA",7.11326644601335
"puma_0607314","CA",7.13309757676476
"puma_0607315","CA",6.90819857568532
"puma_0607316","CA",7.133575985337
"puma_0607317","CA",7.15313560300118
"puma_0607318","CA",7.14716287306064
"puma_0607319","CA",7.17720070456006
"puma_0607320","CA",6.87123228462431
"puma_0607321","CA",7.10897560487856
"puma_0607322","CA",6.94261497700826
"puma_0607501","CA",5.88384115934989
"puma_0607502","CA",5.98433315488932
"puma_0607503","CA",5.97821060812892
"puma_0607504","CA",5.97821060812892
"puma_0607505","CA",5.70210208056376
"puma_0607506","CA",5.72747028243424
"puma_0607507","CA",5.97821060812892
"puma_0607701","CA",6.30697819728218
"puma_0607702","CA",6.24115018923644
"puma_0607703","CA",6.19061791546263
"puma_0607704","CA",6.21914945424603
"puma_0607901","CA",6.11615087016326
"puma_0607902","CA",6.04986365833463
"puma_0608101","CA",5.8085169478269
"puma_0608102","CA",6.150849830741
"puma_0608103","CA",6.13818064662074
"puma_0608104","CA",6.03645742366187
"puma_0608105","CA",6.21151634995104
"puma_0608106","CA",6.09077721392248
"puma_0608301","CA",6.0370546902189
"puma_0608302","CA",6.28802436110604
"puma_0608303","CA",6.605351598689
"puma_0608501","CA",6.22337823328046
"puma_0608502","CA",6.44558921753197
"puma_0608503","CA",6.39445502166176
"puma_0608504","CA",6.39445502166176
"puma_0608505","CA",6.29730810489684
"puma_0608506","CA",6.387984150356
"puma_0608507","CA",6.2696959498569
"puma_0608508","CA",6.2179088473395
"puma_0608509","CA",6.39445502166176
"puma_0608510","CA",6.34675277665209
"puma_0608511","CA",6.17018461059367
"puma_0608512","CA",6.05355055753693
"puma_0608513","CA",5.80486358885213
"puma_0608514","CA",6.39445502166176
"puma_0608701","CA",6.05863243672068
"puma_0608702","CA",6.24466310225796
"puma_0608900","CA",5.82401057649336
"puma_0609501","CA",5.79305894062891
"puma_0609502","CA",6.23428099796402
"puma_0609503","CA",6.21344176484358
"puma_0609701","CA",5.9878957492516
"puma_0609702","CA",6.06453229878128
"puma_0609703","CA",6.17121435113287
"puma_0609901","CA",6.45669652444385
"puma_0609902","CA",6.45168223670367
"puma_0609903","CA",6.37942691837056
"puma_0609904","CA",6.45168223670367
"puma_0610100","CA",6.26428153772001
"puma_0610701","CA",6.30894770062384
"puma_0610702","CA",6.42266287142388
"puma_0610703","CA",6.31744782512054
"puma_0611101","CA",6.78076714134369
"puma_0611102","CA",6.78408137928053
"puma_0611103","CA",6.7107197497305
"puma_0611104","CA",6.6220211727566
"puma_0611105","CA",6.66556348094734
"puma_0611106","CA",6.64224475590386
"puma_0611300","CA",6.20518466429882
"puma_0800100","CO",4.09373446203323
"puma_0800102","CO",3.95606470413133
"puma_0800103","CO",4.13726934385529
"puma_0800200","CO",3.63609516648249
"puma_0800300","CO",4.34778664669729
"puma_0800400","CO",3.17234656415492
"puma_0800600","CO",3.86300460718901
"puma_0800700","CO",4.47188022616103
"puma_0800800","CO",3.93862592617241
"puma_0800801","CO",3.63219435102801
"puma_0800802","CO",4.02064529508987
"puma_0800803","CO",4.4066673184513
"puma_0800804","CO",4.38474368241674
"puma_0800805","CO",4.42075602645665
"puma_0800806","CO",4.40938943883929
"puma_0800807","CO",4.24734562403545
"puma_0800808","CO",4.20476628963965
"puma_0800809","CO",4.21524995849597
"puma_0800810","CO",4.19267349655631
"puma_0800811","CO",4.1877329157949
"puma_0800812","CO",4.2518275648972
"puma_0800813","CO",4.41390459106848
"puma_0800814","CO",4.40833410392849
"puma_0800815","CO",4.2240983244603
"puma_0800816","CO",4.34648749213542
"puma_0800817","CO",4.20648945335827
"puma_0800818","CO",4.23450743803553
"puma_0800819","CO",4.25879547432521
"puma_0800820","CO",4.23062494657461
"puma_0800821","CO",4.19930932822366
"puma_0800822","CO",4.11165197492005
"puma_0800823","CO",4.11673057059759
"puma_0800824","CO",4.21454987718421
"puma_0800900","CO",3.70066689843295
"puma_0801001","CO",4.40626693221288
"puma_0801002","CO",4.05616521875614
"puma_0804101","CO",3.81064680534688
"puma_0804102","CO",3.37253953898798
"puma_0804103","CO",4.08565723646727
"puma_0804104","CO",4.09741295104739
"puma_0804105","CO",4.09741295104739
"puma_0804106","CO",3.96309171444179
"puma_0900100","CT",4.79317831369958
"puma_0900101","CT",4.97239578402094
"puma_0900102","CT",5.02542546886004
"puma_0900103","CT",5.05127620874753
"puma_0900104","CT",4.9651564227349
"puma_0900105","CT",4.96031367295475
"puma_0900300","CT",4.80652490171449
"puma_0900301","CT",4.88135716915385
"puma_0900302","CT",4.88135716915385
"puma_0900303","CT",4.78701803401653
"puma_0900304","CT",4.73062429500449
"puma_0900305","CT",4.90048696375353
"puma_0900306","CT",4.88489862461527
"puma_0900500","CT",4.46048950155229
"puma_0900700","CT",4.98562371464802
"puma_0900900","CT",4.77890850030065
"puma_0900901","CT",4.54826127794979
"puma_0900902","CT",4.8547776401987
"puma_0900903","CT",4.95612849635609
"puma_0900904","CT",5.05882571640636
"puma_0900905","CT",5.06070350730524
"puma_0900906","CT",5.04713604284266
"puma_0901100","CT",4.85809892028699
"puma_0901101","CT",4.97106337817911
"puma_0901300","CT",4.66202567312971
"puma_0901500","CT",4.59551293584355
"puma_1000101","DE",3.91146217240305
"puma_1000102","DE",3.94281842278275
"puma_1000103","DE",3.97289827662024
"puma_1000104","DE",3.90551899491392
"puma_1000200","DE",4.12379785043419
"puma_1000300","DE",4.12868525066946
"puma_1100101","DC",6.12761199629989
"puma_1100102","DC",6.22999143085676
"puma_1100103","DC",6.25843067992746
"puma_1100104","DC",6.2670223241685
"puma_1100105","DC",6.28848328404216
"puma_1200101","FL",5.66205976907476
"puma_1200102","FL",5.6288784058378
"puma_1200500","FL",5.54469401426517
"puma_1200901","FL",6.07935319234494
"puma_1200902","FL",6.0695912351124
"puma_1200903","FL",6.08815462172127
"puma_1200904","FL",6.09054743573522
"puma_1201101","FL",6.35683412707181
"puma_1201102","FL",6.35642271019198
"puma_1201103","FL",6.36822554431555
"puma_1201104","FL",6.36286239651223
"puma_1201105","FL",6.36961137829995
"puma_1201106","FL",6.3586998488104
"puma_1201107","FL",6.36447875995813
"puma_1201108","FL",6.38245726598593
"puma_1201109","FL",6.38601595375294
"puma_1201110","FL",6.37354803458918
"puma_1201111","FL",6.37563777297578
"puma_1201112","FL",6.38932023149528
"puma_1201113","FL",6.38024406480034
"puma_1201114","FL",6.37611035547939
"puma_1201500","FL",6.22485967491209
"puma_1201701","FL",5.84517573783541
"puma_1201900","FL",5.6410387776032
"puma_1202101","FL",6.30512414489616
"puma_1202102","FL",6.29798062096041
"puma_1202103","FL",6.23757842117016
"puma_1202300","FL",5.60872963440587
"puma_1202700","FL",6.08741114627351
"puma_1203101","FL",5.58509683670214
"puma_1203102","FL",5.66573893365157
"puma_1203103","FL",5.6822689261114
"puma_1203104","FL",5.74141793823493
"puma_1203105","FL",5.72794028200852
"puma_1203106","FL",5.74730635316613
"puma_1203107","FL",5.70568166017759
"puma_1203301","FL",5.44307769902538
"puma_1203302","FL",5.4597715843355
"puma_1203500","FL",5.80763430072441
"puma_1205301","FL",5.91757143360087
"puma_1205701","FL",6.11412384737262
"puma_1205702","FL",6.11412384737262
"puma_1205703","FL",6.10793616866011
"puma_1205704","FL",6.11412384737262
"puma_1205705","FL",6.10949445851397
"puma_1205706","FL",6.09459352136936
"puma_1205707","FL",6.09488156940741
"puma_1205708","FL",6.09026458025517
"puma_1206100","FL",6.1658020292525
"puma_1206300","FL",5.43534617932575
"puma_1206901","FL",5.85566701399079
"puma_1206902","FL",5.95584489241802
"puma_1206903","FL",5.99174594873192
"puma_1207101","FL",6.28811886345619
"puma_1207102","FL",6.28722001542445
"puma_1207103","FL",6.26249037016268
"puma_1207104","FL",6.28773183396464
"puma_1207105","FL",6.2705310930721
"puma_1207300","FL",5.44305757428247
"puma_1207301","FL",5.44212964162133
"puma_1208101","FL",6.1339410818397
"puma_1208102","FL",6.15324724542109
"puma_1208103","FL",6.15071789044559
"puma_1208301","FL",5.86435777896528
"puma_1208302","FL",5.93279136001424
"puma_1208303","FL",5.92454503663778
"puma_1208500","FL",6.25702476591424
"puma_1208601","FL",6.39601518757144
"puma_1208602","FL",6.38516805011969
"puma_1208603","FL",6.3691503280084
"puma_1208604","FL",6.37437823631238
"puma_1208605","FL",6.3691503280084
"puma_1208606","FL",6.38684415210177
"puma_1208607","FL",6.39601518757144
"puma_1208608","FL",6.38766615189309
"puma_1208609","FL",6.37916904785737
"puma_1208610","FL",6.38450619045202
"puma_1208611","FL",6.38685951525782
"puma_1208612","FL",6.39121762535834
"puma_1208613","FL",6.38508911514113
"puma_1208614","FL",6.41105856481526
"puma_1208615","FL",6.39436322024253
"puma_1208616","FL",6.4087163641522
"puma_1208617","FL",6.40208761889367
"puma_1208618","FL",6.37422124732065
"puma_1208619","FL",6.35523492604044
"puma_1208620","FL",6.3842506743709
"puma_1208621","FL",6.34392789250864
"puma_1208622","FL",6.31298056664538
"puma_1208623","FL",6.32729382644208
"puma_1208624","FL",6.325873203988
"puma_1208700","FL",6.42578781961746
"puma_1208900","FL",5.59079167502347
"puma_1209100","FL",5.38923043267778
"puma_1209300","FL",6.1585736460531
"puma_1209501","FL",5.91891204109591
"puma_1209502","FL",6.06791255302864
"puma_1209503","FL",6.05425587182179
"puma_1209504","FL",6.10210829286718
"puma_1209505","FL",6.12029630922118
"puma_1209506","FL",6.12029630922118
"puma_1209507","FL",6.12029630922118
"puma_1209508","FL",6.12029630922118
"puma_1209509","FL",6.08801912453222
"puma_1209510","FL",6.11014301212395
"puma_1209701","FL",6.03689571898762
"puma_1209702","FL",6.0569764531109
"puma_1209901","FL",6.2841773565664
"puma_1209902","FL",6.27477033578026
"puma_1209903","FL",6.32805914591507
"puma_1209904","FL",6.32805914591507
"puma_1209905","FL",6.32911630781888
"puma_1209906","FL",6.34037675685564
"puma_1209907","FL",6.34459691313821
"puma_1209908","FL",6.36345681845453
"puma_1209909","FL",6.355536602874
"puma_1209910","FL",6.33706790249798
"puma_1209911","FL",6.26373312513502
"puma_1210101","FL",6.07578527380474
"puma_1210102","FL",5.97950863493732
"puma_1210103","FL",6.04190708476348
"puma_1210104","FL",6.09446549728775
"puma_1210301","FL",6.05218216856998
"puma_1210302","FL",6.1202877309841
"puma_1210303","FL",6.16581844263997
"puma_1210304","FL",6.16581844263997
"puma_1210305","FL",6.16785242505386
"puma_1210306","FL",6.17143633441884
"puma_1210307","FL",6.19493174202698
"puma_1210308","FL",6.19851383780316
"puma_1210501","FL",6.11934607043527
"puma_1210502","FL",6.10186002786285
"puma_1210503","FL",6.14569261174305
"puma_1210504","FL",6.13327296659558
"puma_1210700","FL",5.82221412903729
"puma_1210900","FL",5.79455638431911
"puma_1211101","FL",6.18105947845509
"puma_1211102","FL",6.23247065434502
"puma_1211300","FL",5.49301578794225
"puma_1211501","FL",6.15599121969446
"puma_1211502","FL",6.15381139317957
"puma_1211503","FL",6.17832145400572
"puma_1211701","FL",6.03414989568486
"puma_1211702","FL",6.06242098791145
"puma_1211703","FL",6.10704419619084
"puma_1211704","FL",6.07935541354191
"puma_1212100","FL",5.54648826804985
"puma_1212701","FL",5.8815480796097
"puma_1212702","FL",5.91569571557942
"puma_1212703","FL",5.96575959105192
"puma_1212704","FL",5.99485182729959
"puma_1300100","GA",6.18874637617617
"puma_1300200","GA",6.10895662564502
"puma_1300300","GA",5.85649415854277
"puma_1300401","GA",5.98811799395659
"puma_1300402","GA",5.98893860629486
"puma_1300500","GA",5.97865711029215
"puma_1300600","GA",6.09004593837628
"puma_1300700","GA",5.91718018484273
"puma_1300800","GA",6.04541002770677
"puma_1300900","GA",5.89897767740012
"puma_1301001","GA",5.28447424408554
"puma_1301002","GA",4.97502104706395
"puma_1301003","GA",5.39854774868573
"puma_1301004","GA",5.40186869414954
"puma_1301005","GA",4.97676258143575
"puma_1301006","GA",5.33151289334715
"puma_1301007","GA",5.36082759995582
"puma_1301008","GA",5.31731969731483
"puma_1301100","GA",5.95010205962931
"puma_1301200","GA",5.88060852786698
"puma_1301300","GA",5.72241920943552
"puma_1301400","GA",5.64139638274105
"puma_1301500","GA",5.64313768403234
"puma_1301600","GA",5.53062111700285
"puma_1301700","GA",5.72960657279557
"puma_1301800","GA",5.63008559851077
"puma_1301900","GA",5.40480867187994
"puma_1302001","GA",5.32003238110894
"puma_1302002","GA",5.32178226054942
"puma_1302003","GA",5.32178226054942
"puma_1302004","GA",5.32178226054942
"puma_1302100","GA",5.30628087195901
"puma_1302200","GA",5.43703610874678
"puma_1302300","GA",5.12130893542762
"puma_1302400","GA",5.31260719557436
"puma_1302500","GA",5.16510008140236
"puma_1302600","GA",5.00991274010778
"puma_1302700","GA",5.1231725893367
"puma_1302800","GA",5.02896593809506
"puma_1302900","GA",5.19574800061631
"puma_1303001","GA",5.19777280173864
"puma_1303002","GA",5.13703441520957
"puma_1303003","GA",5.17278698669243
"puma_1303004","GA",5.26560517940325
"puma_1303005","GA",5.02479951189098
"puma_1303101","GA",4.97277968102736
"puma_1303102","GA",5.02434256961562
"puma_1303200","GA",4.74201296378013
"puma_1303300","GA",5.00135898542587
"puma_1303400","GA",5.17534246784853
"puma_1303500","GA",5.1074362929799
"puma_1303600","GA",5.38611548292302
"puma_1303700","GA",5.20210900424734
"puma_1303800","GA",5.22343475315075
"puma_1303900","GA",5.27969910693172
"puma_1304000","GA",5.73243244122009
"puma_1304001","GA",5.28346076981573
"puma_1304002","GA",5.07483385731714
"puma_1304003","GA",5.20545929545773
"puma_1304004","GA",5.16042630793474
"puma_1304005","GA",5.30345892523164
"puma_1304006","GA",5.32178226054942
"puma_1304100","GA",5.6497997800932
"puma_1304200","GA",5.48279891509071
"puma_1304300","GA",5.31227697344546
"puma_1304400","GA",5.22010190233097
"puma_1304500","GA",5.12765573264358
"puma_1304600","GA",5.37393577506457
"puma_1305001","GA",5.25792970760452
"puma_1305002","GA",5.31824474303975
"puma_1306001","GA",5.32226302164424
"puma_1306002","GA",5.26643735106339
"puma_1600100","ID",3.91087232856898
"puma_1600200","ID",4.06668373688953
"puma_1600300","ID",3.942226341618
"puma_1600400","ID",4.28778485804693
"puma_1600500","ID",4.4208420546976
"puma_1600600","ID",4.38171352192541
"puma_1600701","ID",4.42624438603626
"puma_1600702","ID",4.3844631549618
"puma_1600800","ID",4.44172234996803
"puma_1600900","ID",4.15725837192805
"puma_1601000","ID",3.96733606471093
"puma_1601100","ID",3.58714928177493
"puma_1601200","ID",3.72562280257271
"puma_1601300","ID",3.89221309484446
"puma_1700104","IL",4.25422412573443
"puma_1700105","IL",4.48908616234657
"puma_1700202","IL",4.52402590167458
"puma_1700300","IL",4.73457104979458
"puma_1700401","IL",4.80944550649323
"puma_1700501","IL",4.93712682962567
"puma_1700600","IL",4.80481110412253
"puma_1700700","IL",4.95012022602996
"puma_1700800","IL",5.22006249907708
"puma_1700900","IL",5.10891961004566
"puma_1701001","IL",5.02514298623234
"puma_1701104","IL",5.1844822630628
"puma_1701105","IL",5.12989857255178
"puma_1701204","IL",5.06182151097386
"puma_1701205","IL",5.16447492520009
"puma_1701300","IL",4.76480637101365
"puma_1701500","IL",4.81596568277401
"puma_1701602","IL",4.674628078049
"puma_1701701","IL",4.61289623211165
"puma_1701900","IL",4.59008820450235
"puma_1702000","IL",4.49241260495191
"puma_1702100","IL",4.59576376551408
"puma_1702200","IL",4.60772054476428
"puma_1702300","IL",4.49895221207557
"puma_1702400","IL",4.38941899368583
"puma_1702501","IL",4.46877434954858
"puma_1702601","IL",4.22742866969629
"puma_1702700","IL",4.22573194564988
"puma_1702801","IL",4.31633116770605
"puma_1702901","IL",4.2042452695387
"puma_1703005","IL",4.42843993992808
"puma_1703007","IL",4.40363015927576
"puma_1703008","IL",4.27570456575366
"puma_1703009","IL",4.2680379951167
"puma_1703102","IL",4.48109488633823
"puma_1703105","IL",4.46328755884948
"puma_1703106","IL",4.42328868699578
"puma_1703107","IL",4.44306522534261
"puma_1703108","IL",4.44593163415544
"puma_1703202","IL",4.30799296447448
"puma_1703203","IL",4.30799296447448
"puma_1703204","IL",4.30799296447448
"puma_1703205","IL",4.3468971304722
"puma_1703207","IL",4.36460056814562
"puma_1703208","IL",4.31703580626993
"puma_1703209","IL",4.3963054067228
"puma_1703306","IL",4.24542861860932
"puma_1703307","IL",4.24338017383253
"puma_1703308","IL",4.19442275046456
"puma_1703309","IL",4.25440251348067
"puma_1703310","IL",4.34351361706827
"puma_1703401","IL",4.26000963921439
"puma_1703407","IL",4.48862983710364
"puma_1703408","IL",4.54837161489788
"puma_1703409","IL",4.54496916751749
"puma_1703410","IL",4.48326115795622
"puma_1703411","IL",4.56884168075368
"puma_1703412","IL",4.42586357637613
"puma_1703413","IL",4.48829749646032
"puma_1703414","IL",4.41484974594899
"puma_1703415","IL",4.38248953740636
"puma_1703416","IL",4.40549544378701
"puma_1703417","IL",4.20805776860105
"puma_1703418","IL",4.23673777467231
"puma_1703419","IL",4.40459695813658
"puma_1703420","IL",4.46143989502828
"puma_1703421","IL",4.41566061241002
"puma_1703422","IL",4.42718169384821
"puma_1703501","IL",4.60780545233538
"puma_1703502","IL",4.6317529267888
"puma_1703503","IL",4.57950616105736
"puma_1703504","IL",4.56701593229652
"puma_1703520","IL",4.47573626844472
"puma_1703521","IL",4.54389855776236
"puma_1703522","IL",4.61662699665039
"puma_1703523","IL",4.56780969893043
"puma_1703524","IL",4.6317529267888
"puma_1703525","IL",4.6317529267888
"puma_1703526","IL",4.61493159676651
"puma_1703527","IL",4.54837161489788
"puma_1703528","IL",4.65615807208947
"puma_1703529","IL",4.70434955294598
"puma_1703530","IL",4.62690741744816
"puma_1703531","IL",4.71915407938221
"puma_1703532","IL",4.71915407938221
"puma_1703601","IL",4.21235043032146
"puma_1703602","IL",4.18068468487343
"puma_1703700","IL",4.3850863373584
"puma_1800101","IN",3.88418958395135
"puma_1800102","IN",3.77041807751565
"puma_1800103","IN",3.76797216331353
"puma_1800104","IN",3.75172587895898
"puma_1800200","IN",3.7883681251026
"puma_1800300","IN",3.78545340797966
"puma_1800401","IN",3.76471853095829
"puma_1800402","IN",3.74626823974544
"puma_1800500","IN",3.79042044181134
"puma_1800600","IN",3.70811182582675
"puma_1800700","IN",3.80491267713752
"puma_1800800","IN",3.76337389799518
"puma_1800900","IN",3.79888008396694
"puma_1801001","IN",3.83653568336814
"puma_1801002","IN",3.81583140671189
"puma_1801003","IN",3.80221394415542
"puma_1801100","IN",3.8631270881238
"puma_1801200","IN",3.98227552319354
"puma_1801300","IN",3.81128960463759
"puma_1801400","IN",3.83029132317227
"puma_1801500","IN",3.85439680971486
"puma_1801600","IN",4.05249301545943
"puma_1801700","IN",4.15032689865445
"puma_1801801","IN",3.948104424719
"puma_1801802","IN",3.94925493845357
"puma_1801803","IN",3.92471650825476
"puma_1801900","IN",3.96325388015292
"puma_1802000","IN",3.94438568333783
"puma_1802100","IN",3.96252248062757
"puma_1802200","IN",4.05464169282968
"puma_1802301","IN",4.09596628181276
"puma_1802302","IN",3.98897294045624
"puma_1802303","IN",3.91922397444793
"puma_1802304","IN",4.10050323950449
"puma_1802305","IN",3.96937192458937
"puma_1802306","IN",3.94327327698856
"puma_1802307","IN",3.99931719682984
"puma_1802400","IN",3.98538116775126
"puma_1802500","IN",3.98385365920651
"puma_1802600","IN",3.94221822772303
"puma_1802700","IN",4.19965524983213
"puma_1802800","IN",4.1284150517124
"puma_1802900","IN",4.1352489857643
"puma_1803000","IN",4.25799583270739
"puma_1803100","IN",4.08702637038466
"puma_1803200","IN",4.42836712314788
"puma_1803300","IN",4.64751144521835
"puma_1803400","IN",4.3773942731569
"puma_1803500","IN",4.48231827859223
"puma_1803600","IN",4.48638513213819
"puma_1900100","IA",2.93547238353235
"puma_1900200","IA",2.88636624592827
"puma_1900400","IA",2.97407591218445
"puma_1900500","IA",3.06039731331205
"puma_1900600","IA",2.98407564344513
"puma_1900700","IA",3.0564004257078
"puma_1900800","IA",3.22712265006204
"puma_1900900","IA",3.31772373037139
"puma_1901000","IA",3.20040874974688
"puma_1901100","IA",3.23989008079185
"puma_1901200","IA",3.06753433495989
"puma_1901300","IA",3.09897772924808
"puma_1901400","IA",3.17204190284194
"puma_1901500","IA",3.24622450687209
"puma_1901600","IA",3.19623553406584
"puma_1901700","IA",3.25034437493906
"puma_1901800","IA",3.20221713896457
"puma_1901900","IA",3.0375048025893
"puma_1902000","IA",3.0799861457807
"puma_1902100","IA",3.23801680760038
"puma_1902200","IA",3.25420953037988
"puma_1902300","IA",3.41524239253435
"puma_2000100","KS",4.42607677917104
"puma_2000200","KS",4.59586774080686
"puma_2000300","KS",4.57629366132498
"puma_2000400","KS",4.58929121317242
"puma_2000500","KS",4.7558504173293
"puma_2000601","KS",4.63085983627631
"puma_2000602","KS",4.7296638152466
"puma_2000603","KS",4.6637721880328
"puma_2000604","KS",4.7009481847187
"puma_2000700","KS",4.59108513862322
"puma_2000801","KS",4.65552090473777
"puma_2000802","KS",4.58148677563816
"puma_2000900","KS",4.70793635968925
"puma_2001000","KS",4.66738994935348
"puma_2001100","KS",4.80792552090672
"puma_2001200","KS",4.67202376028336
"puma_2001301","KS",4.8235660619006
"puma_2001302","KS",4.83716468513842
"puma_2001303","KS",4.87071526416674
"puma_2001304","KS",4.85134923184942
"puma_2001400","KS",4.7070126656223
"puma_2001500","KS",4.94354872640661
"puma_2100100","KY",5.4447908455623
"puma_2100200","KY",5.40671887012306
"puma_2100300","KY",5.37193748403643
"puma_2100400","KY",5.37950425227819
"puma_2100500","KY",5.39162605204901
"puma_2100600","KY",5.1990419047519
"puma_2100700","KY",5.16661524405429
"puma_2100800","KY",5.18169477020859
"puma_2100900","KY",5.17256008981395
"puma_2101000","KY",5.12491868436402
"puma_2101100","KY",5.04575021805229
"puma_2101200","KY",5.2056794966438
"puma_2101300","KY",5.08530915263681
"puma_2101400","KY",5.26659785563041
"puma_2101500","KY",5.46022141867142
"puma_2101600","KY",5.12282246915031
"puma_2101701","KY",5.3694792407763
"puma_2101702","KY",5.3107118192519
"puma_2101703","KY",5.17552422931856
"puma_2101704","KY",5.23165262292383
"puma_2101705","KY",5.2121498291846
"puma_2101706","KY",5.3694792407763
"puma_2101800","KY",4.97114193234601
"puma_2101901","KY",5.11210962960223
"puma_2101902","KY",5.11071871692241
"puma_2102000","KY",5.04782698911383
"puma_2102100","KY",5.12174140040326
"puma_2102200","KY",5.10756542478949
"puma_2102300","KY",5.01618393174341
"puma_2102400","KY",4.94114528870859
"puma_2102500","KY",4.93230593253123
"puma_2102600","KY",4.98501344097149
"puma_2102700","KY",4.96154565774171
"puma_2102800","KY",4.88204747564913
"puma_2200100","LA",7.71139535094199
"puma_2200101","LA",7.65085954772125
"puma_2200200","LA",7.59189687063965
"puma_2200300","LA",7.61125847274874
"puma_2200400","LA",7.63945296541621
"puma_2200500","LA",7.58138996336138
"puma_2200600","LA",7.88316393087488
"puma_2200700","LA",7.93096151924847
"puma_2200800","LA",8.16199535164592
"puma_2200900","LA",8.3420393812935
"puma_2201000","LA",8.26968471206011
"puma_2201100","LA",8.29299814231511
"puma_2201200","LA",8.29454038401581
"puma_2201201","LA",8.36728606100329
"puma_2201300","LA",8.44074949933045
"puma_2201400","LA",8.16473722574252
"puma_2201500","LA",8.22043145369885
"puma_2201501","LA",8.27699485413766
"puma_2201502","LA",8.31440120412084
"puma_2201600","LA",8.33259772345018
"puma_2201700","LA",8.22727258231535
"puma_2201800","LA",8.08429185050391
"puma_2201900","LA",8.48656330620832
"puma_2202000","LA",8.47622737605616
"puma_2202100","LA",8.5579374797702
"puma_2202200","LA",8.15491141314518
"puma_2202201","LA",8.2231220079945
"puma_2202300","LA",8.61147570830843
"puma_2202301","LA",8.64377333330729
"puma_2202302","LA",8.61244645842823
"puma_2202400","LA",8.65463599867211
"puma_2202401","LA",8.66731493605688
"puma_2202402","LA",8.63540402596896
"puma_2202500","LA",8.57943542029036
"puma_2300100","ME",2.7464674920874
"puma_2300200","ME",2.86216733272199
"puma_2300300","ME",2.9383078314086
"puma_2300400","ME",3.0300269329754
"puma_2300500","ME",3.05383787176043
"puma_2300600","ME",2.98593318586247
"puma_2300700","ME",3.09516393510049
"puma_2300800","ME",3.11245731854493
"puma_2300900","ME",3.11969438463207
"puma_2301000","ME",3.16179212309947
"puma_2400100","MD",4.42466660226607
"puma_2400200","MD",4.62517037291318
"puma_2400301","MD",4.72655893299101
"puma_2400302","MD",4.88328863608269
"puma_2400400","MD",4.71064426754841
"puma_2400501","MD",4.87042452980642
"puma_2400502","MD",4.86025763846631
"puma_2400503","MD",4.76836815159662
"puma_2400504","MD",4.79482011259354
"puma_2400505","MD",5.11392685322998
"puma_2400506","MD",5.18774135235422
"puma_2400507","MD",5.01041264795056
"puma_2400601","MD",4.98920627104032
"puma_2400602","MD",4.95487194166038
"puma_2400700","MD",4.82133968297433
"puma_2400801","MD",4.89930848789367
"puma_2400802","MD",5.07182707401114
"puma_2400803","MD",5.04455721951043
"puma_2400804","MD",5.24857943939755
"puma_2400805","MD",5.31808621616442
"puma_2400901","MD",4.80609303727551
"puma_2400902","MD",4.86984592374419
"puma_2401001","MD",4.79682670657036
"puma_2401002","MD",4.76598891394286
"puma_2401003","MD",4.9117747907241
"puma_2401004","MD",4.96496773141689
"puma_2401005","MD",4.93027834672508
"puma_2401006","MD",4.89589077741033
"puma_2401007","MD",5.03721405525978
"puma_2401101","MD",5.01875956852129
"puma_2401102","MD",4.88666285518897
"puma_2401103","MD",5.05267066737133
"puma_2401104","MD",5.03152486573372
"puma_2401105","MD",4.83160971160816
"puma_2401106","MD",5.01814198099423
"puma_2401107","MD",5.07274768320736
"puma_2401201","MD",4.84876106342188
"puma_2401202","MD",4.9407056011631
"puma_2401203","MD",5.14383233911604
"puma_2401204","MD",5.20515484331162
"puma_2401300","MD",5.06783041705252
"puma_2401400","MD",5.15225641626286
"puma_2401500","MD",5.13765083844457
"puma_2401600","MD",5.17471588453092
"puma_2500100","MA",4.17231965059394
"puma_2500200","MA",4.26633715154423
"puma_2500300","MA",4.37492183417365
"puma_2500301","MA",4.41389675114252
"puma_2500302","MA",4.32588307180836
"puma_2500303","MA",4.4304973784884
"puma_2500304","MA",4.42394649188778
"puma_2500400","MA",4.29579198162098
"puma_2500501","MA",4.41088261489694
"puma_2500502","MA",4.40716212174514
"puma_2500503","MA",4.57074721966465
"puma_2500504","MA",4.47312706807162
"puma_2500505","MA",4.61015622791685
"puma_2500506","MA",4.66554323728761
"puma_2500507","MA",4.73383312172383
"puma_2500508","MA",4.70962806761069
"puma_2500701","MA",4.53874350658094
"puma_2500702","MA",4.48615915773263
"puma_2500703","MA",4.48827739861192
"puma_2500704","MA",4.50475553483981
"puma_2501000","MA",4.52358845094008
"puma_2501300","MA",4.54281415472126
"puma_2501400","MA",4.49809818056852
"puma_2501600","MA",4.34866165959453
"puma_2501900","MA",4.41215633454751
"puma_2501901","MA",4.43085938648369
"puma_2501902","MA",4.45372979293991
"puma_2502400","MA",4.54218355250966
"puma_2502800","MA",4.53132240690286
"puma_2503301","MA",4.65320465594151
"puma_2503302","MA",4.76726869578679
"puma_2503303","MA",4.71880506093121
"puma_2503304","MA",4.65320465594151
"puma_2503305","MA",4.63870361892333
"puma_2503306","MA",4.7937842758243
"puma_2503400","MA",4.64097278766299
"puma_2503500","MA",4.50209415239511
"puma_2503601","MA",4.59060254933999
"puma_2503602","MA",4.53593982345218
"puma_2503603","MA",4.66837253867609
"puma_2503900","MA",4.73746425380442
"puma_2504000","MA",4.52427132078828
"puma_2504200","MA",4.63305658024917
"puma_2504301","MA",4.72163386455855
"puma_2504302","MA",4.86520924828672
"puma_2504303","MA",4.61333037464603
"puma_2504500","MA",4.7138178645815
"puma_2504700","MA",4.7068024298351
"puma_2504800","MA",4.75721495678991
"puma_2504901","MA",4.66089186414781
"puma_2504902","MA",4.69189233352549
"puma_2504903","MA",4.6533086324352
"puma_2600100","MI",3.83959574727305
"puma_2600200","MI",3.95737012161518
"puma_2600300","MI",4.08592676420517
"puma_2600400","MI",4.16125548581658
"puma_2600500","MI",4.36182921994654
"puma_2600600","MI",4.41152087013024
"puma_2600700","MI",4.63397842270938
"puma_2600801","MI",4.70850379023047
"puma_2600802","MI",4.74190950263274
"puma_2600900","MI",4.60100947699501
"puma_2601001","MI",4.68321880747304
"puma_2601002","MI",4.69898650472772
"puma_2601003","MI",4.69898650472772
"puma_2601004","MI",4.61001419346161
"puma_2601100","MI",4.36423650123246
"puma_2601200","MI",4.37032889965573
"puma_2601300","MI",4.20357973096552
"puma_2601400","MI",4.48545375391553
"puma_2601500","MI",4.49836423393515
"puma_2601600","MI",4.37238603803683
"puma_2601701","MI",4.49001020632725
"puma_2601702","MI",4.49630023725169
"puma_2601703","MI",4.49505977505282
"puma_2601704","MI",4.49739400384116
"puma_2601801","MI",4.65293258631384
"puma_2601802","MI",4.62763337810854
"puma_2601900","MI",4.56161487211749
"puma_2602000","MI",4.59978475246387
"puma_2602101","MI",4.73200403140893
"puma_2602102","MI",4.72818957677708
"puma_2602200","MI",4.65821146892289
"puma_2602300","MI",4.60327555837393
"puma_2602400","MI",4.84067008240397
"puma_2602500","MI",4.61062025234421
"puma_2602600","MI",4.62770078762256
"puma_2602701","MI",4.61888014543427
"puma_2602702","MI",4.65282265400253
"puma_2602703","MI",4.6422823166159
"puma_2602800","MI",4.53007538306882
"puma_2602901","MI",4.49815267030521
"puma_2602902","MI",4.52903794746062
"puma_2602903","MI",4.53361694356005
"puma_2602904","MI",4.56009455472553
"puma_2602905","MI",4.56509659154678
"puma_2602906","MI",4.55129429873143
"puma_2602907","MI",4.58798702651506
"puma_2602908","MI",4.736442961459
"puma_2603001","MI",4.53647310798181
"puma_2603002","MI",4.57917097906103
"puma_2603003","MI",4.72259976107433
"puma_2603004","MI",4.6330997211143
"puma_2603005","MI",4.74740838030019
"puma_2603006","MI",4.79611224536109
"puma_2603100","MI",4.59914988166561
"puma_2603201","MI",4.62579325893959
"puma_2603202","MI",4.61855321503073
"puma_2603203","MI",4.80245270760643
"puma_2603204","MI",4.81566189612257
"puma_2603205","MI",4.81653793290673
"puma_2603206","MI",4.81734895479333
"puma_2603207","MI",4.80078854433047
"puma_2603208","MI",4.7733011997617
"puma_2603209","MI",4.78279751940425
"puma_2603210","MI",4.81718940463002
"puma_2603211","MI",4.78234031864338
"puma_2603212","MI",4.783217289321
"puma_2603213","MI",4.7285545042765
"puma_2603300","MI",4.71496814117768
"puma_2700100","MN",2.44250276130867
"puma_2700200","MN",2.40468867866384
"puma_2700300","MN",2.46246520859849
"puma_2700400","MN",2.33510793168492
"puma_2700500","MN",2.41217355664992
"puma_2700600","MN",2.60063933839791
"puma_2700700","MN",2.51199554395286
"puma_2700800","MN",2.55416376755958
"puma_2700900","MN",2.63604923665136
"puma_2701000","MN",2.6565899518225
"puma_2701101","MN",2.66726194498911
"puma_2701102","MN",2.72919892114581
"puma_2701103","MN",2.71520937649793
"puma_2701201","MN",2.7618828328294
"puma_2701202","MN",2.76945082944836
"puma_2701301","MN",2.85356049034496
"puma_2701302","MN",2.83266008493826
"puma_2701303","MN",2.81527060281175
"puma_2701304","MN",2.79848645010825
"puma_2701401","MN",2.7257619612911
"puma_2701402","MN",2.76109379723846
"puma_2701403","MN",2.76919608089442
"puma_2701404","MN",2.76593881693804
"puma_2701405","MN",2.83022049373217
"puma_2701406","MN",2.83022408718033
"puma_2701407","MN",2.83564554425535
"puma_2701408","MN",2.77299156210877
"puma_2701409","MN",2.78547784649119
"puma_2701410","MN",2.80034721785152
"puma_2701501","MN",2.81029455276664
"puma_2701502","MN",2.76141950177449
"puma_2701503","MN",2.79398522959274
"puma_2701600","MN",2.77875887887508
"puma_2701700","MN",2.69636693604971
"puma_2701800","MN",2.65787615686767
"puma_2701900","MN",2.65468325200652
"puma_2702000","MN",2.70499858318587
"puma_2702100","MN",2.73304800084937
"puma_2702200","MN",2.74766595230336
"puma_2702300","MN",2.69720599709467
"puma_2702400","MN",2.69737056698719
"puma_2702500","MN",2.73420379391866
"puma_2702600","MN",2.80078575294822
"puma_2800100","MS",5.49181776683268
"puma_2800200","MS",5.22709824963124
"puma_2800300","MS",5.47062553555167
"puma_2800400","MS",5.47725637385081
"puma_2800500","MS",5.43250541469284
"puma_2800600","MS",5.65338060856072
"puma_2800700","MS",5.5824759509108
"puma_2800800","MS",5.67015031108573
"puma_2800900","MS",5.83908405060139
"puma_2801000","MS",6.00599620895378
"puma_2801100","MS",5.99469127703382
"puma_2801200","MS",5.98462189769754
"puma_2801300","MS",5.89765945073372
"puma_2801400","MS",5.79365073447274
"puma_2801500","MS",5.81445699240846
"puma_2801600","MS",6.04733234958164
"puma_2801700","MS",6.00203615697328
"puma_2801800","MS",6.13727917733463
"puma_2801900","MS",6.21409964067091
"puma_2802000","MS",6.46068714142047
"puma_2802100","MS",6.36007567653296
"puma_2900100","MO",3.65922263078061
"puma_2900200","MO",3.76911870472218
"puma_2900300","MO",3.70345506147615
"puma_2900400","MO",3.87745573999222
"puma_2900500","MO",3.96763180963813
"puma_2900600","MO",4.03066614786004
"puma_2900700","MO",3.8793425606528
"puma_2900800","MO",3.82343635370363
"puma_2900901","MO",3.83572583704814
"puma_2900902","MO",3.99582847714584
"puma_2900903","MO",3.96595881419043
"puma_2901001","MO",4.05171894990951
"puma_2901002","MO",3.90833598314207
"puma_2901003","MO",3.90519628682216
"puma_2901004","MO",3.92395385964825
"puma_2901005","MO",3.98645292887624
"puma_2901100","MO",3.92460853109539
"puma_2901200","MO",4.07912991757445
"puma_2901300","MO",4.0210467423381
"puma_2901400","MO",4.07980186498621
"puma_2901500","MO",3.98365067416483
"puma_2901600","MO",4.05799096442677
"puma_2901701","MO",3.96235973560385
"puma_2901702","MO",3.95147115370402
"puma_2901703","MO",3.95267964046735
"puma_2901801","MO",4.1238423652652
"puma_2901802","MO",4.12362728400049
"puma_2901803","MO",4.13114673251901
"puma_2901804","MO",4.04526502960313
"puma_2901805","MO",4.10591452480442
"puma_2901806","MO",4.01989703137377
"puma_2901807","MO",4.12833457381596
"puma_2901808","MO",4.08012994462029
"puma_2901901","MO",4.13686241844884
"puma_2901902","MO",4.11734831688253
"puma_2902001","MO",4.00614864736356
"puma_2902002","MO",3.99296778751394
"puma_2902100","MO",4.01349226283857
"puma_2902200","MO",4.20208214861046
"puma_2902300","MO",4.34680917656901
"puma_2902400","MO",4.16611395428181
"puma_2902500","MO",4.07369929930277
"puma_2902601","MO",3.99072755277884
"puma_2902602","MO",4.10683339881975
"puma_2902603","MO",4.10610328989572
"puma_2902700","MO",4.15830587692386
"puma_2902800","MO",4.25704155706986
"puma_3000100","MT",3.74399600414557
"puma_3000200","MT",4.00291785526152
"puma_3000300","MT",3.71995192771363
"puma_3000400","MT",3.91912661037163
"puma_3000500","MT",3.82823932329371
"puma_3000600","MT",3.92043086859318
"puma_3000700","MT",4.19895737856689
"puma_3100100","NE",3.67712650316768
"puma_3100200","NE",3.66523519265744
"puma_3100300","NE",3.82571221111251
"puma_3100400","NE",3.79694286262553
"puma_3100500","NE",3.82529835166737
"puma_3100600","NE",3.90257008576439
"puma_3100701","NE",3.79470121448452
"puma_3100702","NE",3.82022172364535
"puma_3100801","NE",3.89202518806465
"puma_3100802","NE",3.89799301590429
"puma_3100901","NE",3.76968311383808
"puma_3100902","NE",3.79535198143554
"puma_3100903","NE",3.81773269907238
"puma_3100904","NE",3.85841694926178
"puma_3200101","NV",4.55321398018862
"puma_3200102","NV",4.3925451159661
"puma_3200103","NV",4.53244294463845
"puma_3200200","NV",4.32926315023744
"puma_3200300","NV",4.40443730831483
"puma_3200401","NV",6.16843845533952
"puma_3200402","NV",6.17290855254943
"puma_3200403","NV",6.21823042934133
"puma_3200404","NV",6.20902904116499
"puma_3200405","NV",6.217102160892
"puma_3200406","NV",6.20040729905377
"puma_3200407","NV",6.03124178883839
"puma_3200408","NV",5.99046200558001
"puma_3200409","NV",6.25659114481162
"puma_3200410","NV",6.24361759844542
"puma_3200411","NV",6.19289983956277
"puma_3200412","NV",6.09798309070361
"puma_3200413","NV",6.09070269134125
"puma_3300100","NH",2.72928960636482
"puma_3300200","NH",2.90496195826916
"puma_3300300","NH",3.0427719374436
"puma_3300400","NH",2.98141258518708
"puma_3300500","NH",2.92630281454553
"puma_3300600","NH",3.05156065658165
"puma_3300700","NH",3.12275842765057
"puma_3300800","NH",3.17401760350842
"puma_3300900","NH",3.11342233263628
"puma_3301000","NH",3.12448128340914
"puma_3400101","NJ",4.6840264836203
"puma_3400102","NJ",4.53063791592925
"puma_3400301","NJ",4.50880694903602
"puma_3400302","NJ",4.51690785180365
"puma_3400303","NJ",4.57869791195555
"puma_3400304","NJ",4.48573090696377
"puma_3400305","NJ",3.84990816799371
"puma_3400306","NJ",4.20594088616816
"puma_3400307","NJ",4.50880694903602
"puma_3400308","NJ",3.96703542161813
"puma_3400400","NJ",4.2792464748583
"puma_3400501","NJ",4.4300283120681
"puma_3400502","NJ",4.27997645931305
"puma_3400503","NJ",4.20400089747652
"puma_3400601","NJ",4.58569116730661
"puma_3400602","NJ",4.54133365127537
"puma_3400701","NJ",4.58894859861647
"puma_3400702","NJ",4.60738922424328
"puma_3400703","NJ",4.54729110840025
"puma_3400800","NJ",4.20313604584986
"puma_3400901","NJ",4.41497156668292
"puma_3400902","NJ",4.38936017016395
"puma_3400903","NJ",4.4641988310018
"puma_3400904","NJ",4.44010622492058
"puma_3400905","NJ",4.45302743702743
"puma_3400906","NJ",4.38898015287781
"puma_3400907","NJ",4.40660379034825
"puma_3401001","NJ",4.20490532888708
"puma_3401002","NJ",4.30889358470338
"puma_3401003","NJ",4.25432204773032
"puma_3401101","NJ",4.49163413697624
"puma_3401102","NJ",4.43764755445318
"puma_3401103","NJ",4.49163413697624
"puma_3401104","NJ",4.51982158490082
"puma_3401105","NJ",4.46743660698383
"puma_3401106","NJ",4.44394379780775
"puma_3401201","NJ",4.46152037961645
"puma_3401202","NJ",4.40070921596188
"puma_3401203","NJ",4.40070921596188
"puma_3401204","NJ",4.40997398701664
"puma_3401205","NJ",4.4047534252307
"puma_3401301","NJ",4.53959255148152
"puma_3401302","NJ",4.54684840166702
"puma_3401401","NJ",4.51274762277019
"puma_3401402","NJ",4.45509121674228
"puma_3401403","NJ",4.29037804353346
"puma_3401404","NJ",4.25422358889464
"puma_3401501","NJ",4.18235953586997
"puma_3401502","NJ",4.05117689263239
"puma_3401503","NJ",4.23097388764626
"puma_3401504","NJ",4.23977738406056
"puma_3401600","NJ",4.05756477134055
"puma_3401700","NJ",4.12556656560502
"puma_3401800","NJ",4.55578692832537
"puma_3401901","NJ",4.44066896979513
"puma_3401902","NJ",4.35338465341956
"puma_3401903","NJ",4.45415971504587
"puma_3401904","NJ",4.42475117016729
"puma_3402001","NJ",4.50224250106725
"puma_3402002","NJ",4.54015128656954
"puma_3402003","NJ",4.53152996394115
"puma_3402101","NJ",4.8476706371895
"puma_3402102","NJ",4.66057136673859
"puma_3402103","NJ",4.45411370047049
"puma_3402104","NJ",4.60435560671597
"puma_3402201","NJ",4.51443427324417
"puma_3402202","NJ",4.4954859235873
"puma_3402301","NJ",4.43494592029927
"puma_3402302","NJ",4.39463950865638
"puma_3402303","NJ",4.40717715532273
"puma_3402400","NJ",4.48427125683396
"puma_3402500","NJ",4.60746602515547
"puma_3402600","NJ",4.60068707964777
"puma_3500100","NM",4.34066703349098
"puma_3500200","NM",4.5600466014522
"puma_3500300","NM",4.23717337050831
"puma_3500400","NM",5.0683567018954
"puma_3500500","NM",4.40824332201185
"puma_3500600","NM",4.96653412819148
"puma_3500700","NM",4.89669061740672
"puma_3500801","NM",4.9301684862251
"puma_3500802","NM",5.01726192681525
"puma_3500803","NM",5.05868345483527
"puma_3500804","NM",5.10054713367165
"puma_3500805","NM",5.13730960743487
"puma_3500806","NM",5.00701454285323
"puma_3500900","NM",5.28457504807236
"puma_3501001","NM",5.79110917272258
"puma_3501002","NM",5.83815166771631
"puma_3501100","NM",5.42601466613952
"puma_3501200","NM",5.72748924990419
"puma_3600100","NY",4.06990705213768
"puma_3600200","NY",4.07852809690087
"puma_3600300","NY",4.28149332049107
"puma_3600401","NY",4.21222954050229
"puma_3600402","NY",4.34049543860447
"puma_3600403","NY",4.26725268409224
"puma_3600500","NY",4.2166437186525
"puma_3600600","NY",4.4272543885047
"puma_3600701","NY",4.64972542233409
"puma_3600702","NY",4.47810010886151
"puma_3600703","NY",4.6269243439702
"puma_3600704","NY",4.40809628127024
"puma_3600800","NY",4.60644989329508
"puma_3600901","NY",4.59011414565559
"puma_3600902","NY",4.59011414565559
"puma_3600903","NY",4.59011414565559
"puma_3600904","NY",4.59011414565559
"puma_3600905","NY",4.6027708663402
"puma_3600906","NY",4.59099413249671
"puma_3601000","NY",4.63173622539387
"puma_3601101","NY",4.57892843897932
"puma_3601102","NY",4.63932003000314
"puma_3601201","NY",4.61605981170949
"puma_3601202","NY",4.60854908082539
"puma_3601203","NY",4.55951494673435
"puma_3601204","NY",4.60164930875414
"puma_3601205","NY",4.60670228154586
"puma_3601206","NY",4.62404922144837
"puma_3601207","NY",4.4288507655525
"puma_3601300","NY",4.43673135029972
"puma_3601400","NY",4.56915440198035
"puma_3601500","NY",4.25398676240377
"puma_3601600","NY",4.25992084859297
"puma_3601700","NY",4.53540472570869
"puma_3601801","NY",4.57358860425582
"puma_3601802","NY",4.47528543260493
"puma_3601900","NY",4.5918439074063
"puma_3602001","NY",4.57839516101841
"puma_3602002","NY",4.56023539806295
"puma_3602100","NY",4.64272400491106
"puma_3602201","NY",4.4387680378257
"puma_3602202","NY",4.42147574647226
"puma_3602203","NY",4.30813138222111
"puma_3602300","NY",4.37370459496731
"puma_3602401","NY",4.39546905545625
"puma_3602402","NY",4.35032658071409
"puma_3602500","NY",4.2853934421557
"puma_3602600","NY",4.58332529661485
"puma_3602701","NY",4.40000212880007
"puma_3602702","NY",4.57478936687909
"puma_3602801","NY",4.60861004788381
"puma_3602802","NY",4.80433093378471
"puma_3602901","NY",4.79494602663181
"puma_3602902","NY",4.83882708297077
"puma_3602903","NY",4.84834972548942
"puma_3603001","NY",4.13881316869374
"puma_3603002","NY",4.25050394073297
"puma_3603003","NY",4.55058284304539
"puma_3603101","NY",4.7924556427134
"puma_3603102","NY",4.8703130170929
"puma_3603103","NY",4.91345038808126
"puma_3603104","NY",5.01042583159186
"puma_3603105","NY",5.12977594416311
"puma_3603106","NY",5.25113973578134
"puma_3603107","NY",5.32500287144137
"puma_3603201","NY",5.40416210736593
"puma_3603202","NY",5.33192626455515
"puma_3603203","NY",5.24516697851459
"puma_3603204","NY",5.39144478130308
"puma_3603205","NY",5.38448306158255
"puma_3603206","NY",5.3012863777348
"puma_3603207","NY",5.32827517163653
"puma_3603208","NY",5.22906455517432
"puma_3603209","NY",5.28709981077534
"puma_3603210","NY",5.16095065841081
"puma_3603211","NY",5.29616235018998
"puma_3603212","NY",5.28843366143903
"puma_3603301","NY",5.18011487249683
"puma_3603302","NY",5.18522137858166
"puma_3603303","NY",5.17019523368413
"puma_3603304","NY",5.27103388843499
"puma_3603305","NY",5.04161494514363
"puma_3603306","NY",5.09525147997127
"puma_3603307","NY",5.2083732471888
"puma_3603308","NY",5.17882028093303
"puma_3603309","NY",5.11855549718149
"puma_3603310","NY",5.1357756011894
"puma_3603311","NY",5.14816923534504
"puma_3603312","NY",5.19729414458135
"puma_3603313","NY",5.19729414458135
"puma_3603701","NY",5.44433721071521
"puma_3603702","NY",5.44433721071521
"puma_3603703","NY",5.44433721071521
"puma_3603704","NY",5.44433721071521
"puma_3603705","NY",5.45033654726206
"puma_3603706","NY",5.44433721071521
"puma_3603707","NY",5.44433721071521
"puma_3603708","NY",5.46237841273437
"puma_3603709","NY",5.44433721071521
"puma_3603710","NY",5.48205670836514
"puma_3603801","NY",5.44579772841865
"puma_3603802","NY",5.44689925774547
"puma_3603803","NY",5.44689925774547
"puma_3603804","NY",5.44751358425193
"puma_3603805","NY",5.44689925774547
"puma_3603806","NY",5.44689925774547
"puma_3603807","NY",5.44689925774547
"puma_3603808","NY",5.44689925774547
"puma_3603809","NY",5.44689925774547
"puma_3603810","NY",5.44689980304374
"puma_3603901","NY",5.37515534084267
"puma_3603902","NY",5.4253550500434
"puma_3603903","NY",5.4088076348678
"puma_3604001","NY",5.44689925774547
"puma_3604002","NY",5.47683811838896
"puma_3604003","NY",5.45667645863413
"puma_3604004","NY",5.45917212503716
"puma_3604005","NY",5.48481646220888
"puma_3604006","NY",5.48761504350999
"puma_3604007","NY",5.48835533276329
"puma_3604008","NY",5.47692380973743
"puma_3604009","NY",5.48761504350999
"puma_3604010","NY",5.48761504350999
"puma_3604011","NY",5.48761504350999
"puma_3604012","NY",5.48761504350999
"puma_3604013","NY",5.48761504350999
"puma_3604014","NY",5.48761504350999
"puma_3604015","NY",5.48761504350999
"puma_3604016","NY",5.48761504350999
"puma_3604017","NY",5.48761504350999
"puma_3604018","NY",5.48761504350999
"puma_3604101","NY",5.47525473258337
"puma_3604102","NY",5.49072556420049
"puma_3604103","NY",5.48165573024391
"puma_3604104","NY",5.43570089918008
"puma_3604105","NY",5.39931606840643
"puma_3604106","NY",5.44272780198212
"puma_3604107","NY",5.49072556420049
"puma_3604108","NY",5.49072556420049
"puma_3604109","NY",5.48434885919238
"puma_3604110","NY",5.49072556420049
"puma_3604111","NY",5.45543187055883
"puma_3604112","NY",5.4010513724712
"puma_3604113","NY",5.40359476456414
"puma_3604114","NY",5.40413513455242
"puma_3700100","NC",5.47017132402934
"puma_3700200","NC",6.10969704307814
"puma_3700300","NC",6.40264646762768
"puma_3700400","NC",6.47853120355159
"puma_3700500","NC",6.48381934974049
"puma_3700600","NC",6.67964356727159
"puma_3700700","NC",6.95172412588233
"puma_3700800","NC",7.06144158204994
"puma_3700900","NC",6.76969042292837
"puma_3701000","NC",7.02825579995416
"puma_3701100","NC",6.75447359967184
"puma_3701201","NC",6.93988221009584
"puma_3701202","NC",6.82613566939296
"puma_3701203","NC",6.66410026907982
"puma_3701204","NC",6.81801533021198
"puma_3701205","NC",6.90227385917899
"puma_3701206","NC",6.81623117628418
"puma_3701207","NC",6.78996839779773
"puma_3701208","NC",6.74058483594141
"puma_3701301","NC",6.66463465617428
"puma_3701302","NC",6.56632037783404
"puma_3701400","NC",6.73793978171146
"puma_3701500","NC",6.76368193561362
"puma_3701600","NC",6.65531840666921
"puma_3701701","NC",6.66341233164264
"puma_3701702","NC",6.66341233164264
"puma_3701703","NC",6.62858751276563
"puma_3701704","NC",6.87545241679126
"puma_3701801","NC",6.68676636709559
"puma_3701802","NC",6.76190899326777
"puma_3701803","NC",6.56746144957044
"puma_3701900","NC",6.29099604018477
"puma_3702000","NC",6.54538235936733
"puma_3702100","NC",6.37498207320239
"puma_3702201","NC",6.23197560315164
"puma_3702202","NC",6.03042505239264
"puma_3702300","NC",6.02879776449462
"puma_3702400","NC",6.23698780697722
"puma_3702500","NC",6.25748162631849
"puma_3702600","NC",6.60937103975832
"puma_3702700","NC",6.70345150763979
"puma_3702800","NC",6.63244858783492
"puma_3702900","NC",6.25734292790042
"puma_3703001","NC",6.82539560971692
"puma_3703002","NC",6.85604643255981
"puma_3703101","NC",6.85282322480015
"puma_3703102","NC",6.81533804361072
"puma_3703103","NC",6.83948367424954
"puma_3703104","NC",6.86674660910014
"puma_3703105","NC",6.81533804361072
"puma_3703106","NC",6.81651293863671
"puma_3703107","NC",6.88130871413876
"puma_3703108","NC",6.89006304747477
"puma_3703200","NC",6.82010127123253
"puma_3703300","NC",6.81099868745941
"puma_3703400","NC",6.6580546455174
"puma_3703500","NC",6.74048842332537
"puma_3703600","NC",6.79812844636698
"puma_3703700","NC",6.83742801838574
"puma_3703800","NC",6.95598913135176
"puma_3703900","NC",6.98058959294809
"puma_3704000","NC",7.12891741198542
"puma_3704100","NC",7.17326572928426
"puma_3704200","NC",7.0692335464916
"puma_3704300","NC",7.31726958125537
"puma_3704400","NC",7.35822735564571
"puma_3704500","NC",7.27013202281155
"puma_3704600","NC",7.3619577898328
"puma_3704700","NC",7.50822550500742
"puma_3704800","NC",7.48689175057945
"puma_3704900","NC",7.14777594598626
"puma_3705001","NC",7.06346068584315
"puma_3705002","NC",7.13801471347421
"puma_3705003","NC",7.24553997332906
"puma_3705100","NC",7.16256004295315
"puma_3705200","NC",6.97960963005592
"puma_3705300","NC",6.9332561541606
"puma_3705400","NC",6.95331898659443
"puma_3800100","ND",3.08613137091233
"puma_3800200","ND",3.01722389355758
"puma_3800300","ND",3.14123369645657
"puma_3800400","ND",2.98283880788654
"puma_3800500","ND",3.10850562448366
"puma_3900100","OH",3.65283050970128
"puma_3900200","OH",3.66237102913717
"puma_3900300","OH",3.71797237792538
"puma_3900400","OH",3.7850657099092
"puma_3900500","OH",3.83812436989898
"puma_3900600","OH",3.77091338146014
"puma_3900700","OH",3.75240617913903
"puma_3900801","OH",3.81301168829161
"puma_3900802","OH",3.83222742337328
"puma_3900901","OH",3.84722352658261
"puma_3900902","OH",3.85601850889998
"puma_3900903","OH",3.87177170614364
"puma_3900904","OH",3.89491780860614
"puma_3900905","OH",3.89450736457717
"puma_3900906","OH",3.95963131978728
"puma_3900907","OH",3.95963131978728
"puma_3900908","OH",3.95963131978728
"puma_3900909","OH",3.93413460470703
"puma_3900910","OH",3.83889560499723
"puma_3901000","OH",3.72243034051821
"puma_3901100","OH",3.79192557850567
"puma_3901200","OH",3.58446528332579
"puma_3901300","OH",3.62245775797322
"puma_3901400","OH",3.58960086862629
"puma_3901500","OH",3.58878259652949
"puma_3901600","OH",3.67967845746458
"puma_3901700","OH",3.67014841603868
"puma_3901801","OH",3.88491525041783
"puma_3901802","OH",3.83456854200575
"puma_3901803","OH",3.81289651945069
"puma_3901804","OH",3.87706695730323
"puma_3901805","OH",3.81098872373994
"puma_3901900","OH",3.70522206497485
"puma_3902000","OH",3.72950717660532
"puma_3902100","OH",3.67457659238019
"puma_3902200","OH",3.66176746901039
"puma_3902300","OH",3.70656403796217
"puma_3902400","OH",3.77773223397289
"puma_3902500","OH",3.77191721004192
"puma_3902600","OH",3.79848611168979
"puma_3902700","OH",3.7754606385671
"puma_3902800","OH",3.66189569033716
"puma_3902900","OH",3.83490183659004
"puma_3903000","OH",3.7558853521185
"puma_3903100","OH",3.7167468982247
"puma_3903200","OH",3.714214697663
"puma_3903300","OH",3.70017839267139
"puma_3903400","OH",3.70883157330334
"puma_3903500","OH",3.89709092662924
"puma_3903600","OH",3.9764390998308
"puma_3903700","OH",3.88403021403823
"puma_3903800","OH",3.83698584300026
"puma_3903900","OH",3.98217523215853
"puma_3904000","OH",3.9145713796979
"puma_3904101","OH",4.0239399726785
"puma_3904102","OH",3.98298134314287
"puma_3904103","OH",3.92110334393786
"puma_3904104","OH",3.91269276492984
"puma_3904105","OH",3.92118722665649
"puma_3904106","OH",4.00619421134914
"puma_3904107","OH",3.97884347149152
"puma_3904108","OH",3.99689543329991
"puma_3904109","OH",3.94700883799888
"puma_3904110","OH",3.92198590791413
"puma_3904111","OH",3.91269276492984
"puma_3904200","OH",3.89728246598204
"puma_3904300","OH",3.80214226165604
"puma_3904400","OH",3.92382373571587
"puma_3904500","OH",3.759886737374
"puma_3904601","OH",3.95921690964419
"puma_3904602","OH",3.94135345954522
"puma_3904603","OH",4.02958110179613
"puma_3904604","OH",4.00693099267237
"puma_3904700","OH",4.0393511244278
"puma_3904800","OH",3.9883257722074
"puma_3904900","OH",3.93770076709387
"puma_3905000","OH",4.05403392651468
"puma_3905100","OH",4.15923355546371
"puma_3905200","OH",3.93675332197957
"puma_3905301","OH",3.99647387353288
"puma_3905302","OH",3.98887730202911
"puma_3905401","OH",4.01790993096358
"puma_3905402","OH",4.03793548658736
"puma_3905403","OH",4.00997868157749
"puma_3905501","OH",4.0735804349548
"puma_3905502","OH",4.04210478573912
"puma_3905503","OH",4.04454994584801
"puma_3905504","OH",4.11359701869888
"puma_3905505","OH",4.13933258258906
"puma_3905506","OH",4.07017500783664
"puma_3905507","OH",4.07192636759133
"puma_3905600","OH",4.03461384386193
"puma_3905700","OH",4.00439997542294
"puma_4000100","OK",6.44353393321616
"puma_4000200","OK",6.67448545682307
"puma_4000300","OK",6.8690787852206
"puma_4000400","OK",6.53251704899455
"puma_4000500","OK",6.15285236678674
"puma_4000601","OK",6.82397124961782
"puma_4000602","OK",6.71383277578189
"puma_4000701","OK",6.92109540400598
"puma_4000702","OK",6.92338835015889
"puma_4000800","OK",6.5943891266213
"puma_4000900","OK",6.68827696931971
"puma_4001001","OK",6.7325128389592
"puma_4001002","OK",6.61873613199485
"puma_4001003","OK",6.5435921975747
"puma_4001004","OK",6.71249206713802
"puma_4001005","OK",6.78017978492605
"puma_4001006","OK",6.64945554943554
"puma_4001101","OK",6.69618205532296
"puma_4001102","OK",6.5766117868681
"puma_4001201","OK",6.59933706767404
"puma_4001202","OK",6.57297896120415
"puma_4001203","OK",6.64535381073197
"puma_4001204","OK",6.54679374736512
"puma_4001301","OK",6.51190689825796
"puma_4001302","OK",6.69298655749896
"puma_4001400","OK",6.31118255305603
"puma_4001501","OK",6.60312022434383
"puma_4001601","OK",6.41343315850639
"puma_4100100","OR",5.40523362578893
"puma_4100200","OR",5.29692835487193
"puma_4100300","OR",5.09805834593226
"puma_4100400","OR",4.84618491213887
"puma_4100500","OR",5.78186174813182
"puma_4100600","OR",5.9290407581052
"puma_4100703","OR",5.88555444113374
"puma_4100704","OR",5.91415432774435
"puma_4100705","OR",5.88303022454711
"puma_4100800","OR",6.04696333800808
"puma_4100901","OR",6.00699081625757
"puma_4100902","OR",5.84599295192057
"puma_4101000","OR",6.24115246719503
"puma_4101103","OR",5.97211115257254
"puma_4101104","OR",5.97211115257254
"puma_4101105","OR",5.94344284064304
"puma_4101200","OR",5.89399667055573
"puma_4101301","OR",6.18391251379648
"puma_4101302","OR",6.1329994803643
"puma_4101303","OR",6.18025382408857
"puma_4101305","OR",6.19021707512377
"puma_4101314","OR",6.22122075986556
"puma_4101316","OR",6.00591345360608
"puma_4101317","OR",5.98341364313813
"puma_4101318","OR",6.29945471650773
"puma_4101319","OR",6.18226076985153
"puma_4101320","OR",6.08947573967327
"puma_4101321","OR",6.0623000342942
"puma_4101322","OR",6.02794805287131
"puma_4101323","OR",6.34959211442655
"puma_4101324","OR",6.25445777468719
"puma_4200101","PA",4.14396873959433
"puma_4200102","PA",4.10057520451004
"puma_4200200","PA",3.91997770029447
"puma_4200300","PA",3.80041667795894
"puma_4200400","PA",3.85694381192681
"puma_4200500","PA",3.79635598783176
"puma_4200600","PA",3.9552477812778
"puma_4200701","PA",4.10502725260212
"puma_4200702","PA",3.96861781101602
"puma_4200801","PA",4.06612694830685
"puma_4200802","PA",3.93079445753954
"puma_4200803","PA",3.96067722109845
"puma_4200900","PA",4.23021498857913
"puma_4201000","PA",4.14598406333451
"puma_4201100","PA",4.23890372992435
"puma_4201200","PA",4.0833438760722
"puma_4201300","PA",3.92055334881453
"puma_4201400","PA",4.02050592591357
"puma_4201501","PA",4.18271153120542
"puma_4201502","PA",4.38221904270954
"puma_4201600","PA",4.10966293509334
"puma_4201701","PA",4.36692223497322
"puma_4201702","PA",4.36687299136646
"puma_4201801","PA",4.33813002730124
"puma_4201802","PA",4.30070158640296
"puma_4201803","PA",4.36668948063436
"puma_4201804","PA",4.33235354889913
"puma_4201805","PA",4.34800118851694
"puma_4201806","PA",4.36685403063947
"puma_4201807","PA",4.3342068264697
"puma_4201900","PA",4.11423232362454
"puma_4202001","PA",4.24663980228326
"puma_4202002","PA",4.28322398419845
"puma_4202003","PA",4.22246636868147
"puma_4202100","PA",4.14991563107264
"puma_4202200","PA",4.11056094730651
"puma_4202301","PA",4.38646286347238
"puma_4202302","PA",4.41051194106133
"puma_4202401","PA",4.38792255737665
"puma_4202402","PA",4.38728065781004
"puma_4202500","PA",4.29249868798124
"puma_4202600","PA",4.39388309905751
"puma_4202701","PA",4.35651956568052
"puma_4202702","PA",4.4268526475876
"puma_4202703","PA",4.41983970148899
"puma_4202801","PA",4.18267811509953
"puma_4202802","PA",4.29622119166264
"puma_4202803","PA",4.27453730453471
"puma_4202901","PA",4.28759562486014
"puma_4202902","PA",4.27276521910693
"puma_4203001","PA",4.34512136699955
"puma_4203002","PA",4.50597296040876
"puma_4203003","PA",4.494020807644
"puma_4203004","PA",4.48305731355276
"puma_4203101","PA",4.45135648753457
"puma_4203102","PA",4.38487657983186
"puma_4203103","PA",4.63762859579049
"puma_4203104","PA",4.5593025636865
"puma_4203105","PA",4.60611063057052
"puma_4203106","PA",4.64004093945946
"puma_4203201","PA",4.62231493061132
"puma_4203202","PA",4.64245832529265
"puma_4203203","PA",4.69122764138422
"puma_4203204","PA",4.92045527310385
"puma_4203205","PA",4.97255290358449
"puma_4203206","PA",4.87309025173684
"puma_4203207","PA",4.89394934054342
"puma_4203208","PA",4.89008270187845
"puma_4203209","PA",4.93675508646439
"puma_4203210","PA",4.85258031525896
"puma_4203211","PA",4.93440848101424
"puma_4203301","PA",4.63726332604769
"puma_4203302","PA",4.7822347470071
"puma_4203303","PA",4.78265491776922
"puma_4203304","PA",4.75183666052102
"puma_4203401","PA",4.44883200141912
"puma_4203402","PA",4.36965850283513
"puma_4203403","PA",4.36229297135761
"puma_4203404","PA",4.40370123367488
"puma_4203501","PA",4.4555571955945
"puma_4203502","PA",4.43846788242771
"puma_4203503","PA",4.45166141628588
"puma_4203504","PA",4.44703095538177
"puma_4203601","PA",4.56536137577929
"puma_4203602","PA",4.45834637528603
"puma_4203603","PA",4.45808696929705
"puma_4203701","PA",4.37692189722004
"puma_4203702","PA",4.42006195647811
"puma_4203800","PA",4.04681032732254
"puma_4203900","PA",4.24484518469897
"puma_4204001","PA",4.12383031762553
"puma_4204002","PA",4.31010399879407
"puma_4400101","RI",4.70180864967921
"puma_4400102","RI",4.74510507231498
"puma_4400103","RI",4.91303143717795
"puma_4400104","RI",4.91303143717795
"puma_4400201","RI",4.89693631736609
"puma_4400300","RI",4.96144620047329
"puma_4400400","RI",4.7612793841878
"puma_4500101","SC",6.89515348053759
"puma_4500102","SC",6.85222022206861
"puma_4500103","SC",6.93221619861279
"puma_4500104","SC",6.89130725762805
"puma_4500105","SC",6.94823666925826
"puma_4500200","SC",6.99482231653471
"puma_4500301","SC",6.96696130418428
"puma_4500302","SC",6.86070802572427
"puma_4500400","SC",6.87370531115571
"puma_4500501","SC",6.87347051024036
"puma_4500502","SC",7.08428561494049
"puma_4500601","SC",7.24056135315743
"puma_4500602","SC",7.425669841951
"puma_4500603","SC",7.28962658349414
"puma_4500604","SC",7.65309872085388
"puma_4500605","SC",7.26793113777619
"puma_4500700","SC",7.03556134138427
"puma_4500800","SC",7.37331046959535
"puma_4500900","SC",7.34328190269249
"puma_4501000","SC",7.44699595839778
"puma_4501101","SC",7.5147533830043
"puma_4501102","SC",7.52158841407026
"puma_4501201","SC",7.60727878810091
"puma_4501202","SC",8.01919064329685
"puma_4501203","SC",7.76714758889913
"puma_4501204","SC",7.88426472764665
"puma_4501300","SC",7.54119938184515
"puma_4501400","SC",8.03161580418382
"puma_4501500","SC",7.40528254015523
"puma_4501600","SC",7.12431105970862
"puma_4600100","SD",2.78883485267558
"puma_4600200","SD",2.76310356970881
"puma_4600300","SD",2.4864168546267
"puma_4600400","SD",2.64182618211669
"puma_4600500","SD",2.7113971381604
"puma_4600600","SD",2.64269287024445
"puma_4700100","TN",6.28322952306895
"puma_4700200","TN",6.24069747238646
"puma_4700300","TN",6.25194263681682
"puma_4700400","TN",6.14458267357975
"puma_4700500","TN",6.14827521580655
"puma_4700600","TN",6.33899549316198
"puma_4700700","TN",6.09042440747317
"puma_4700800","TN",6.0499428494891
"puma_4700900","TN",5.92196142400568
"puma_4701000","TN",6.10421390015455
"puma_4701100","TN",5.98467083424754
"puma_4701200","TN",5.96277256348625
"puma_4701300","TN",6.02280157195746
"puma_4701400","TN",6.13545668090494
"puma_4701500","TN",6.03328197075318
"puma_4701601","TN",6.17361499847268
"puma_4701602","TN",6.18834879316341
"puma_4701603","TN",6.22253975177792
"puma_4701604","TN",6.3145699171621
"puma_4701700","TN",6.38528149788024
"puma_4701800","TN",6.3179707461428
"puma_4701900","TN",6.3478166020797
"puma_4702001","TN",6.53756487519516
"puma_4702002","TN",6.52131791742302
"puma_4702003","TN",6.28507614103231
"puma_4702100","TN",6.23817699176784
"puma_4702200","TN",6.3560558431623
"puma_4702300","TN",6.19631574037672
"puma_4702401","TN",6.15799225544807
"puma_4702402","TN",6.21029871392158
"puma_4702501","TN",6.33038163726374
"puma_4702502","TN",6.13708287742292
"puma_4702503","TN",6.35573877369803
"puma_4702504","TN",6.30828416772695
"puma_4702505","TN",6.22689803908548
"puma_4702600","TN",6.2361851106033
"puma_4702700","TN",6.25992586079933
"puma_4702800","TN",6.27534171818314
"puma_4702900","TN",6.47555328571269
"puma_4703000","TN",6.36277214348664
"puma_4703100","TN",6.51969607485693
"puma_4703201","TN",6.66421981479649
"puma_4703202","TN",6.65502310457798
"puma_4703203","TN",6.62547704389028
"puma_4703204","TN",6.67213388123784
"puma_4703205","TN",6.55853587797695
"puma_4703206","TN",6.59811141015331
"puma_4703207","TN",6.6408866859985
"puma_4703208","TN",6.83164745675946
"puma_4800100","TX",6.09295101855866
"puma_4800200","TX",6.10873861426214
"puma_4800300","TX",6.06301487907834
"puma_4800400","TX",6.46305687358559
"puma_4800501","TX",6.63927604956245
"puma_4800502","TX",6.63195843989889
"puma_4800600","TX",6.91910885508042
"puma_4800700","TX",6.91863601666185
"puma_4800800","TX",6.93631703704028
"puma_4800900","TX",7.33087693612281
"puma_4801000","TX",7.07115059291271
"puma_4801100","TX",7.1386164824619
"puma_4801200","TX",7.28711454828053
"puma_4801300","TX",7.20345845720655
"puma_4801400","TX",7.33005332919877
"puma_4801501","TX",7.45491456931496
"puma_4801502","TX",7.52780507256477
"puma_4801600","TX",7.39011521732484
"puma_4801700","TX",7.41742248044468
"puma_4801800","TX",7.39724135825052
"puma_4801901","TX",7.3138433475348
"puma_4801902","TX",7.3138433475348
"puma_4801903","TX",7.3138433475348
"puma_4801904","TX",7.26569276866557
"puma_4801905","TX",6.88289900166633
"puma_4801906","TX",7.09551765065098
"puma_4801907","TX",7.19555185093578
"puma_4802001","TX",7.31621799732115
"puma_4802002","TX",7.21822620236979
"puma_4802003","TX",7.21372948600764
"puma_4802004","TX",7.25954778978695
"puma_4802005","TX",7.19209167198557
"puma_4802006","TX",7.14914722527837
"puma_4802101","TX",7.28110593899417
"puma_4802102","TX",7.27124611550452
"puma_4802200","TX",7.1568634521431
"puma_4802301","TX",7.32126574803227
"puma_4802302","TX",7.31507286640947
"puma_4802303","TX",7.31599752617762
"puma_4802304","TX",7.37947657560491
"puma_4802305","TX",7.41477960281312
"puma_4802306","TX",7.44478596770639
"puma_4802307","TX",7.37017892625598
"puma_4802308","TX",7.3138433475348
"puma_4802309","TX",7.3138433475348
"puma_4802310","TX",7.43819716231201
"puma_4802311","TX",7.54288250839685
"puma_4802312","TX",7.54288250839685
"puma_4802313","TX",7.54288250839685
"puma_4802314","TX",7.48325898958872
"puma_4802315","TX",7.47738158057519
"puma_4802316","TX",7.45476347480924
"puma_4802317","TX",7.4338723103579
"puma_4802318","TX",7.24514086827863
"puma_4802319","TX",7.40855163672789
"puma_4802320","TX",7.46129169102879
"puma_4802321","TX",7.43596541606515
"puma_4802322","TX",7.40853610135944
"puma_4802400","TX",7.1816394009148
"puma_4802501","TX",7.24003628338405
"puma_4802502","TX",7.30555232762609
"puma_4802503","TX",7.35261825621119
"puma_4802504","TX",7.46726387543288
"puma_4802505","TX",7.46726387543288
"puma_4802506","TX",7.28660563735843
"puma_4802507","TX",7.39947424628665
"puma_4802508","TX",7.37825066286084
"puma_4802509","TX",7.33543648305241
"puma_4802510","TX",7.36150130704526
"puma_4802511","TX",7.32392544327424
"puma_4802512","TX",7.37211023398896
"puma_4802513","TX",7.31929433205444
"puma_4802514","TX",7.37090599373704
"puma_4802515","TX",7.47779491654866
"puma_4802516","TX",7.31288847475833
"puma_4802600","TX",7.11782850082967
"puma_4802700","TX",7.20474487308193
"puma_4802800","TX",7.141400465345
"puma_4802900","TX",7.26061295178109
"puma_4803000","TX",7.30714077894187
"puma_4803100","TX",7.3487749315169
"puma_4803200","TX",7.19983262769237
"puma_4803301","TX",7.21662772723792
"puma_4803302","TX",7.26393270437657
"puma_4803303","TX",7.26571900075159
"puma_4803304","TX",7.28026799930175
"puma_4803305","TX",7.24256801705194
"puma_4803306","TX",7.20399173333654
"puma_4803400","TX",7.60636871734734
"puma_4803501","TX",7.68123065817688
"puma_4803502","TX",7.59408353336863
"puma_4803601","TX",7.66541153279292
"puma_4803602","TX",7.97004840143621
"puma_4803700","TX",7.45496645350937
"puma_4803801","TX",7.54050333838678
"puma_4803802","TX",7.50804640521644
"puma_4803900","TX",7.77264730236085
"puma_4804000","TX",7.56310201019801
"puma_4804100","TX",7.64437350786359
"puma_4804200","TX",7.92187398226537
"puma_4804301","TX",8.03584911554283
"puma_4804302","TX",8.14434049179713
"puma_4804400","TX",7.99416491743808
"puma_4804501","TX",7.87904628834745
"puma_4804502","TX",7.96161631979737
"puma_4804503","TX",7.9784998172281
"puma_4804504","TX",8.09254888497919
"puma_4804601","TX",8.3043990850916
"puma_4804602","TX",8.3043990850916
"puma_4804603","TX",8.3099912695883
"puma_4804604","TX",8.3043990850916
"puma_4804605","TX",8.31362701087476
"puma_4804606","TX",8.26548350897784
"puma_4804607","TX",8.18080868577333
"puma_4804608","TX",8.20343942945462
"puma_4804609","TX",8.221495131634
"puma_4804610","TX",8.17511496177881
"puma_4804611","TX",8.14774653279325
"puma_4804612","TX",8.31063977597498
"puma_4804613","TX",8.33764448575936
"puma_4804614","TX",8.34552019063236
"puma_4804615","TX",8.349849501848
"puma_4804616","TX",8.34637013970777
"puma_4804617","TX",8.32138720470669
"puma_4804618","TX",8.31769242471095
"puma_4804619","TX",8.31981425083908
"puma_4804620","TX",8.2346179243683
"puma_4804621","TX",8.20521014738719
"puma_4804622","TX",8.14949937260827
"puma_4804623","TX",8.15944131187928
"puma_4804624","TX",8.04762042984926
"puma_4804625","TX",8.10089059390545
"puma_4804626","TX",8.17247962206373
"puma_4804627","TX",8.12905011046764
"puma_4804628","TX",8.00755659899201
"puma_4804629","TX",8.0207636699215
"puma_4804630","TX",8.0015519248459
"puma_4804631","TX",8.0015519248459
"puma_4804632","TX",8.06519865068506
"puma_4804633","TX",8.0015519248459
"puma_4804634","TX",8.12023010178874
"puma_4804635","TX",8.14002341188776
"puma_4804636","TX",8.21449440039182
"puma_4804637","TX",8.3213069551286
"puma_4804638","TX",8.349849501848
"puma_4804701","TX",8.33622871206212
"puma_4804702","TX",8.17702540758672
"puma_4804801","TX",8.30154998932284
"puma_4804802","TX",8.19928334309273
"puma_4804803","TX",8.28271441149256
"puma_4804901","TX",8.31798230838513
"puma_4804902","TX",8.3199659301718
"puma_4804903","TX",8.1418904754225
"puma_4804904","TX",8.15451627759182
"puma_4804905","TX",8.15492748819346
"puma_4805000","TX",8.1010307041791
"puma_4805100","TX",7.82504002487192
"puma_4805201","TX",7.65782467618071
"puma_4805202","TX",7.6958870038861
"puma_4805203","TX",7.73746442213156
"puma_4805204","TX",7.70830511365026
"puma_4805301","TX",7.76899021134147
"puma_4805302","TX",7.79859139933544
"puma_4805303","TX",7.91294511637137
"puma_4805304","TX",7.71955100217285
"puma_4805305","TX",7.80789109374249
"puma_4805306","TX",8.01330235929301
"puma_4805307","TX",7.71777717224977
"puma_4805308","TX",7.78309969951112
"puma_4805309","TX",7.72905866912044
"puma_4805400","TX",7.86032338458203
"puma_4805500","TX",8.10037174547201
"puma_4805600","TX",8.31552719077913
"puma_4805700","TX",7.88430069201802
"puma_4805800","TX",7.80865464241553
"puma_4805901","TX",8.00841726733882
"puma_4805902","TX",7.98727522988093
"puma_4805903","TX",8.13374655832345
"puma_4805904","TX",7.9879248184265
"puma_4805905","TX",8.09344603986023
"puma_4805906","TX",8.15128985133065
"puma_4805907","TX",8.14348384578245
"puma_4805908","TX",8.16120972155392
"puma_4805909","TX",8.15593042638219
"puma_4805910","TX",8.11265792163927
"puma_4805911","TX",8.07604335472098
"puma_4805912","TX",8.07604335472098
"puma_4805913","TX",8.01324583508098
"puma_4805914","TX",8.04507444655643
"puma_4805915","TX",8.07604335472098
"puma_4805916","TX",7.99889487661228
"puma_4806000","TX",7.49731000330191
"puma_4806100","TX",8.06527302624379
"puma_4806200","TX",8.17691921083977
"puma_4806301","TX",8.59173913021
"puma_4806302","TX",8.58808337463717
"puma_4806400","TX",8.59374584398867
"puma_4806500","TX",8.51585900618262
"puma_4806601","TX",8.64384636247521
"puma_4806602","TX",8.66945705741154
"puma_4806603","TX",8.74921144029562
"puma_4806701","TX",8.94292828941067
"puma_4806702","TX",8.82836558033374
"puma_4806703","TX",8.95565178622223
"puma_4806801","TX",8.86302629687659
"puma_4806802","TX",8.8423189490957
"puma_4806803","TX",8.86933695036703
"puma_4806804","TX",8.81862776460384
"puma_4806805","TX",8.85578357250544
"puma_4806806","TX",8.85058026069589
"puma_4806807","TX",8.83132950455835
"puma_4806900","TX",8.61842488730821
"puma_4903001","UT",3.54958227802173
"puma_4905001","UT",3.16383740452354
"puma_4911001","UT",3.6292126069243
"puma_4911002","UT",3.62221305551782
"puma_4913001","UT",3.39952667358136
"puma_4921001","UT",3.47377225582355
"puma_4935001","UT",3.77459149957016
"puma_4935002","UT",3.81431173330242
"puma_4935003","UT",3.69302997040133
"puma_4935004","UT",3.81837781614659
"puma_4935005","UT",3.70464054472143
"puma_4935006","UT",3.86980408330701
"puma_4935007","UT",3.90544382386924
"puma_4935008","UT",3.68819070741349
"puma_4935009","UT",3.85164343186404
"puma_4949001","UT",3.49875167904339
"puma_4949002","UT",3.71656901357583
"puma_4949003","UT",3.7967425965886
"puma_4949004","UT",3.64491467812393
"puma_4953001","UT",4.7065319001316
"puma_4957001","UT",3.62100685549272
"puma_4957002","UT",3.58302534343794
"puma_5000100","VT",3.253577775084
"puma_5000200","VT",3.06803194353908
"puma_5000300","VT",3.25975417965169
"puma_5000400","VT",3.29475723135527
"puma_5101301","VA",5.12180616078454
"puma_5101302","VA",5.26440768261158
"puma_5104101","VA",5.40286429091292
"puma_5104102","VA",5.35966437174125
"puma_5104103","VA",5.25152346290556
"puma_5110701","VA",4.89266649710985
"puma_5110702","VA",4.84989611190601
"puma_5110703","VA",4.77106820743867
"puma_5151010","VA",4.83305169962668
"puma_5151020","VA",4.77159223606125
"puma_5151040","VA",4.68521786028012
"puma_5151044","VA",5.23993430123592
"puma_5151045","VA",5.12841480440311
"puma_5151080","VA",4.83285312887379
"puma_5151084","VA",4.75340811700572
"puma_5151085","VA",4.73625272034051
"puma_5151087","VA",4.93505638610016
"puma_5151089","VA",5.0617755179017
"puma_5151090","VA",5.12489042462104
"puma_5151095","VA",5.09146899368308
"puma_5151096","VA",5.00507142086193
"puma_5151097","VA",5.18153195476498
"puma_5151105","VA",5.25427614092722
"puma_5151110","VA",4.62681721845579
"puma_5151115","VA",5.09406302341413
"puma_5151120","VA",5.14155691691912
"puma_5151125","VA",5.39896296079362
"puma_5151135","VA",5.49254131520218
"puma_5151145","VA",5.63372220958987
"puma_5151154","VA",5.7297416739244
"puma_5151155","VA",5.74950530084492
"puma_5151164","VA",5.64431891379446
"puma_5151165","VA",5.67381685872125
"puma_5151167","VA",5.65729365089423
"puma_5151175","VA",5.73116922804584
"puma_5151186","VA",5.73385234376456
"puma_5151206","VA",5.53840244788003
"puma_5151215","VA",5.30086121246691
"puma_5151224","VA",5.40005194489495
"puma_5151225","VA",5.30545472373851
"puma_5151235","VA",5.42721043496748
"puma_5151244","VA",5.00519064920688
"puma_5151245","VA",4.99728737122114
"puma_5151246","VA",5.16380285106989
"puma_5151255","VA",5.29561359524683
"puma_5155001","VA",5.70439351312828
"puma_5155002","VA",5.67684086546915
"puma_5159301","VA",5.04955820014344
"puma_5159302","VA",5.22334525022616
"puma_5159303","VA",4.88481537531085
"puma_5159304","VA",4.97904884352729
"puma_5159305","VA",4.88481537531085
"puma_5159306","VA",5.06269453750089
"puma_5159307","VA",4.9397056960247
"puma_5159308","VA",5.00054822533777
"puma_5159309","VA",4.94877421081968
"puma_5310100","WA",6.2996220669253
"puma_5310200","WA",6.32115389378144
"puma_5310300","WA",5.89937979213783
"puma_5310400","WA",5.44909608735593
"puma_5310501","WA",5.64881272164018
"puma_5310502","WA",5.66296190167707
"puma_5310503","WA",5.69695700918196
"puma_5310504","WA",5.36884950315662
"puma_5310600","WA",5.77274803080246
"puma_5310701","WA",6.43653899982978
"puma_5310702","WA",6.52763008198017
"puma_5310703","WA",6.31698222285938
"puma_5310800","WA",5.85086637346449
"puma_5310901","WA",5.98286826497108
"puma_5310902","WA",6.11848520804247
"puma_5311000","WA",6.23865799907334
"puma_5311101","WA",6.7914293464337
"puma_5311102","WA",6.47310596010818
"puma_5311103","WA",6.68992479317819
"puma_5311104","WA",6.35184305956559
"puma_5311200","WA",6.45376473803161
"puma_5311300","WA",6.3056668156594
"puma_5311401","WA",6.18141039930543
"puma_5311402","WA",6.25559613574493
"puma_5311501","WA",6.75874857806527
"puma_5311502","WA",6.50878521428867
"puma_5311503","WA",6.55558385598458
"puma_5311504","WA",6.70084877198018
"puma_5311505","WA",6.45750012513817
"puma_5311506","WA",6.31127813333055
"puma_5311507","WA",6.19183243118306
"puma_5311601","WA",6.7967507695336
"puma_5311602","WA",6.73533723961172
"puma_5311603","WA",6.7967507695336
"puma_5311604","WA",6.74736742045348
"puma_5311605","WA",6.67861135777442
"puma_5311606","WA",6.6714658232072
"puma_5311607","WA",6.65837134881742
"puma_5311608","WA",6.67584049606411
"puma_5311609","WA",6.55381264131242
"puma_5311610","WA",6.69201819499376
"puma_5311611","WA",6.62511683242602
"puma_5311612","WA",6.71005392185779
"puma_5311613","WA",6.69321437592102
"puma_5311614","WA",6.635121762786
"puma_5311615","WA",6.26201864277105
"puma_5311616","WA",6.31345822071733
"puma_5311701","WA",6.41373089075037
"puma_5311702","WA",6.34756493505466
"puma_5311703","WA",6.41143570110566
"puma_5311704","WA",6.43408315156244
"puma_5311705","WA",6.37066552146002
"puma_5311706","WA",6.42853922973565
"puma_5311801","WA",6.45299217484457
"puma_5311802","WA",6.45421559637728
"puma_5311900","WA",6.1199649563879
"puma_5400100","WV",4.26885530977369
"puma_5400200","WV",4.32737289514034
"puma_5400300","WV",4.23912991918603
"puma_5400400","WV",4.34929346410434
"puma_5400500","WV",4.19159683187886
"puma_5400600","WV",4.36873767688815
"puma_5400700","WV",4.47786256477267
"puma_5400800","WV",4.56013893508602
"puma_5400900","WV",4.61174410876012
"puma_5401000","WV",4.58312736389156
"puma_5401100","WV",4.22207392317394
"puma_5401200","WV",4.32219240856842
"puma_5401300","WV",4.59115182842423
"puma_5500100","WI",2.49141744640587
"puma_5500101","WI",2.83918974867343
"puma_5500102","WI",2.80838322699875
"puma_5500103","WI",2.85288910003421
"puma_5500200","WI",2.72324219205554
"puma_5500300","WI",2.71370167636198
"puma_5500600","WI",2.45898573829799
"puma_5500700","WI",2.71489548086723
"puma_5500800","WI",2.83539554782589
"puma_5500900","WI",2.78681390473289
"puma_5501000","WI",2.80874007627167
"puma_5501001","WI",2.82201463414183
"puma_5501300","WI",2.63519103567493
"puma_5501301","WI",2.72827242269112
"puma_5501400","WI",2.68183472531333
"puma_5501401","WI",2.76098256162361
"puma_5501500","WI",2.74628555586372
"puma_5501501","WI",2.7825411386004
"puma_5501600","WI",2.61234167146288
"puma_5501601","WI",2.6807545811056
"puma_5502400","WI",2.89697632226341
"puma_5502500","WI",2.82798246897286
"puma_5510000","WI",2.93958876021608
"puma_5520000","WI",2.79409169406842
"puma_5530000","WI",2.90371500023305
"puma_5540101","WI",2.95471067121249
"puma_5540301","WI",2.90530944819471
"puma_5540701","WI",2.93752104293459
"puma_5541001","WI",2.95616881773849
"puma_5541002","WI",2.96975805602452
"puma_5541003","WI",2.98398085798483
"puma_5541004","WI",2.9652748420663
"puma_5541005","WI",2.94994386541951
"puma_5550000","WI",2.94495391601134
"puma_5555101","WI",2.57560697871408
"puma_5555102","WI",2.69737325060297
"puma_5555103","WI",2.66933556758022
"puma_5570101","WI",2.82034238295444
"puma_5570201","WI",2.85608171053892
"puma_5570301","WI",2.81902305489638
"puma_5600100","WY",3.64983111283451
"puma_5600200","WY",4.00514648083668
"puma_5600300","WY",3.9084841938479
"puma_5600400","WY",3.98795013693701
"puma_5600500","WY",3.75084530668704
